system:index,DEM,VH,VV,VV_VH_diff,azimuth,center_lat,center_lon,crater_name,date_end,date_start,dem_scale_m,dem_source,distance_m,floor_elevation_m,hillshade,rim_elevation_m,rim_radius_m,slope,.geo
0,480.0,-30.609132766723633,-24.46815299987793,6.140980243682861,0,19.976683055397494,76.50842106901827,"Lonar, Индия",2025-12-31,2023-01-01,10,Copernicus GLO-30 (~30 м),0,480,180,576.375,892.5,0.0,"{""type"":""Point"",""coordinates"":[76.50842106901827,19.976683055397498]}"
1,480.0,-30.755891799926758,-25.196247100830078,5.559646129608154,0,19.976683055397494,76.50842106901827,"Lonar, Индия",2025-12-31,2023-01-01,10,Copernicus GLO-30 (~30 м),30,480,180,576.375,892.5,0.0,"{""type"":""Point"",""coordinates"":[76.50842106901827,19.97695445036764]}"
2,480.0,-29.16131019592285,-26.2051944732666,2.9561169147491455,0,19.976683055397494,76.50842106901827,"Lonar, Индия",2025-12-31,2023-01-01,10,Copernicus GLO-30 (~30 м),60,480,180,576.375,892.5,0.0,"{""type"":""Point"",""coordinates"":[76.50842106901827,19.97722584533779]}"
3,480.0,-30.10440444946289,-25.58205223083496,4.522350311279297,0,19.976683055397494,76.50842106901827,"Lonar, Индия",2025-12-31,2023-01-01,10,Copernicus GLO-30 (~30 м),90,480,180,576.375,892.5,0.0,"{""type"":""Point"",""coordinates"":[76.50842106901827,19.977497240307933]}"
4,480.0,-29.553447723388672,-24.890384674072266,4.663063049316406,0,19.976683055397494,76.50842106901827,"Lonar, Индия",2025-12-31,2023-01-01,10,Copernicus GLO-30 (~30 м),120,480,180,576.375,892.5,0.0,"{""type"":""Point"",""coordinates"":[76.50842106901827,19.977768635278082]}"
5,480.0,-28.657487869262695,-25.05935287475586,3.598134994506836,0,19.976683055397494,76.50842106901827,"Lonar, Индия",2025-12-31,2023-01-01,10,Copernicus GLO-30 (~30 м),150,480,180,576.375,892.5,0.0,"{""type"":""Point"",""coordinates"":[76.50842106901827,19.97804003024823]}"
6,480.0,-29.032100677490234,-25.881629943847656,3.150470018386841,0,19.976683055397494,76.50842106901827,"Lonar, Индия",2025-12-31,2023-01-01,10,Copernicus GLO-30 (~30 м),180,480,180,576.375,892.5,0.0,"{""type"":""Point"",""coordinates"":[76.50842106901827,19.97831142521837]}"
7,480.0,-29.18515968322754,-25.382461547851562,3.802696943283081,0,19.976683055397494,76.50842106901827,"Lonar, Индия",2025-12-31,2023-01-01,10,Copernicus GLO-30 (~30 м),210,480,180,576.375,892.5,0.0,"{""type"":""Point"",""coordinates"":[76.50842106901827,19.97858282018852]}"
8,480.0,-30.639455795288086,-25.28700828552246,5.352446556091309,0,19.976683055397494,76.50842106901827,"Lonar, Индия",2025-12-31,2023-01-01,10,Copernicus GLO-30 (~30 м),240,480,180,576.375,892.5,0.0,"{""type"":""Point"",""coordinates"":[76.50842106901827,19.978854215158666]}"
9,480.0,-29.107421875,-24.935598373413086,4.171823978424072,0,19.976683055397494,76.50842106901827,"Lonar, Индия",2025-12-31,2023-01-01,10,Copernicus GLO-30 (~30 м),270,480,180,576.375,892.5,0.0,"{""type"":""Point"",""coordinates"":[76.50842106901827,19.97912561012881]}"
10,480.0,-30.394311904907227,-24.9456844329834,5.4486284255981445,0,19.976683055397494,76.50842106901827,"Lonar, Индия",2025-12-31,2023-01-01,10,Copernicus GLO-30 (~30 м),300,480,180,576.375,892.5,0.0,"{""type"":""Point"",""coordinates"":[76.50842106901827,19.979397005098956]}"
11,480.0,-28.8930721282959,-24.57483673095703,4.318236351013184,0,19.976683055397494,76.50842106901827,"Lonar, Индия",2025-12-31,2023-01-01,10,Copernicus GLO-30 (~30 м),330,480,180,576.375,892.5,0.0,"{""type"":""Point"",""coordinates"":[76.50842106901827,19.9796684000691]}"
12,480.0,-30.562923431396484,-25.172317504882812,5.390605926513672,0,19.976683055397494,76.50842106901827,"Lonar, Индия",2025-12-31,2023-01-01,10,Copernicus GLO-30 (~30 м),360,480,180,576.375,892.5,0.0,"{""type"":""Point"",""coordinates"":[76.50842106901827,19.979939795039254]}"
13,480.0,-28.801807403564453,-24.495237350463867,4.3065690994262695,0,19.976683055397494,76.50842106901827,"Lonar, Индия",2025-12-31,2023-01-01,10,Copernicus GLO-30 (~30 м),390,480,180,576.375,892.5,0.0,"{""type"":""Point"",""coordinates"":[76.50842106901827,19.9802111900094]}"
14,480.0,-29.658723831176758,-24.87928009033203,4.779443740844727,0,19.976683055397494,76.50842106901827,"Lonar, Индия",2025-12-31,2023-01-01,10,Copernicus GLO-30 (~30 м),420,480,180,576.375,892.5,0.0,"{""type"":""Point"",""coordinates"":[76.50842106901827,19.980482584979544]}"
15,480.0,-30.49675941467285,-24.6970272064209,5.799733638763428,0,19.976683055397494,76.50842106901827,"Lonar, Индия",2025-12-31,2023-01-01,10,Copernicus GLO-30 (~30 м),450,480,180,576.375,892.5,0.0,"{""type"":""Point"",""coordinates"":[76.50842106901827,19.980753979949693]}"
16,480.0,-29.36919593811035,-24.418264389038086,4.950931072235107,0,19.976683055397494,76.50842106901827,"Lonar, Индия",2025-12-31,2023-01-01,10,Copernicus GLO-30 (~30 м),480,480,180,576.375,892.5,0.0,"{""type"":""Point"",""coordinates"":[76.50842106901827,19.981025374919838]}"
17,480.0,-28.528884887695312,-24.152162551879883,4.376720905303955,0,19.976683055397494,76.50842106901827,"Lonar, Индия",2025-12-31,2023-01-01,10,Copernicus GLO-30 (~30 м),510,480,180,576.375,892.5,0.0,"{""type"":""Point"",""coordinates"":[76.50842106901827,19.981296769889983]}"
18,480.0,-29.550439834594727,-24.18292236328125,5.36751651763916,0,19.976683055397494,76.50842106901827,"Lonar, Индия",2025-12-31,2023-01-01,10,Copernicus GLO-30 (~30 м),540,480,180,576.375,892.5,0.0,"{""type"":""Point"",""coordinates"":[76.50842106901827,19.981568164860132]}"
19,480.0,-28.6380672454834,-23.058338165283203,5.5797295570373535,0,19.976683055397494,76.50842106901827,"Lonar, Индия",2025-12-31,2023-01-01,10,Copernicus GLO-30 (~30 м),570,480,180,576.375,892.5,0.0,"{""type"":""Point"",""coordinates"":[76.50842106901827,19.98183955983028]}"
20,483.0,-20.66124153137207,-13.728513717651367,6.932726860046387,0,19.976683055397494,76.50842106901827,"Lonar, Индия",2025-12-31,2023-01-01,10,Copernicus GLO-30 (~30 м),600,480,171,576.375,892.5,9.560621616325504,"{""type"":""Point"",""coordinates"":[76.50842106901827,19.982110954800426]}"
21,485.0,-18.761381149291992,-12.393878936767578,6.367501258850098,0,19.976683055397494,76.50842106901827,"Lonar, Индия",2025-12-31,2023-01-01,10,Copernicus GLO-30 (~30 м),630,480,161,576.375,892.5,8.567131174159137,"{""type"":""Point"",""coordinates"":[76.50842106901827,19.982382349770575]}"
22,488.0,-13.828359603881836,-8.337577819824219,5.490781784057617,0,19.976683055397494,76.50842106901827,"Lonar, Индия",2025-12-31,2023-01-01,10,Copernicus GLO-30 (~30 м),660,480,190,576.375,892.5,9.560651782964843,"{""type"":""Point"",""coordinates"":[76.50842106901827,19.98265374474072]}"
23,488.0,-13.136372566223145,-7.337229251861572,5.799143314361572,0,19.976683055397494,76.50842106901827,"Lonar, Индия",2025-12-31,2023-01-01,10,Copernicus GLO-30 (~30 м),690,480,189,576.375,892.5,20.637568945655715,"{""type"":""Point"",""coordinates"":[76.50842106901827,19.982925139710865]}"
24,506.0,-13.653002738952637,-7.099588871002197,6.5534138679504395,0,19.976683055397494,76.50842106901827,"Lonar, Индия",2025-12-31,2023-01-01,10,Copernicus GLO-30 (~30 м),720,480,189,576.375,892.5,30.468574365938398,"{""type"":""Point"",""coordinates"":[76.50842106901827,19.98319653468101]}"
25,519.0,-13.78809642791748,-7.152373790740967,6.635722637176514,0,19.976683055397494,76.50842106901827,"Lonar, Индия",2025-12-31,2023-01-01,10,Copernicus GLO-30 (~30 м),750,480,188,576.375,892.5,34.77853333403483,"{""type"":""Point"",""coordinates"":[76.50842106901827,19.983467929651155]}"
26,519.0,-13.161900520324707,-7.462585926055908,5.699315071105957,0,19.976683055397494,76.50842106901827,"Lonar, Индия",2025-12-31,2023-01-01,10,Copernicus GLO-30 (~30 м),780,480,188,576.375,892.5,34.77857648424245,"{""type"":""Point"",""coordinates"":[76.50842106901827,19.9837393246213]}"
27,532.0,-13.346968650817871,-6.789244651794434,6.5577239990234375,0,19.976683055397494,76.50842106901827,"Lonar, Индия",2025-12-31,2023-01-01,10,Copernicus GLO-30 (~30 м),810,480,195,576.375,892.5,42.35593306528415,"{""type"":""Point"",""coordinates"":[76.50842106901827,19.984010719591453]}"
28,549.0,-13.944600105285645,-7.403569221496582,6.5410308837890625,0,19.976683055397494,76.50842106901827,"Lonar, Индия",2025-12-31,2023-01-01,10,Copernicus GLO-30 (~30 м),840,480,202,576.375,892.5,40.92726900014969,"{""type"":""Point"",""coordinates"":[76.50842106901827,19.984282114561598]}"
29,580.0,-13.778118133544922,-7.876728057861328,5.901390075683594,0,19.976683055397494,76.50842106901827,"Lonar, Индия",2025-12-31,2023-01-01,10,Copernicus GLO-30 (~30 м),870,480,203,576.375,892.5,39.1721359837083,"{""type"":""Point"",""coordinates"":[76.50842106901827,19.984553509531747]}"
30,580.0,-16.27297592163086,-9.168846130371094,7.104130268096924,0,19.976683055397494,76.50842106901827,"Lonar, Индия",2025-12-31,2023-01-01,10,Copernicus GLO-30 (~30 м),900,480,206,576.375,892.5,26.80747436495876,"{""type"":""Point"",""coordinates"":[76.50842106901827,19.98482490450189]}"
31,589.0,-18.446359634399414,-12.71330451965332,5.73305606842041,0,19.976683055397494,76.50842106901827,"Lonar, Индия",2025-12-31,2023-01-01,10,Copernicus GLO-30 (~30 м),930,480,190,576.375,892.5,12.386135475672056,"{""type"":""Point"",""coordinates"":[76.50842106901827,19.985096299472037]}"
32,593.0,-16.060718536376953,-10.49561882019043,5.565099239349365,0,19.976683055397494,76.50842106901827,"Lonar, Индия",2025-12-31,2023-01-01,10,Copernicus GLO-30 (~30 м),960,480,190,576.375,892.5,6.791976654334707,"{""type"":""Point"",""coordinates"":[76.50842106901827,19.985367694442182]}"
33,595.0,-17.870195388793945,-11.140002250671387,6.730193138122559,0,19.976683055397494,76.50842106901827,"Lonar, Индия",2025-12-31,2023-01-01,10,Copernicus GLO-30 (~30 м),990,480,190,576.375,892.5,3.048896344302069,"{""type"":""Point"",""coordinates"":[76.50842106901827,19.98563908941233]}"
34,597.0,-17.75450897216797,-10.041820526123047,7.7126874923706055,0,19.976683055397494,76.50842106901827,"Lonar, Индия",2025-12-31,2023-01-01,10,Copernicus GLO-30 (~30 м),1020,480,171,576.375,892.5,4.307739122901228,"{""type"":""Point"",""coordinates"":[76.50842106901827,19.98591048438248]}"
35,596.0,-17.845792770385742,-10.435036659240723,7.410757064819336,0,19.976683055397494,76.50842106901827,"Lonar, Индия",2025-12-31,2023-01-01,10,Copernicus GLO-30 (~30 м),1050,480,171,576.375,892.5,6.792012710603838,"{""type"":""Point"",""coordinates"":[76.50842106901827,19.98618187935262]}"
36,594.0,-17.78955078125,-10.08631706237793,7.70323371887207,0,19.976683055397494,76.50842106901827,"Lonar, Индия",2025-12-31,2023-01-01,10,Copernicus GLO-30 (~30 м),1080,480,180,576.375,892.5,0.0,"{""type"":""Point"",""coordinates"":[76.50842106901827,19.986453274322766]}"
37,593.0,-17.938161849975586,-10.285453796386719,7.652707576751709,0,19.976683055397494,76.50842106901827,"Lonar, Индия",2025-12-31,2023-01-01,10,Copernicus GLO-30 (~30 м),1110,480,180,576.375,892.5,0.0,"{""type"":""Point"",""coordinates"":[76.50842106901827,19.986724669292915]}"
38,592.0,-18.362958908081055,-10.030022621154785,8.332935333251953,0,19.976683055397494,76.50842106901827,"Lonar, Индия",2025-12-31,2023-01-01,10,Copernicus GLO-30 (~30 м),1140,480,171,576.375,892.5,4.307769020143086,"{""type"":""Point"",""coordinates"":[76.50842106901827,19.986996064263067]}"
39,591.0,-18.465848922729492,-10.544387817382812,7.921461582183838,0,19.976683055397494,76.50842106901827,"Lonar, Индия",2025-12-31,2023-01-01,10,Copernicus GLO-30 (~30 м),1170,480,171,576.375,892.5,3.048928960266184,"{""type"":""Point"",""coordinates"":[76.50842106901827,19.98726745923321]}"
40,591.0,-19.097688674926758,-9.265533447265625,9.83215618133545,0,19.976683055397494,76.50842106901827,"Lonar, Индия",2025-12-31,2023-01-01,10,Copernicus GLO-30 (~30 м),1200,480,161,576.375,892.5,6.080697377475234,"{""type"":""Point"",""coordinates"":[76.50842106901827,19.987538854203358]}"
41,591.0,-16.54440689086914,-10.266550064086914,6.277856349945068,0,19.976683055397494,76.50842106901827,"Lonar, Индия",2025-12-31,2023-01-01,10,Copernicus GLO-30 (~30 м),1230,480,161,576.375,892.5,6.080707080563132,"{""type"":""Point"",""coordinates"":[76.50842106901827,19.987810249173506]}"
42,589.0,-16.72119903564453,-10.171624183654785,6.54957389831543,0,19.976683055397494,76.50842106901827,"Lonar, Индия",2025-12-31,2023-01-01,10,Copernicus GLO-30 (~30 м),1260,480,171,576.375,892.5,3.0489436384256137,"{""type"":""Point"",""coordinates"":[76.50842106901827,19.988081644143644]}"
43,588.0,-17.30474090576172,-11.709932327270508,5.594808578491211,0,19.976683055397494,76.50842106901827,"Lonar, Индия",2025-12-31,2023-01-01,10,Copernicus GLO-30 (~30 м),1290,480,180,576.375,892.5,0.0,"{""type"":""Point"",""coordinates"":[76.50842106901827,19.988353039113797]}"
44,588.0,-17.700397491455078,-11.082535743713379,6.617861270904541,0,19.976683055397494,76.50842106901827,"Lonar, Индия",2025-12-31,2023-01-01,10,Copernicus GLO-30 (~30 м),1320,480,190,576.375,892.5,3.048955055190478,"{""type"":""Point"",""coordinates"":[76.50842106901827,19.988624434083942]}"
45,587.0,-18.822179794311523,-11.220810890197754,7.601369380950928,0,19.976683055397494,76.50842106901827,"Lonar, Индия",2025-12-31,2023-01-01,10,Copernicus GLO-30 (~30 м),1350,480,180,576.375,892.5,0.0,"{""type"":""Point"",""coordinates"":[76.50842106901827,19.98889582905409]}"
46,585.0,-17.714445114135742,-10.878072738647461,6.836371421813965,0,19.976683055397494,76.50842106901827,"Lonar, Индия",2025-12-31,2023-01-01,10,Copernicus GLO-30 (~30 м),1380,480,180,576.375,892.5,0.0,"{""type"":""Point"",""coordinates"":[76.50842106901827,19.98916722402424]}"
47,584.0,-18.768260955810547,-10.096735954284668,8.671525001525879,0,19.976683055397494,76.50842106901827,"Lonar, Индия",2025-12-31,2023-01-01,10,Copernicus GLO-30 (~30 м),1410,480,190,576.375,892.5,3.048969734426416,"{""type"":""Point"",""coordinates"":[76.50842106901827,19.98943861899438]}"
48,582.0,-18.110198974609375,-9.421743392944336,8.688454627990723,0,19.976683055397494,76.50842106901827,"Lonar, Индия",2025-12-31,2023-01-01,10,Copernicus GLO-30 (~30 м),1440,480,190,576.375,892.5,3.048976258725648,"{""type"":""Point"",""coordinates"":[76.50842106901827,19.98971001396453]}"
49,581.0,-15.46226978302002,-8.284608840942383,7.1776604652404785,0,19.976683055397494,76.50842106901827,"Lonar, Индия",2025-12-31,2023-01-01,10,Copernicus GLO-30 (~30 м),1470,480,171,576.375,892.5,3.048981152028569,"{""type"":""Point"",""coordinates"":[76.50842106901827,19.98998140893468]}"
50,581.0,-14.17483139038086,-8.719282150268555,5.455549716949463,0,19.976683055397494,76.50842106901827,"Lonar, Индия",2025-12-31,2023-01-01,10,Copernicus GLO-30 (~30 м),1500,480,171,576.375,892.5,3.048986045398772,"{""type"":""Point"",""coordinates"":[76.50842106901827,19.990252803904827]}"
51,480.0,-30.609132766723633,-24.46815299987793,6.140980243682861,45,19.976683055397494,76.50842106901827,"Lonar, Индия",2025-12-31,2023-01-01,10,Copernicus GLO-30 (~30 м),0,480,180,576.375,892.5,0.0,"{""type"":""Point"",""coordinates"":[76.50842106901827,19.976683055397498]}"
52,480.0,-31.45462417602539,-25.299970626831055,6.154653072357178,45,19.976683055397494,76.50842106901827,"Lonar, Индия",2025-12-31,2023-01-01,10,Copernicus GLO-30 (~30 м),30,480,180,576.375,892.5,0.0,"{""type"":""Point"",""coordinates"":[76.5086238293325,19.976874960621263]}"
53,480.0,-30.034456253051758,-25.34290885925293,4.691547870635986,45,19.976683055397494,76.50842106901827,"Lonar, Индия",2025-12-31,2023-01-01,10,Copernicus GLO-30 (~30 м),60,480,180,576.375,892.5,0.0,"{""type"":""Point"",""coordinates"":[76.50882658964676,19.977066865845035]}"
54,480.0,-31.874774932861328,-24.76743507385254,7.107339859008789,45,19.976683055397494,76.50842106901827,"Lonar, Индия",2025-12-31,2023-01-01,10,Copernicus GLO-30 (~30 м),90,480,180,576.375,892.5,0.0,"{""type"":""Point"",""coordinates"":[76.509029349961,19.977258771068804]}"
55,480.0,-30.557222366333008,-25.330127716064453,5.227095127105713,45,19.976683055397494,76.50842106901827,"Lonar, Индия",2025-12-31,2023-01-01,10,Copernicus GLO-30 (~30 м),120,480,180,576.375,892.5,0.0,"{""type"":""Point"",""coordinates"":[76.50923211027524,19.977450676292577]}"
56,480.0,-31.208696365356445,-25.951919555664062,5.256776332855225,45,19.976683055397494,76.50842106901827,"Lonar, Индия",2025-12-31,2023-01-01,10,Copernicus GLO-30 (~30 м),150,480,180,576.375,892.5,0.0,"{""type"":""Point"",""coordinates"":[76.50943487058949,19.977642581516346]}"
57,480.0,-28.643041610717773,-24.896018981933594,3.747023105621338,45,19.976683055397494,76.50842106901827,"Lonar, Индия",2025-12-31,2023-01-01,10,Copernicus GLO-30 (~30 м),180,480,180,576.375,892.5,0.0,"{""type"":""Point"",""coordinates"":[76.50963763090373,19.977834486740118]}"
58,480.0,-29.8354549407959,-24.889225006103516,4.946230888366699,45,19.976683055397494,76.50842106901827,"Lonar, Индия",2025-12-31,2023-01-01,10,Copernicus GLO-30 (~30 м),210,480,180,576.375,892.5,0.0,"{""type"":""Point"",""coordinates"":[76.50984039121798,19.978026391963887]}"
59,480.0,-29.928966522216797,-24.194910049438477,5.734055519104004,45,19.976683055397494,76.50842106901827,"Lonar, Индия",2025-12-31,2023-01-01,10,Copernicus GLO-30 (~30 м),240,480,180,576.375,892.5,0.0,"{""type"":""Point"",""coordinates"":[76.51004315153222,19.97821829718766]}"
60,480.0,-29.643096923828125,-24.83309555053711,4.810001373291016,45,19.976683055397494,76.50842106901827,"Lonar, Индия",2025-12-31,2023-01-01,10,Copernicus GLO-30 (~30 м),270,480,180,576.375,892.5,0.0,"{""type"":""Point"",""coordinates"":[76.51024591184645,19.978410202411432]}"
61,480.0,-30.55173110961914,-24.924659729003906,5.627071857452393,45,19.976683055397494,76.50842106901827,"Lonar, Индия",2025-12-31,2023-01-01,10,Copernicus GLO-30 (~30 м),300,480,180,576.375,892.5,0.0,"{""type"":""Point"",""coordinates"":[76.5104486721607,19.9786021076352]}"
62,480.0,-28.751201629638672,-23.84258460998535,4.9086174964904785,45,19.976683055397494,76.50842106901827,"Lonar, Индия",2025-12-31,2023-01-01,10,Copernicus GLO-30 (~30 м),330,480,180,576.375,892.5,0.0,"{""type"":""Point"",""coordinates"":[76.51065143247494,19.97879401285897]}"
63,480.0,-24.36026382446289,-18.3288631439209,6.031400203704834,45,19.976683055397494,76.50842106901827,"Lonar, Индия",2025-12-31,2023-01-01,10,Copernicus GLO-30 (~30 м),360,480,180,576.375,892.5,0.0,"{""type"":""Point"",""coordinates"":[76.51085419278918,19.978985918082746]}"
64,481.0,-20.052824020385742,-13.925030708312988,6.127792835235596,45,19.976683055397494,76.50842106901827,"Lonar, Индия",2025-12-31,2023-01-01,10,Copernicus GLO-30 (~30 м),390,480,180,576.375,892.5,0.0,"{""type"":""Point"",""coordinates"":[76.51105695310343,19.97917782330651]}"
65,480.0,-19.154706954956055,-13.313749313354492,5.840958595275879,45,19.976683055397494,76.50842106901827,"Lonar, Индия",2025-12-31,2023-01-01,10,Copernicus GLO-30 (~30 м),420,480,171,576.375,892.5,4.307559776308694,"{""type"":""Point"",""coordinates"":[76.51125971341767,19.979369728530283]}"
66,480.0,-19.364229202270508,-11.92529010772705,7.438938140869141,45,19.976683055397494,76.50842106901827,"Lonar, Индия",2025-12-31,2023-01-01,10,Copernicus GLO-30 (~30 м),450,480,180,576.375,892.5,0.0,"{""type"":""Point"",""coordinates"":[76.51146247373194,19.979561633754056]}"
67,481.0,-18.0882511138916,-10.87964153289795,7.208608627319336,45,19.976683055397494,76.50842106901827,"Lonar, Индия",2025-12-31,2023-01-01,10,Copernicus GLO-30 (~30 м),480,480,180,576.375,892.5,0.0,"{""type"":""Point"",""coordinates"":[76.51166523404616,19.97975353897782]}"
68,483.0,-17.240737915039062,-10.208528518676758,7.032209396362305,45,19.976683055397494,76.50842106901827,"Lonar, Индия",2025-12-31,2023-01-01,10,Copernicus GLO-30 (~30 м),510,480,190,576.375,892.5,4.307575868884784,"{""type"":""Point"",""coordinates"":[76.5118679943604,19.979945444201597]}"
69,483.0,-13.496261596679688,-8.163323402404785,5.332938194274902,45,19.976683055397494,76.50842106901827,"Lonar, Индия",2025-12-31,2023-01-01,10,Copernicus GLO-30 (~30 м),540,480,190,576.375,892.5,4.307580466314971,"{""type"":""Point"",""coordinates"":[76.51207075467465,19.980137349425366]}"
70,485.0,-14.153728485107422,-8.59074592590332,5.562982559204102,45,19.976683055397494,76.50842106901827,"Lonar, Индия",2025-12-31,2023-01-01,10,Copernicus GLO-30 (~30 м),570,480,180,576.375,892.5,0.0,"{""type"":""Point"",""coordinates"":[76.51227351498889,19.98032925464913]}"
71,485.0,-13.775424003601074,-8.201436042785645,5.57398796081543,45,19.976683055397494,76.50842106901827,"Lonar, Индия",2025-12-31,2023-01-01,10,Copernicus GLO-30 (~30 м),600,480,180,576.375,892.5,0.0,"{""type"":""Point"",""coordinates"":[76.51247627530313,19.980521159872907]}"
72,487.0,-13.289021492004395,-7.439516067504883,5.84950590133667,45,19.976683055397494,76.50842106901827,"Lonar, Индия",2025-12-31,2023-01-01,10,Copernicus GLO-30 (~30 м),630,480,190,576.375,892.5,4.307596559921252,"{""type"":""Point"",""coordinates"":[76.51267903561738,19.980713065096673]}"
73,487.0,-15.044672012329102,-8.910523414611816,6.134149551391602,45,19.976683055397494,76.50842106901827,"Lonar, Индия",2025-12-31,2023-01-01,10,Copernicus GLO-30 (~30 м),660,480,190,576.375,892.5,3.0488050352698854,"{""type"":""Point"",""coordinates"":[76.51288179593162,19.980904970320445]}"
74,490.0,-13.908376693725586,-7.573342323303223,6.335034370422363,45,19.976683055397494,76.50842106901827,"Lonar, Индия",2025-12-31,2023-01-01,10,Copernicus GLO-30 (~30 м),690,480,180,576.375,892.5,0.0,"{""type"":""Point"",""coordinates"":[76.51308455624587,19.98109687554421]}"
75,492.0,-14.02405834197998,-7.4675421714782715,6.556516170501709,45,19.976683055397494,76.50842106901827,"Lonar, Индия",2025-12-31,2023-01-01,10,Copernicus GLO-30 (~30 м),720,480,180,576.375,892.5,6.080458076546084,"{""type"":""Point"",""coordinates"":[76.51328731656011,19.981288780767986]}"
76,497.0,-15.157195091247559,-9.10093879699707,6.056256294250488,45,19.976683055397494,76.50842106901827,"Lonar, Индия",2025-12-31,2023-01-01,10,Copernicus GLO-30 (~30 м),750,480,226,576.375,892.5,16.004243442766885,"{""type"":""Point"",""coordinates"":[76.51349007687435,19.981480685991762]}"
77,499.0,-15.708285331726074,-10.086577415466309,5.621707439422607,45,19.976683055397494,76.50842106901827,"Lonar, Индия",2025-12-31,2023-01-01,10,Copernicus GLO-30 (~30 м),780,480,251,576.375,892.5,23.078746279376396,"{""type"":""Point"",""coordinates"":[76.5136928371886,19.98167259121553]}"
78,512.0,-16.233768463134766,-9.666524887084961,6.567243576049805,45,19.976683055397494,76.50842106901827,"Lonar, Индия",2025-12-31,2023-01-01,10,Copernicus GLO-30 (~30 м),810,480,180,576.375,892.5,14.912419139311634,"{""type"":""Point"",""coordinates"":[76.51389559750284,19.9818644964393]}"
79,521.0,-16.93033218383789,-10.404301643371582,6.52603006362915,45,19.976683055397494,76.50842106901827,"Lonar, Индия",2025-12-31,2023-01-01,10,Copernicus GLO-30 (~30 м),840,480,180,576.375,892.5,20.447294095068305,"{""type"":""Point"",""coordinates"":[76.51409835781708,19.98205640166307]}"
80,540.0,-17.717540740966797,-11.591876983642578,6.125663757324219,45,19.976683055397494,76.50842106901827,"Lonar, Индия",2025-12-31,2023-01-01,10,Copernicus GLO-30 (~30 м),870,480,255,576.375,892.5,32.58464200092565,"{""type"":""Point"",""coordinates"":[76.51430111813133,19.98224830688684]}"
81,551.0,-18.095638275146484,-12.200836181640625,5.894801616668701,45,19.976683055397494,76.50842106901827,"Lonar, Индия",2025-12-31,2023-01-01,10,Copernicus GLO-30 (~30 м),900,480,255,576.375,892.5,38.622673189183296,"{""type"":""Point"",""coordinates"":[76.51450387844557,19.98244021211061]}"
82,575.0,-20.19485092163086,-13.990726470947266,6.204123497009277,45,19.976683055397494,76.50842106901827,"Lonar, Индия",2025-12-31,2023-01-01,10,Copernicus GLO-30 (~30 м),930,480,180,576.375,892.5,25.61133936658649,"{""type"":""Point"",""coordinates"":[76.51470663875982,19.982632117334383]}"
83,583.0,-19.53258514404297,-13.398117065429688,6.134469032287598,45,19.976683055397494,76.50842106901827,"Lonar, Индия",2025-12-31,2023-01-01,10,Copernicus GLO-30 (~30 м),960,480,251,576.375,892.5,23.078901262284568,"{""type"":""Point"",""coordinates"":[76.51490939907406,19.98282402255815]}"
84,585.0,-18.165037155151367,-12.248246192932129,5.916790962219238,45,19.976683055397494,76.50842106901827,"Lonar, Индия",2025-12-31,2023-01-01,10,Copernicus GLO-30 (~30 м),990,480,218,576.375,892.5,13.398066460120267,"{""type"":""Point"",""coordinates"":[76.5151121593883,19.983015927781917]}"
85,587.0,-18.237173080444336,-12.156611442565918,6.08056116104126,45,19.976683055397494,76.50842106901827,"Lonar, Индия",2025-12-31,2023-01-01,10,Copernicus GLO-30 (~30 м),1020,480,180,576.375,892.5,6.080532444823204,"{""type"":""Point"",""coordinates"":[76.51531491970255,19.983207833005693]}"
86,591.0,-19.303611755371094,-12.796758651733398,6.506852149963379,45,19.976683055397494,76.50842106901827,"Lonar, Индия",2025-12-31,2023-01-01,10,Copernicus GLO-30 (~30 м),1050,480,217,576.375,892.5,16.767555231211464,"{""type"":""Point"",""coordinates"":[76.51551768001679,19.983399738229462]}"
87,588.0,-17.509906768798828,-11.532139778137207,5.977766036987305,45,19.976683055397494,76.50842106901827,"Lonar, Индия",2025-12-31,2023-01-01,10,Copernicus GLO-30 (~30 м),1080,480,190,576.375,892.5,3.0488572088515586,"{""type"":""Point"",""coordinates"":[76.51572044033102,19.983591643453234]}"
88,588.0,-19.323610305786133,-12.845135688781738,6.4784746170043945,45,19.976683055397494,76.50842106901827,"Lonar, Индия",2025-12-31,2023-01-01,10,Copernicus GLO-30 (~30 м),1110,480,190,576.375,892.5,9.56071714893981,"{""type"":""Point"",""coordinates"":[76.51592320064528,19.983783548677003]}"
89,586.0,-16.914447784423828,-10.488088607788086,6.426358699798584,45,19.976683055397494,76.50842106901827,"Lonar, Индия",2025-12-31,2023-01-01,10,Copernicus GLO-30 (~30 м),1140,480,180,576.375,892.5,12.02716145483119,"{""type"":""Point"",""coordinates"":[76.51612596095951,19.983975453900776]}"
90,584.0,-15.397716522216797,-9.367706298828125,6.030009746551514,45,19.976683055397494,76.50842106901827,"Lonar, Индия",2025-12-31,2023-01-01,10,Copernicus GLO-30 (~30 м),1170,480,199,576.375,892.5,6.080568015694856,"{""type"":""Point"",""coordinates"":[76.51632872127377,19.984167359124548]}"
91,586.0,-13.775079727172852,-7.704135417938232,6.070944309234619,45,19.976683055397494,76.50842106901827,"Lonar, Индия",2025-12-31,2023-01-01,10,Copernicus GLO-30 (~30 м),1200,480,218,576.375,892.5,12.027186482463808,"{""type"":""Point"",""coordinates"":[76.516531481588,19.98435926434832]}"
92,585.0,-15.353957176208496,-9.476283073425293,5.877674102783203,45,19.976683055397494,76.50842106901827,"Lonar, Индия",2025-12-31,2023-01-01,10,Copernicus GLO-30 (~30 м),1230,480,199,576.375,892.5,6.791944204291279,"{""type"":""Point"",""coordinates"":[76.51673424190226,19.984551169572086]}"
93,587.0,-15.411959648132324,-8.20179557800293,7.210164546966553,45,19.976683055397494,76.50842106901827,"Lonar, Индия",2025-12-31,2023-01-01,10,Copernicus GLO-30 (~30 м),1260,480,180,576.375,892.5,0.0,"{""type"":""Point"",""coordinates"":[76.5169370022165,19.984743074795862]}"
94,589.0,-15.139683723449707,-8.155030250549316,6.984653472900391,45,19.976683055397494,76.50842106901827,"Lonar, Индия",2025-12-31,2023-01-01,10,Copernicus GLO-30 (~30 м),1290,480,190,576.375,892.5,4.307711526748099,"{""type"":""Point"",""coordinates"":[76.51713976253073,19.98493498001963]}"
95,591.0,-13.602447509765625,-8.022753715515137,5.579693794250488,45,19.976683055397494,76.50842106901827,"Lonar, Индия",2025-12-31,2023-01-01,10,Copernicus GLO-30 (~30 м),1320,480,199,576.375,892.5,10.870950807260057,"{""type"":""Point"",""coordinates"":[76.51734252284497,19.9851268852434]}"
96,594.0,-12.220986366271973,-6.345409393310547,5.875577449798584,45,19.976683055397494,76.50842106901827,"Lonar, Индия",2025-12-31,2023-01-01,10,Copernicus GLO-30 (~30 м),1350,480,218,576.375,892.5,12.386154773019797,"{""type"":""Point"",""coordinates"":[76.51754528315922,19.985318790467165]}"
97,598.0,-15.257479667663574,-5.4123945236206055,9.845085144042969,45,19.976683055397494,76.50842106901827,"Lonar, Индия",2025-12-31,2023-01-01,10,Copernicus GLO-30 (~30 м),1380,480,180,576.375,892.5,0.0,"{""type"":""Point"",""coordinates"":[76.51774804347346,19.98551069569094]}"
98,598.0,-6.884253978729248,-0.962288498878479,5.9219651222229,45,19.976683055397494,76.50842106901827,"Lonar, Индия",2025-12-31,2023-01-01,10,Copernicus GLO-30 (~30 м),1410,480,218,576.375,892.5,12.386180502796805,"{""type"":""Point"",""coordinates"":[76.51795080378771,19.98570260091471]}"
99,600.0,-14.021663665771484,3.5210115909576416,17.542675018310547,45,19.976683055397494,76.50842106901827,"Lonar, Индия",2025-12-31,2023-01-01,10,Copernicus GLO-30 (~30 м),1440,480,190,576.375,892.5,3.0489028670149665,"{""type"":""Point"",""coordinates"":[76.51815356410195,19.985894506138482]}"
100,601.0,-16.331344604492188,-1.2827284336090088,15.048616409301758,45,19.976683055397494,76.50842106901827,"Lonar, Индия",2025-12-31,2023-01-01,10,Copernicus GLO-30 (~30 м),1470,480,180,576.375,892.5,0.0,"{""type"":""Point"",""coordinates"":[76.51835632441619,19.98608641136225]}"
101,599.0,-15.284335136413574,-7.725211143493652,7.559123992919922,45,19.976683055397494,76.50842106901827,"Lonar, Индия",2025-12-31,2023-01-01,10,Copernicus GLO-30 (~30 м),1500,480,171,576.375,892.5,6.79201631578544,"{""type"":""Point"",""coordinates"":[76.51855908473044,19.98627831658602]}"
102,480.0,-30.609132766723633,-24.46815299987793,6.140980243682861,90,19.976683055397494,76.50842106901827,"Lonar, Индия",2025-12-31,2023-01-01,10,Copernicus GLO-30 (~30 м),0,480,180,576.375,892.5,0.0,"{""type"":""Point"",""coordinates"":[76.50842106901827,19.976683055397498]}"
103,480.0,-31.25733757019043,-24.595430374145508,6.661908149719238,90,19.976683055397494,76.50842106901827,"Lonar, Индия",2025-12-31,2023-01-01,10,Copernicus GLO-30 (~30 м),30,480,180,576.375,892.5,0.0,"{""type"":""Point"",""coordinates"":[76.50870781540458,19.976683055397494]}"
104,480.0,-28.9250545501709,-25.069705963134766,3.8553481101989746,90,19.976683055397494,76.50842106901827,"Lonar, Индия",2025-12-31,2023-01-01,10,Copernicus GLO-30 (~30 м),60,480,180,576.375,892.5,0.0,"{""type"":""Point"",""coordinates"":[76.5089945617909,19.976683055397498]}"
105,480.0,-29.77495765686035,-25.176063537597656,4.598894119262695,90,19.976683055397494,76.50842106901827,"Lonar, Индия",2025-12-31,2023-01-01,10,Copernicus GLO-30 (~30 м),90,480,180,576.375,892.5,0.0,"{""type"":""Point"",""coordinates"":[76.50928130817721,19.976683055397494]}"
106,480.0,-30.551036834716797,-25.332000732421875,5.219036102294922,90,19.976683055397494,76.50842106901827,"Lonar, Индия",2025-12-31,2023-01-01,10,Copernicus GLO-30 (~30 м),120,480,180,576.375,892.5,0.0,"{""type"":""Point"",""coordinates"":[76.50956805456353,19.976683055397494]}"
107,480.0,-30.065719604492188,-25.802297592163086,4.263421535491943,90,19.976683055397494,76.50842106901827,"Lonar, Индия",2025-12-31,2023-01-01,10,Copernicus GLO-30 (~30 м),150,480,180,576.375,892.5,0.0,"{""type"":""Point"",""coordinates"":[76.50985480094984,19.976683055397494]}"
108,480.0,-30.314924240112305,-24.624309539794922,5.690615177154541,90,19.976683055397494,76.50842106901827,"Lonar, Индия",2025-12-31,2023-01-01,10,Copernicus GLO-30 (~30 м),180,480,180,576.375,892.5,0.0,"{""type"":""Point"",""coordinates"":[76.51014154733615,19.976683055397498]}"
109,480.0,-30.25096893310547,-25.234668731689453,5.016299724578857,90,19.976683055397494,76.50842106901827,"Lonar, Индия",2025-12-31,2023-01-01,10,Copernicus GLO-30 (~30 м),210,480,180,576.375,892.5,0.0,"{""type"":""Point"",""coordinates"":[76.51042829372247,19.97668305539749]}"
110,480.0,-31.104284286499023,-25.3192138671875,5.785070419311523,90,19.976683055397494,76.50842106901827,"Lonar, Индия",2025-12-31,2023-01-01,10,Copernicus GLO-30 (~30 м),240,480,180,576.375,892.5,0.0,"{""type"":""Point"",""coordinates"":[76.51071504010878,19.976683055397498]}"
111,480.0,-30.80078125,-25.356679916381836,5.444101810455322,90,19.976683055397494,76.50842106901827,"Lonar, Индия",2025-12-31,2023-01-01,10,Copernicus GLO-30 (~30 м),270,480,180,576.375,892.5,0.0,"{""type"":""Point"",""coordinates"":[76.5110017864951,19.976683055397498]}"
112,480.0,-29.153099060058594,-25.195938110351562,3.957160711288452,90,19.976683055397494,76.50842106901827,"Lonar, Индия",2025-12-31,2023-01-01,10,Copernicus GLO-30 (~30 м),300,480,180,576.375,892.5,0.0,"{""type"":""Point"",""coordinates"":[76.51128853288141,19.976683055397498]}"
113,480.0,-29.836021423339844,-25.234966278076172,4.601053714752197,90,19.976683055397494,76.50842106901827,"Lonar, Индия",2025-12-31,2023-01-01,10,Copernicus GLO-30 (~30 м),330,480,180,576.375,892.5,0.0,"{""type"":""Point"",""coordinates"":[76.51157527926772,19.976683055397494]}"
114,480.0,-29.33768653869629,-24.684341430664062,4.653346061706543,90,19.976683055397494,76.50842106901827,"Lonar, Индия",2025-12-31,2023-01-01,10,Copernicus GLO-30 (~30 м),360,480,180,576.375,892.5,0.0,"{""type"":""Point"",""coordinates"":[76.51186202565404,19.976683055397498]}"
115,480.0,-29.353443145751953,-25.327014923095703,4.026429176330566,90,19.976683055397494,76.50842106901827,"Lonar, Индия",2025-12-31,2023-01-01,10,Copernicus GLO-30 (~30 м),390,480,180,576.375,892.5,0.0,"{""type"":""Point"",""coordinates"":[76.51214877204035,19.976683055397494]}"
116,480.0,-30.71108055114746,-24.06719970703125,6.643881797790527,90,19.976683055397494,76.50842106901827,"Lonar, Индия",2025-12-31,2023-01-01,10,Copernicus GLO-30 (~30 м),420,480,180,576.375,892.5,0.0,"{""type"":""Point"",""coordinates"":[76.51243551842667,19.976683055397494]}"
117,480.0,-29.568708419799805,-24.5349178314209,5.033789157867432,90,19.976683055397494,76.50842106901827,"Lonar, Индия",2025-12-31,2023-01-01,10,Copernicus GLO-30 (~30 м),450,480,180,576.375,892.5,0.0,"{""type"":""Point"",""coordinates"":[76.51272226481298,19.976683055397494]}"
118,480.0,-29.876102447509766,-23.817657470703125,6.058444499969482,90,19.976683055397494,76.50842106901827,"Lonar, Индия",2025-12-31,2023-01-01,10,Copernicus GLO-30 (~30 м),480,480,180,576.375,892.5,0.0,"{""type"":""Point"",""coordinates"":[76.51300901119929,19.976683055397494]}"
119,481.0,-29.301240921020508,-23.95180892944336,5.349431037902832,90,19.976683055397494,76.50842106901827,"Lonar, Индия",2025-12-31,2023-01-01,10,Copernicus GLO-30 (~30 м),510,480,180,576.375,892.5,0.0,"{""type"":""Point"",""coordinates"":[76.51329575758561,19.976683055397494]}"
120,482.0,-28.053049087524414,-23.27753257751465,4.775517463684082,90,19.976683055397494,76.50842106901827,"Lonar, Индия",2025-12-31,2023-01-01,10,Copernicus GLO-30 (~30 м),540,480,180,576.375,892.5,0.0,"{""type"":""Point"",""coordinates"":[76.51358250397192,19.976683055397494]}"
121,487.0,-20.336362838745117,-14.395834922790527,5.94052791595459,90,19.976683055397494,76.50842106901827,"Lonar, Индия",2025-12-31,2023-01-01,10,Copernicus GLO-30 (~30 м),570,480,180,576.375,892.5,0.0,"{""type"":""Point"",""coordinates"":[76.51386925035824,19.976683055397494]}"
122,492.0,-16.703367233276367,-10.456944465637207,6.246422290802002,90,19.976683055397494,76.50842106901827,"Lonar, Индия",2025-12-31,2023-01-01,10,Copernicus GLO-30 (~30 м),600,480,180,576.375,892.5,0.0,"{""type"":""Point"",""coordinates"":[76.51415599674455,19.976683055397494]}"
123,494.0,-15.86992073059082,-9.508645057678223,6.3612751960754395,90,19.976683055397494,76.50842106901827,"Lonar, Индия",2025-12-31,2023-01-01,10,Copernicus GLO-30 (~30 м),630,480,180,576.375,892.5,0.0,"{""type"":""Point"",""coordinates"":[76.51444274313086,19.976683055397498]}"
124,496.0,-13.172428131103516,-7.408748626708984,5.763679027557373,90,19.976683055397494,76.50842106901827,"Lonar, Индия",2025-12-31,2023-01-01,10,Copernicus GLO-30 (~30 м),660,480,180,576.375,892.5,0.0,"{""type"":""Point"",""coordinates"":[76.51472948951718,19.976683055397494]}"
125,496.0,-14.524438858032227,-8.224827766418457,6.299611568450928,90,19.976683055397494,76.50842106901827,"Lonar, Индия",2025-12-31,2023-01-01,10,Copernicus GLO-30 (~30 м),690,480,180,576.375,892.5,0.0,"{""type"":""Point"",""coordinates"":[76.51501623590349,19.976683055397498]}"
126,497.0,-13.844367027282715,-8.522339820861816,5.32202672958374,90,19.976683055397494,76.50842106901827,"Lonar, Индия",2025-12-31,2023-01-01,10,Copernicus GLO-30 (~30 м),720,480,180,576.375,892.5,0.0,"{""type"":""Point"",""coordinates"":[76.51530298228981,19.976683055397494]}"
127,501.0,-16.404600143432617,-11.030412673950195,5.374187469482422,90,19.976683055397494,76.50842106901827,"Lonar, Индия",2025-12-31,2023-01-01,10,Copernicus GLO-30 (~30 м),750,480,180,576.375,892.5,0.0,"{""type"":""Point"",""coordinates"":[76.51558972867612,19.976683055397494]}"
128,509.0,-16.841455459594727,-10.101978302001953,6.73947811126709,90,19.976683055397494,76.50842106901827,"Lonar, Индия",2025-12-31,2023-01-01,10,Copernicus GLO-30 (~30 м),780,480,180,576.375,892.5,0.0,"{""type"":""Point"",""coordinates"":[76.51587647506243,19.976683055397494]}"
129,518.0,-18.09407615661621,-12.721084594726562,5.37299108505249,90,19.976683055397494,76.50842106901827,"Lonar, Индия",2025-12-31,2023-01-01,10,Copernicus GLO-30 (~30 м),810,480,255,576.375,892.5,36.709962572012635,"{""type"":""Point"",""coordinates"":[76.51616322144875,19.976683055397498]}"
130,532.0,-19.024320602416992,-13.258523941040039,5.765795707702637,90,19.976683055397494,76.50842106901827,"Lonar, Индия",2025-12-31,2023-01-01,10,Copernicus GLO-30 (~30 м),840,480,255,576.375,892.5,43.791766400923116,"{""type"":""Point"",""coordinates"":[76.51644996783506,19.976683055397498]}"
131,550.0,-20.352582931518555,-14.351280212402344,6.001303195953369,90,19.976683055397494,76.50842106901827,"Lonar, Индия",2025-12-31,2023-01-01,10,Copernicus GLO-30 (~30 м),870,480,255,576.375,892.5,43.79176639865916,"{""type"":""Point"",""coordinates"":[76.51673671422138,19.976683055397494]}"
132,568.0,-20.724693298339844,-14.83859920501709,5.886094570159912,90,19.976683055397494,76.50842106901827,"Lonar, Индия",2025-12-31,2023-01-01,10,Copernicus GLO-30 (~30 м),900,480,255,576.375,892.5,38.62164037777341,"{""type"":""Point"",""coordinates"":[76.51702346060769,19.976683055397498]}"
133,583.0,-20.57996940612793,-14.44460678100586,6.135362148284912,90,19.976683055397494,76.50842106901827,"Lonar, Индия",2025-12-31,2023-01-01,10,Copernicus GLO-30 (~30 м),930,480,255,576.375,892.5,25.610489905608276,"{""type"":""Point"",""coordinates"":[76.517310206994,19.976683055397494]}"
134,592.0,-14.593013763427734,-9.890092849731445,4.702920436859131,90,19.976683055397494,76.50842106901827,"Lonar, Индия",2025-12-31,2023-01-01,10,Copernicus GLO-30 (~30 м),960,480,209,576.375,892.5,9.07807642944188,"{""type"":""Point"",""coordinates"":[76.51759695338032,19.976683055397498]}"
135,595.0,-14.032864570617676,-8.773185729980469,5.259679317474365,90,19.976683055397494,76.50842106901827,"Lonar, Индия",2025-12-31,2023-01-01,10,Copernicus GLO-30 (~30 м),990,480,171,576.375,892.5,3.0487235293730577,"{""type"":""Point"",""coordinates"":[76.51788369976663,19.976683055397498]}"
136,594.0,-14.466475486755371,-8.142233848571777,6.324241638183594,90,19.976683055397494,76.50842106901827,"Lonar, Индия",2025-12-31,2023-01-01,10,Copernicus GLO-30 (~30 м),1020,480,190,576.375,892.5,3.0487235293730577,"{""type"":""Point"",""coordinates"":[76.51817044615296,19.976683055397498]}"
137,595.0,-18.29861831665039,-10.459035873413086,7.839582920074463,90,19.976683055397494,76.50842106901827,"Lonar, Индия",2025-12-31,2023-01-01,10,Copernicus GLO-30 (~30 м),1050,480,180,576.375,892.5,0.0,"{""type"":""Point"",""coordinates"":[76.51845719253926,19.976683055397494]}"
138,595.0,-19.54026985168457,-11.65373420715332,7.88653564453125,90,19.976683055397494,76.50842106901827,"Lonar, Индия",2025-12-31,2023-01-01,10,Copernicus GLO-30 (~30 м),1080,480,190,576.375,892.5,3.0487235296137487,"{""type"":""Point"",""coordinates"":[76.51874393892557,19.976683055397494]}"
139,596.0,-19.724153518676758,-9.205347061157227,10.518805503845215,90,19.976683055397494,76.50842106901827,"Lonar, Индия",2025-12-31,2023-01-01,10,Copernicus GLO-30 (~30 м),1110,480,190,576.375,892.5,3.048723529132367,"{""type"":""Point"",""coordinates"":[76.51903068531189,19.976683055397494]}"
140,598.0,-22.937416076660156,-13.909449577331543,9.027966499328613,90,19.976683055397494,76.50842106901827,"Lonar, Индия",2025-12-31,2023-01-01,10,Copernicus GLO-30 (~30 м),1140,480,190,576.375,892.5,3.0487235293730577,"{""type"":""Point"",""coordinates"":[76.5193174316982,19.976683055397494]}"
141,598.0,-22.869165420532227,-13.000330924987793,9.868833541870117,90,19.976683055397494,76.50842106901827,"Lonar, Индия",2025-12-31,2023-01-01,10,Copernicus GLO-30 (~30 м),1170,480,180,576.375,892.5,0.0,"{""type"":""Point"",""coordinates"":[76.51960417808452,19.976683055397494]}"
142,597.0,-17.65235137939453,-11.532410621643066,6.119940757751465,90,19.976683055397494,76.50842106901827,"Lonar, Индия",2025-12-31,2023-01-01,10,Copernicus GLO-30 (~30 м),1200,480,171,576.375,892.5,3.0487235296137487,"{""type"":""Point"",""coordinates"":[76.51989092447083,19.976683055397494]}"
143,599.0,-14.912513732910156,-6.227726936340332,8.684785842895508,90,19.976683055397494,76.50842106901827,"Lonar, Индия",2025-12-31,2023-01-01,10,Copernicus GLO-30 (~30 м),1230,480,199,576.375,892.5,6.080280270670534,"{""type"":""Point"",""coordinates"":[76.52017767085714,19.976683055397494]}"
144,600.0,-14.632760047912598,-3.2653439044952393,11.367416381835938,90,19.976683055397494,76.50842106901827,"Lonar, Индия",2025-12-31,2023-01-01,10,Copernicus GLO-30 (~30 м),1260,480,190,576.375,892.5,3.0487235293730577,"{""type"":""Point"",""coordinates"":[76.52046441724346,19.976683055397494]}"
145,598.0,-15.594117164611816,-8.400434494018555,7.1936821937561035,90,19.976683055397494,76.50842106901827,"Lonar, Индия",2025-12-31,2023-01-01,10,Copernicus GLO-30 (~30 м),1290,480,180,576.375,892.5,0.0,"{""type"":""Point"",""coordinates"":[76.52075116362977,19.976683055397494]}"
146,594.0,-16.557819366455078,-9.913108825683594,6.644711017608643,90,19.976683055397494,76.50842106901827,"Lonar, Индия",2025-12-31,2023-01-01,10,Copernicus GLO-30 (~30 м),1320,480,143,576.375,892.5,12.026617217815682,"{""type"":""Point"",""coordinates"":[76.52103791001609,19.976683055397494]}"
147,592.0,-14.337535858154297,-6.6520562171936035,7.685479640960693,90,19.976683055397494,76.50842106901827,"Lonar, Индия",2025-12-31,2023-01-01,10,Copernicus GLO-30 (~30 м),1350,480,161,576.375,892.5,6.080280270670534,"{""type"":""Point"",""coordinates"":[76.5213246564024,19.976683055397498]}"
148,594.0,-15.054615020751953,-6.574167251586914,8.480447769165039,90,19.976683055397494,76.50842106901827,"Lonar, Индия",2025-12-31,2023-01-01,10,Copernicus GLO-30 (~30 м),1380,480,199,576.375,892.5,6.080280270670534,"{""type"":""Point"",""coordinates"":[76.52161140278871,19.97668305539749]}"
149,595.0,-14.041492462158203,-8.035282135009766,6.0062103271484375,90,19.976683055397494,76.50842106901827,"Lonar, Индия",2025-12-31,2023-01-01,10,Copernicus GLO-30 (~30 м),1410,480,190,576.375,892.5,3.0487235293730577,"{""type"":""Point"",""coordinates"":[76.52189814917503,19.976683055397494]}"
150,595.0,-17.859865188598633,-10.419285774230957,7.440579891204834,90,19.976683055397494,76.50842106901827,"Lonar, Индия",2025-12-31,2023-01-01,10,Copernicus GLO-30 (~30 м),1440,480,180,576.375,892.5,0.0,"{""type"":""Point"",""coordinates"":[76.52218489556134,19.976683055397494]}"
151,593.0,-18.394634246826172,-10.259520530700684,8.135113716125488,90,19.976683055397494,76.50842106901827,"Lonar, Индия",2025-12-31,2023-01-01,10,Copernicus GLO-30 (~30 м),1470,480,180,576.375,892.5,0.0,"{""type"":""Point"",""coordinates"":[76.52247164194766,19.976683055397494]}"
152,592.0,-18.231258392333984,-10.575687408447266,7.655571460723877,90,19.976683055397494,76.50842106901827,"Lonar, Индия",2025-12-31,2023-01-01,10,Copernicus GLO-30 (~30 м),1500,480,180,576.375,892.5,0.0,"{""type"":""Point"",""coordinates"":[76.52275838833397,19.976683055397494]}"
153,480.0,-30.609132766723633,-24.46815299987793,6.140980243682861,135,19.976683055397494,76.50842106901827,"Lonar, Индия",2025-12-31,2023-01-01,10,Copernicus GLO-30 (~30 м),0,480,180,576.375,892.5,0.0,"{""type"":""Point"",""coordinates"":[76.50842106901827,19.976683055397498]}"
154,480.0,-30.5340633392334,-24.767208099365234,5.766854763031006,135,19.976683055397494,76.50842106901827,"Lonar, Индия",2025-12-31,2023-01-01,10,Copernicus GLO-30 (~30 м),30,480,180,576.375,892.5,0.0,"{""type"":""Point"",""coordinates"":[76.5086238293325,19.976491150173725]}"
155,480.0,-30.61701774597168,-25.454980850219727,5.1620378494262695,135,19.976683055397494,76.50842106901827,"Lonar, Индия",2025-12-31,2023-01-01,10,Copernicus GLO-30 (~30 м),60,480,180,576.375,892.5,0.0,"{""type"":""Point"",""coordinates"":[76.50882658964676,19.976299244949953]}"
156,480.0,-30.780073165893555,-24.55311393737793,6.226960182189941,135,19.976683055397494,76.50842106901827,"Lonar, Индия",2025-12-31,2023-01-01,10,Copernicus GLO-30 (~30 м),90,480,180,576.375,892.5,0.0,"{""type"":""Point"",""coordinates"":[76.509029349961,19.976107339726184]}"
157,480.0,-31.370710372924805,-25.398191452026367,5.9725189208984375,135,19.976683055397494,76.50842106901827,"Lonar, Индия",2025-12-31,2023-01-01,10,Copernicus GLO-30 (~30 м),120,480,180,576.375,892.5,0.0,"{""type"":""Point"",""coordinates"":[76.50923211027524,19.97591543450241]}"
158,480.0,-29.92902946472168,-24.819541931152344,5.109487533569336,135,19.976683055397494,76.50842106901827,"Lonar, Индия",2025-12-31,2023-01-01,10,Copernicus GLO-30 (~30 м),150,480,180,576.375,892.5,0.0,"{""type"":""Point"",""coordinates"":[76.50943487058949,19.975723529278643]}"
159,480.0,-30.050716400146484,-25.148908615112305,4.901809215545654,135,19.976683055397494,76.50842106901827,"Lonar, Индия",2025-12-31,2023-01-01,10,Copernicus GLO-30 (~30 м),180,480,180,576.375,892.5,0.0,"{""type"":""Point"",""coordinates"":[76.50963763090373,19.97553162405487]}"
160,480.0,-30.918655395507812,-24.654651641845703,6.264004230499268,135,19.976683055397494,76.50842106901827,"Lonar, Индия",2025-12-31,2023-01-01,10,Copernicus GLO-30 (~30 м),210,480,180,576.375,892.5,0.0,"{""type"":""Point"",""coordinates"":[76.50984039121798,19.975339718831105]}"
161,480.0,-29.882827758789062,-25.184282302856445,4.698545932769775,135,19.976683055397494,76.50842106901827,"Lonar, Индия",2025-12-31,2023-01-01,10,Copernicus GLO-30 (~30 м),240,480,180,576.375,892.5,0.0,"{""type"":""Point"",""coordinates"":[76.51004315153222,19.97514781360733]}"
162,480.0,-29.841293334960938,-25.089984893798828,4.751309394836426,135,19.976683055397494,76.50842106901827,"Lonar, Индия",2025-12-31,2023-01-01,10,Copernicus GLO-30 (~30 м),270,480,180,576.375,892.5,0.0,"{""type"":""Point"",""coordinates"":[76.51024591184645,19.97495590838356]}"
163,480.0,-31.249191284179688,-25.502161026000977,5.747030258178711,135,19.976683055397494,76.50842106901827,"Lonar, Индия",2025-12-31,2023-01-01,10,Copernicus GLO-30 (~30 м),300,480,180,576.375,892.5,0.0,"{""type"":""Point"",""coordinates"":[76.5104486721607,19.974764003159784]}"
164,480.0,-30.298097610473633,-24.915084838867188,5.3830132484436035,135,19.976683055397494,76.50842106901827,"Lonar, Индия",2025-12-31,2023-01-01,10,Copernicus GLO-30 (~30 м),330,480,180,576.375,892.5,0.0,"{""type"":""Point"",""coordinates"":[76.51065143247494,19.974572097936026]}"
165,480.0,-29.77279281616211,-25.37093734741211,4.401854991912842,135,19.976683055397494,76.50842106901827,"Lonar, Индия",2025-12-31,2023-01-01,10,Copernicus GLO-30 (~30 м),360,480,180,576.375,892.5,0.0,"{""type"":""Point"",""coordinates"":[76.51085419278918,19.974380192712243]}"
166,480.0,-28.712331771850586,-26.15458106994629,2.5577504634857178,135,19.976683055397494,76.50842106901827,"Lonar, Индия",2025-12-31,2023-01-01,10,Copernicus GLO-30 (~30 м),390,480,180,576.375,892.5,0.0,"{""type"":""Point"",""coordinates"":[76.51105695310343,19.97418828748848]}"
167,480.0,-30.059818267822266,-24.94659996032715,5.113219261169434,135,19.976683055397494,76.50842106901827,"Lonar, Индия",2025-12-31,2023-01-01,10,Copernicus GLO-30 (~30 м),420,480,180,576.375,892.5,0.0,"{""type"":""Point"",""coordinates"":[76.51125971341767,19.97399638226471]}"
168,480.0,-30.74715805053711,-24.963092803955078,5.784064292907715,135,19.976683055397494,76.50842106901827,"Lonar, Индия",2025-12-31,2023-01-01,10,Copernicus GLO-30 (~30 м),450,480,180,576.375,892.5,0.0,"{""type"":""Point"",""coordinates"":[76.51146247373194,19.973804477040936]}"
169,480.0,-29.738086700439453,-23.9113826751709,5.826704502105713,135,19.976683055397494,76.50842106901827,"Lonar, Индия",2025-12-31,2023-01-01,10,Copernicus GLO-30 (~30 м),480,480,180,576.375,892.5,0.0,"{""type"":""Point"",""coordinates"":[76.51166523404616,19.973612571817167]}"
170,480.0,-28.70387840270996,-25.307022094726562,3.3968560695648193,135,19.976683055397494,76.50842106901827,"Lonar, Индия",2025-12-31,2023-01-01,10,Copernicus GLO-30 (~30 м),510,480,180,576.375,892.5,0.0,"{""type"":""Point"",""coordinates"":[76.5118679943604,19.97342066659339]}"
171,480.0,-29.94944953918457,-25.176349639892578,4.773100852966309,135,19.976683055397494,76.50842106901827,"Lonar, Индия",2025-12-31,2023-01-01,10,Copernicus GLO-30 (~30 м),540,480,180,576.375,892.5,0.0,"{""type"":""Point"",""coordinates"":[76.51207075467465,19.973228761369622]}"
172,480.0,-28.469602584838867,-24.31231117248535,4.157290935516357,135,19.976683055397494,76.50842106901827,"Lonar, Индия",2025-12-31,2023-01-01,10,Copernicus GLO-30 (~30 м),570,480,180,576.375,892.5,0.0,"{""type"":""Point"",""coordinates"":[76.51227351498889,19.973036856145853]}"
173,480.0,-29.550296783447266,-23.797204971313477,5.753090858459473,135,19.976683055397494,76.50842106901827,"Lonar, Индия",2025-12-31,2023-01-01,10,Copernicus GLO-30 (~30 м),600,480,180,576.375,892.5,0.0,"{""type"":""Point"",""coordinates"":[76.51247627530313,19.972844950922084]}"
174,485.0,-28.448909759521484,-22.847917556762695,5.6009931564331055,135,19.976683055397494,76.50842106901827,"Lonar, Индия",2025-12-31,2023-01-01,10,Copernicus GLO-30 (~30 м),630,480,227,576.375,892.5,15.193367800415395,"{""type"":""Point"",""coordinates"":[76.51267903561738,19.972653045698316]}"
175,484.0,-24.873737335205078,-17.287015914916992,7.586721897125244,135,19.976683055397494,76.50842106901827,"Lonar, Индия",2025-12-31,2023-01-01,10,Copernicus GLO-30 (~30 м),660,480,208,576.375,892.5,12.732686981722436,"{""type"":""Point"",""coordinates"":[76.51288179593162,19.972461140474543]}"
176,488.0,-18.693613052368164,-12.897590637207031,5.796021461486816,135,19.976683055397494,76.50842106901827,"Lonar, Индия",2025-12-31,2023-01-01,10,Copernicus GLO-30 (~30 м),690,480,180,576.375,892.5,0.0,"{""type"":""Point"",""coordinates"":[76.51308455624587,19.97226923525077]}"
177,491.0,-13.975671768188477,-8.454257011413574,5.521415710449219,135,19.976683055397494,76.50842106901827,"Lonar, Индия",2025-12-31,2023-01-01,10,Copernicus GLO-30 (~30 м),720,480,180,576.375,892.5,9.077818255146907,"{""type"":""Point"",""coordinates"":[76.51328731656011,19.972077330027005]}"
178,496.0,-15.80249309539795,-9.277600288391113,6.524893283843994,135,19.976683055397494,76.50842106901827,"Lonar, Индия",2025-12-31,2023-01-01,10,Copernicus GLO-30 (~30 м),750,480,199,576.375,892.5,6.080099277214525,"{""type"":""Point"",""coordinates"":[76.51349007687435,19.971885424803233]}"
179,504.0,-17.04585075378418,-10.664961814880371,6.380889415740967,135,19.976683055397494,76.50842106901827,"Lonar, Индия",2025-12-31,2023-01-01,10,Copernicus GLO-30 (~30 м),780,480,235,576.375,892.5,17.721443515126076,"{""type"":""Point"",""coordinates"":[76.5136928371886,19.97169351957946]}"
180,522.0,-16.765167236328125,-9.899048805236816,6.866118431091309,135,19.976683055397494,76.50842106901827,"Lonar, Индия",2025-12-31,2023-01-01,10,Copernicus GLO-30 (~30 м),810,480,180,576.375,892.5,32.58287337212116,"{""type"":""Point"",""coordinates"":[76.51389559750284,19.971501614355688]}"
181,529.0,-17.398134231567383,-10.7374849319458,6.660650253295898,135,19.976683055397494,76.50842106901827,"Lonar, Индия",2025-12-31,2023-01-01,10,Copernicus GLO-30 (~30 м),840,480,180,576.375,892.5,42.157648352884145,"{""type"":""Point"",""coordinates"":[76.51409835781708,19.97130970913192]}"
182,554.0,-17.287755966186523,-10.721039772033691,6.566717147827148,135,19.976683055397494,76.50842106901827,"Lonar, Индия",2025-12-31,2023-01-01,10,Copernicus GLO-30 (~30 м),870,480,251,576.375,892.5,23.077362896370957,"{""type"":""Point"",""coordinates"":[76.51430111813133,19.97111780390815]}"
183,569.0,-17.045743942260742,-10.830442428588867,6.215301036834717,135,19.976683055397494,76.50842106901827,"Lonar, Индия",2025-12-31,2023-01-01,10,Copernicus GLO-30 (~30 м),900,480,237,576.375,892.5,42.15757202777484,"{""type"":""Point"",""coordinates"":[76.51450387844557,19.970925898684374]}"
184,577.0,-18.033727645874023,-12.224282264709473,5.809445858001709,135,19.976683055397494,76.50842106901827,"Lonar, Индия",2025-12-31,2023-01-01,10,Copernicus GLO-30 (~30 м),930,480,180,576.375,892.5,36.708933239461516,"{""type"":""Point"",""coordinates"":[76.51470663875982,19.97073399346061]}"
185,592.0,-16.3361759185791,-10.438594818115234,5.897581577301025,135,19.976683055397494,76.50842106901827,"Lonar, Индия",2025-12-31,2023-01-01,10,Copernicus GLO-30 (~30 м),960,480,190,576.375,892.5,3.0486061934719437,"{""type"":""Point"",""coordinates"":[76.51490939907406,19.970542088236837]}"
186,596.0,-15.627179145812988,-9.600156784057617,6.027022838592529,135,19.976683055397494,76.50842106901827,"Lonar, Индия",2025-12-31,2023-01-01,10,Copernicus GLO-30 (~30 м),990,480,171,576.375,892.5,3.0486013058083947,"{""type"":""Point"",""coordinates"":[76.5151121593883,19.970350183013064]}"
187,595.0,-15.407272338867188,-9.226285934448242,6.180986404418945,135,19.976683055397494,76.50842106901827,"Lonar, Индия",2025-12-31,2023-01-01,10,Copernicus GLO-30 (~30 м),1020,480,180,576.375,892.5,3.048598046893427,"{""type"":""Point"",""coordinates"":[76.51531491970255,19.9701582777893]}"
188,595.0,-16.797725677490234,-9.726777076721191,7.070948123931885,135,19.976683055397494,76.50842106901827,"Lonar, Индия",2025-12-31,2023-01-01,10,Copernicus GLO-30 (~30 м),1050,480,190,576.375,892.5,3.0485947881458126,"{""type"":""Point"",""coordinates"":[76.51551768001679,19.969966372565526]}"
189,591.0,-14.529017448425293,-9.15853214263916,5.370484828948975,135,19.976683055397494,76.50842106901827,"Lonar, Индия",2025-12-31,2023-01-01,10,Copernicus GLO-30 (~30 м),1080,480,161,576.375,892.5,10.869921982678624,"{""type"":""Point"",""coordinates"":[76.51572044033102,19.96977446734175]}"
190,590.0,-14.946855545043945,-9.635762214660645,5.311093807220459,135,19.976683055397494,76.50842106901827,"Lonar, Индия",2025-12-31,2023-01-01,10,Copernicus GLO-30 (~30 м),1110,480,161,576.375,892.5,6.791302703268384,"{""type"":""Point"",""coordinates"":[76.51592320064528,19.969582562117985]}"
191,588.0,-15.642122268676758,-10.156675338745117,5.485447406768799,135,19.976683055397494,76.50842106901827,"Lonar, Индия",2025-12-31,2023-01-01,10,Copernicus GLO-30 (~30 м),1140,480,180,576.375,892.5,3.048583383000424,"{""type"":""Point"",""coordinates"":[76.51612596095951,19.969390656894213]}"
192,586.0,-15.84414291381836,-9.851028442382812,5.993114471435547,135,19.976683055397494,76.50842106901827,"Lonar, Индия",2025-12-31,2023-01-01,10,Copernicus GLO-30 (~30 м),1170,480,171,576.375,892.5,3.0485801246244972,"{""type"":""Point"",""coordinates"":[76.51632872127377,19.969198751670444]}"
193,585.0,-15.469690322875977,-9.659340858459473,5.810349941253662,135,19.976683055397494,76.50842106901827,"Lonar, Индия",2025-12-31,2023-01-01,10,Copernicus GLO-30 (~30 м),1200,480,171,576.375,892.5,6.7912774860052485,"{""type"":""Point"",""coordinates"":[76.516531481588,19.96900684644667]}"
194,585.0,-16.28064727783203,-10.182856559753418,6.097790241241455,135,19.976683055397494,76.50842106901827,"Lonar, Индия",2025-12-31,2023-01-01,10,Copernicus GLO-30 (~30 м),1230,480,180,576.375,892.5,0.0,"{""type"":""Point"",""coordinates"":[76.51673424190226,19.968814941222906]}"
195,584.0,-17.13434600830078,-10.591139793395996,6.54320764541626,135,19.976683055397494,76.50842106901827,"Lonar, Индия",2025-12-31,2023-01-01,10,Copernicus GLO-30 (~30 м),1260,480,180,576.375,892.5,0.0,"{""type"":""Point"",""coordinates"":[76.5169370022165,19.96862303599913]}"
196,583.0,-17.80533218383789,-11.279618263244629,6.5257134437561035,135,19.976683055397494,76.50842106901827,"Lonar, Индия",2025-12-31,2023-01-01,10,Copernicus GLO-30 (~30 м),1290,480,171,576.375,892.5,3.048565461227287,"{""type"":""Point"",""coordinates"":[76.51713976253073,19.96843113077536]}"
197,580.0,-17.09496307373047,-10.324220657348633,6.770743370056152,135,19.976683055397494,76.50842106901827,"Lonar, Индия",2025-12-31,2023-01-01,10,Copernicus GLO-30 (~30 м),1320,480,152,576.375,892.5,9.559792337340419,"{""type"":""Point"",""coordinates"":[76.51734252284497,19.96823922555159]}"
198,581.0,-17.163742065429688,-8.62264633178711,8.541094779968262,135,19.976683055397494,76.50842106901827,"Lonar, Индия",2025-12-31,2023-01-01,10,Copernicus GLO-30 (~30 м),1350,480,161,576.375,892.5,6.079950639120091,"{""type"":""Point"",""coordinates"":[76.51754528315922,19.96804732032782]}"
199,579.0,-15.919468879699707,-10.084826469421387,5.834643363952637,135,19.976683055397494,76.50842106901827,"Lonar, Индия",2025-12-31,2023-01-01,10,Copernicus GLO-30 (~30 м),1380,480,180,576.375,892.5,0.0,"{""type"":""Point"",""coordinates"":[76.51774804347346,19.96785541510405]}"
200,579.0,-15.791146278381348,-8.774868965148926,7.01627779006958,135,19.976683055397494,76.50842106901827,"Lonar, Индия",2025-12-31,2023-01-01,10,Copernicus GLO-30 (~30 м),1410,480,161,576.375,892.5,6.791223452378874,"{""type"":""Point"",""coordinates"":[76.51795080378771,19.967663509880282]}"
201,577.0,-13.467682838439941,-7.337494373321533,6.130188465118408,135,19.976683055397494,76.50842106901827,"Lonar, Индия",2025-12-31,2023-01-01,10,Copernicus GLO-30 (~30 м),1440,480,171,576.375,892.5,3.0485459112937408,"{""type"":""Point"",""coordinates"":[76.51815356410195,19.967471604656513]}"
202,575.0,-16.360031127929688,-9.921072959899902,6.438957214355469,135,19.976683055397494,76.50842106901827,"Lonar, Индия",2025-12-31,2023-01-01,10,Copernicus GLO-30 (~30 м),1470,480,180,576.375,892.5,3.04854265314354,"{""type"":""Point"",""coordinates"":[76.51835632441619,19.967279699432737]}"
203,575.0,-17.040830612182617,-8.33468246459961,8.706148147583008,135,19.976683055397494,76.50842106901827,"Lonar, Индия",2025-12-31,2023-01-01,10,Copernicus GLO-30 (~30 м),1500,480,180,576.375,892.5,0.0,"{""type"":""Point"",""coordinates"":[76.51855908473044,19.967087794208968]}"
204,480.0,-30.609132766723633,-24.46815299987793,6.140980243682861,180,19.976683055397494,76.50842106901827,"Lonar, Индия",2025-12-31,2023-01-01,10,Copernicus GLO-30 (~30 м),0,480,180,576.375,892.5,0.0,"{""type"":""Point"",""coordinates"":[76.50842106901827,19.976683055397498]}"
205,480.0,-30.320920944213867,-25.170480728149414,5.150440216064453,180,19.976683055397494,76.50842106901827,"Lonar, Индия",2025-12-31,2023-01-01,10,Copernicus GLO-30 (~30 м),30,480,180,576.375,892.5,0.0,"{""type"":""Point"",""coordinates"":[76.50842106901827,19.97641166042735]}"
206,480.0,-29.636743545532227,-25.21339988708496,4.423342704772949,180,19.976683055397494,76.50842106901827,"Lonar, Индия",2025-12-31,2023-01-01,10,Copernicus GLO-30 (~30 м),60,480,180,576.375,892.5,0.0,"{""type"":""Point"",""coordinates"":[76.50842106901827,19.9761402654572]}"
207,480.0,-32.86803436279297,-24.915746688842773,7.9522881507873535,180,19.976683055397494,76.50842106901827,"Lonar, Индия",2025-12-31,2023-01-01,10,Copernicus GLO-30 (~30 м),90,480,180,576.375,892.5,0.0,"{""type"":""Point"",""coordinates"":[76.50842106901827,19.975868870487055]}"
208,480.0,-32.346038818359375,-25.328462600708008,7.017575263977051,180,19.976683055397494,76.50842106901827,"Lonar, Индия",2025-12-31,2023-01-01,10,Copernicus GLO-30 (~30 м),120,480,180,576.375,892.5,0.0,"{""type"":""Point"",""coordinates"":[76.50842106901827,19.975597475516906]}"
209,480.0,-29.979148864746094,-25.463729858398438,4.515418529510498,180,19.976683055397494,76.50842106901827,"Lonar, Индия",2025-12-31,2023-01-01,10,Copernicus GLO-30 (~30 м),150,480,180,576.375,892.5,0.0,"{""type"":""Point"",""coordinates"":[76.50842106901827,19.97532608054676]}"
210,480.0,-29.95081329345703,-25.32522964477539,4.625584125518799,180,19.976683055397494,76.50842106901827,"Lonar, Индия",2025-12-31,2023-01-01,10,Copernicus GLO-30 (~30 м),180,480,180,576.375,892.5,0.0,"{""type"":""Point"",""coordinates"":[76.50842106901827,19.975054685576616]}"
211,480.0,-30.35193634033203,-25.55405616760254,4.797880172729492,180,19.976683055397494,76.50842106901827,"Lonar, Индия",2025-12-31,2023-01-01,10,Copernicus GLO-30 (~30 м),210,480,180,576.375,892.5,0.0,"{""type"":""Point"",""coordinates"":[76.50842106901827,19.974783290606467]}"
212,480.0,-31.46273422241211,-25.287080764770508,6.175652503967285,180,19.976683055397494,76.50842106901827,"Lonar, Индия",2025-12-31,2023-01-01,10,Copernicus GLO-30 (~30 м),240,480,180,576.375,892.5,0.0,"{""type"":""Point"",""coordinates"":[76.50842106901827,19.974511895636322]}"
213,480.0,-31.104785919189453,-25.548480987548828,5.556304931640625,180,19.976683055397494,76.50842106901827,"Lonar, Индия",2025-12-31,2023-01-01,10,Copernicus GLO-30 (~30 м),270,480,180,576.375,892.5,0.0,"{""type"":""Point"",""coordinates"":[76.50842106901827,19.974240500666173]}"
214,480.0,-30.957223892211914,-25.171375274658203,5.785848140716553,180,19.976683055397494,76.50842106901827,"Lonar, Индия",2025-12-31,2023-01-01,10,Copernicus GLO-30 (~30 м),300,480,180,576.375,892.5,0.0,"{""type"":""Point"",""coordinates"":[76.50842106901827,19.97396910569603]}"
215,480.0,-31.10721206665039,-25.10150909423828,6.005703926086426,180,19.976683055397494,76.50842106901827,"Lonar, Индия",2025-12-31,2023-01-01,10,Copernicus GLO-30 (~30 м),330,480,180,576.375,892.5,0.0,"{""type"":""Point"",""coordinates"":[76.50842106901827,19.973697710725883]}"
216,480.0,-32.316619873046875,-24.79960060119629,7.517019271850586,180,19.976683055397494,76.50842106901827,"Lonar, Индия",2025-12-31,2023-01-01,10,Copernicus GLO-30 (~30 м),360,480,180,576.375,892.5,0.0,"{""type"":""Point"",""coordinates"":[76.50842106901827,19.973426315755738]}"
217,480.0,-30.62847900390625,-24.731090545654297,5.897388458251953,180,19.976683055397494,76.50842106901827,"Lonar, Индия",2025-12-31,2023-01-01,10,Copernicus GLO-30 (~30 м),390,480,180,576.375,892.5,0.0,"{""type"":""Point"",""coordinates"":[76.50842106901827,19.97315492078559]}"
218,480.0,-29.454599380493164,-24.134424209594727,5.3201751708984375,180,19.976683055397494,76.50842106901827,"Lonar, Индия",2025-12-31,2023-01-01,10,Copernicus GLO-30 (~30 м),420,480,180,576.375,892.5,0.0,"{""type"":""Point"",""coordinates"":[76.50842106901827,19.972883525815444]}"
219,480.0,-30.943885803222656,-24.662899017333984,6.280987739562988,180,19.976683055397494,76.50842106901827,"Lonar, Индия",2025-12-31,2023-01-01,10,Copernicus GLO-30 (~30 м),450,480,180,576.375,892.5,0.0,"{""type"":""Point"",""coordinates"":[76.50842106901827,19.972612130845295]}"
220,480.0,-29.59497833251953,-24.59033203125,5.004645824432373,180,19.976683055397494,76.50842106901827,"Lonar, Индия",2025-12-31,2023-01-01,10,Copernicus GLO-30 (~30 м),480,480,180,576.375,892.5,0.0,"{""type"":""Point"",""coordinates"":[76.50842106901827,19.97234073587515]}"
221,480.0,-29.208377838134766,-23.783878326416016,5.424500465393066,180,19.976683055397494,76.50842106901827,"Lonar, Индия",2025-12-31,2023-01-01,10,Copernicus GLO-30 (~30 м),510,480,180,576.375,892.5,0.0,"{""type"":""Point"",""coordinates"":[76.50842106901827,19.972069340905]}"
222,480.0,-29.221023559570312,-24.420236587524414,4.800786972045898,180,19.976683055397494,76.50842106901827,"Lonar, Индия",2025-12-31,2023-01-01,10,Copernicus GLO-30 (~30 м),540,480,180,576.375,892.5,0.0,"{""type"":""Point"",""coordinates"":[76.50842106901827,19.971797945934856]}"
223,480.0,-30.059635162353516,-23.920425415039062,6.139208793640137,180,19.976683055397494,76.50842106901827,"Lonar, Индия",2025-12-31,2023-01-01,10,Copernicus GLO-30 (~30 м),570,480,180,576.375,892.5,0.0,"{""type"":""Point"",""coordinates"":[76.50842106901827,19.97152655096471]}"
224,485.0,-28.994678497314453,-23.32929801940918,5.665380954742432,180,19.976683055397494,76.50842106901827,"Lonar, Индия",2025-12-31,2023-01-01,10,Copernicus GLO-30 (~30 м),600,480,190,576.375,892.5,15.193235877482564,"{""type"":""Point"",""coordinates"":[76.50842106901827,19.971255155994566]}"
225,485.0,-25.99134635925293,-18.28746795654297,7.703878402709961,180,19.976683055397494,76.50842106901827,"Lonar, Индия",2025-12-31,2023-01-01,10,Copernicus GLO-30 (~30 м),630,480,190,576.375,892.5,6.791363947261458,"{""type"":""Point"",""coordinates"":[76.50842106901827,19.970983761024414]}"
226,487.0,-19.959186553955078,-14.920681953430176,5.038505554199219,180,19.976683055397494,76.50842106901827,"Lonar, Индия",2025-12-31,2023-01-01,10,Copernicus GLO-30 (~30 м),660,480,190,576.375,892.5,15.193189318299735,"{""type"":""Point"",""coordinates"":[76.50842106901827,19.970712366054272]}"
227,497.0,-15.130470275878906,-9.844552040100098,5.28591775894165,180,19.976683055397494,76.50842106901827,"Lonar, Индия",2025-12-31,2023-01-01,10,Copernicus GLO-30 (~30 м),690,480,180,576.375,892.5,14.911381274946113,"{""type"":""Point"",""coordinates"":[76.50842106901827,19.970440971084127]}"
228,497.0,-14.278173446655273,-8.505247116088867,5.772927284240723,180,19.976683055397494,76.50842106901827,"Lonar, Индия",2025-12-31,2023-01-01,10,Copernicus GLO-30 (~30 м),720,480,180,576.375,892.5,28.039025188774566,"{""type"":""Point"",""coordinates"":[76.50842106901827,19.970169576113978]}"
229,507.0,-15.221234321594238,-9.270586013793945,5.950647830963135,180,19.976683055397494,76.50842106901827,"Lonar, Индия",2025-12-31,2023-01-01,10,Copernicus GLO-30 (~30 м),750,480,172,576.375,892.5,32.67263505443657,"{""type"":""Point"",""coordinates"":[76.50842106901827,19.969898181143833]}"
230,519.0,-14.306571006774902,-8.141252517700195,6.165318489074707,180,19.976683055397494,76.50842106901827,"Lonar, Индия",2025-12-31,2023-01-01,10,Copernicus GLO-30 (~30 м),780,480,188,576.375,892.5,40.490482504276194,"{""type"":""Point"",""coordinates"":[76.50842106901827,19.969626786173684]}"
231,535.0,-14.221376419067383,-8.806878089904785,5.414498329162598,180,19.976683055397494,76.50842106901827,"Lonar, Индия",2025-12-31,2023-01-01,10,Copernicus GLO-30 (~30 м),810,480,180,576.375,892.5,45.33899250203151,"{""type"":""Point"",""coordinates"":[76.50842106901827,19.969355391203536]}"
232,554.0,-14.219816207885742,-8.3921537399292,5.827661991119385,180,19.976683055397494,76.50842106901827,"Lonar, Индия",2025-12-31,2023-01-01,10,Copernicus GLO-30 (~30 м),840,480,180,576.375,892.5,40.435231471735285,"{""type"":""Point"",""coordinates"":[76.50842106901827,19.96908399623339]}"
233,570.0,-15.222485542297363,-9.730316162109375,5.492168426513672,180,19.976683055397494,76.50842106901827,"Lonar, Индия",2025-12-31,2023-01-01,10,Copernicus GLO-30 (~30 м),870,480,195,576.375,892.5,42.353182785215935,"{""type"":""Point"",""coordinates"":[76.50842106901827,19.96881260126325]}"
234,587.0,-16.772628784179688,-10.988044738769531,5.7845845222473145,180,19.976683055397494,76.50842106901827,"Lonar, Индия",2025-12-31,2023-01-01,10,Copernicus GLO-30 (~30 м),900,480,189,576.375,892.5,25.746614144400635,"{""type"":""Point"",""coordinates"":[76.50842106901827,19.9685412062931]}"
235,596.0,-15.755179405212402,-10.057215690612793,5.697963714599609,180,19.976683055397494,76.50842106901827,"Lonar, Индия",2025-12-31,2023-01-01,10,Copernicus GLO-30 (~30 м),930,480,180,576.375,892.5,0.0,"{""type"":""Point"",""coordinates"":[76.50842106901827,19.96826981132295]}"
236,595.0,-18.12467384338379,-10.5302095413208,7.594464302062988,180,19.976683055397494,76.50842106901827,"Lonar, Индия",2025-12-31,2023-01-01,10,Copernicus GLO-30 (~30 м),960,480,180,576.375,892.5,0.0,"{""type"":""Point"",""coordinates"":[76.50842106901827,19.967998416352806]}"
237,592.0,-17.702377319335938,-9.494096755981445,8.208280563354492,180,19.976683055397494,76.50842106901827,"Lonar, Индия",2025-12-31,2023-01-01,10,Copernicus GLO-30 (~30 м),990,480,199,576.375,892.5,8.566344652648462,"{""type"":""Point"",""coordinates"":[76.50842106901827,19.96772702138266]}"
238,590.0,-18.32848358154297,-10.945748329162598,7.382734775543213,180,19.976683055397494,76.50842106901827,"Lonar, Индия",2025-12-31,2023-01-01,10,Copernicus GLO-30 (~30 м),1020,480,199,576.375,892.5,6.079928023501393,"{""type"":""Point"",""coordinates"":[76.50842106901827,19.967455626412512]}"
239,590.0,-18.605714797973633,-11.173583984375,7.432131290435791,180,19.976683055397494,76.50842106901827,"Lonar, Индия",2025-12-31,2023-01-01,10,Copernicus GLO-30 (~30 м),1050,480,199,576.375,892.5,6.07991833111074,"{""type"":""Point"",""coordinates"":[76.50842106901827,19.967184231442367]}"
240,590.0,-17.461130142211914,-10.220993995666504,7.240137100219727,180,19.976683055397494,76.50842106901827,"Lonar, Индия",2025-12-31,2023-01-01,10,Copernicus GLO-30 (~30 м),1080,480,199,576.375,892.5,6.079908638853241,"{""type"":""Point"",""coordinates"":[76.50842106901827,19.96691283647222]}"
241,590.0,-18.338605880737305,-10.999052047729492,7.339552879333496,180,19.976683055397494,76.50842106901827,"Lonar, Индия",2025-12-31,2023-01-01,10,Copernicus GLO-30 (~30 м),1110,480,190,576.375,892.5,6.791176626572192,"{""type"":""Point"",""coordinates"":[76.50842106901827,19.966641441502073]}"
242,588.0,-19.31582260131836,-11.324942588806152,7.990879058837891,180,19.976683055397494,76.50842106901827,"Lonar, Индия",2025-12-31,2023-01-01,10,Copernicus GLO-30 (~30 м),1140,480,190,576.375,892.5,3.0485247336543932,"{""type"":""Point"",""coordinates"":[76.50842106901827,19.966370046531924]}"
243,588.0,-18.796649932861328,-11.373231887817383,7.423418998718262,180,19.976683055397494,76.50842106901827,"Lonar, Индия",2025-12-31,2023-01-01,10,Copernicus GLO-30 (~30 м),1170,480,180,576.375,892.5,0.0,"{""type"":""Point"",""coordinates"":[76.50842106901827,19.96609865156178]}"
244,588.0,-16.846561431884766,-10.479057312011719,6.367504596710205,180,19.976683055397494,76.50842106901827,"Lonar, Индия",2025-12-31,2023-01-01,10,Copernicus GLO-30 (~30 м),1200,480,180,576.375,892.5,0.0,"{""type"":""Point"",""coordinates"":[76.50842106901827,19.965827256591627]}"
245,588.0,-15.974151611328125,-8.70108413696289,7.273066997528076,180,19.976683055397494,76.50842106901827,"Lonar, Индия",2025-12-31,2023-01-01,10,Copernicus GLO-30 (~30 м),1230,480,171,576.375,892.5,3.0485100727851435,"{""type"":""Point"",""coordinates"":[76.50842106901827,19.965555861621485]}"
246,586.0,-15.189094543457031,-8.718523025512695,6.470571994781494,180,19.976683055397494,76.50842106901827,"Lonar, Индия",2025-12-31,2023-01-01,10,Copernicus GLO-30 (~30 м),1260,480,171,576.375,892.5,3.0485035570375976,"{""type"":""Point"",""coordinates"":[76.50842106901827,19.965284466651344]}"
247,585.0,-16.15184783935547,-8.864925384521484,7.286921977996826,180,19.976683055397494,76.50842106901827,"Lonar, Индия",2025-12-31,2023-01-01,10,Copernicus GLO-30 (~30 м),1290,480,171,576.375,892.5,3.048498670305422,"{""type"":""Point"",""coordinates"":[76.50842106901827,19.96501307168119]}"
248,587.0,-16.68128776550293,-8.724079132080078,7.957207679748535,180,19.976683055397494,76.50842106901827,"Lonar, Индия",2025-12-31,2023-01-01,10,Copernicus GLO-30 (~30 м),1320,480,152,576.375,892.5,9.077402442930948,"{""type"":""Point"",""coordinates"":[76.50842106901827,19.964741676711046]}"
249,586.0,-16.694284439086914,-9.154948234558105,7.539336681365967,180,19.976683055397494,76.50842106901827,"Lonar, Индия",2025-12-31,2023-01-01,10,Copernicus GLO-30 (~30 м),1350,480,161,576.375,892.5,6.079814953895468,"{""type"":""Point"",""coordinates"":[76.50842106901827,19.964470281740898]}"
250,585.0,-15.991524696350098,-9.502650260925293,6.4888739585876465,180,19.976683055397494,76.50842106901827,"Lonar, Индия",2025-12-31,2023-01-01,10,Copernicus GLO-30 (~30 м),1380,480,161,576.375,892.5,6.791075779923457,"{""type"":""Point"",""coordinates"":[76.50842106901827,19.964198886770752]}"
251,584.0,-15.677834510803223,-9.394639015197754,6.283195972442627,180,19.976683055397494,76.50842106901827,"Lonar, Индия",2025-12-31,2023-01-01,10,Copernicus GLO-30 (~30 м),1410,480,161,576.375,892.5,6.079792342149086,"{""type"":""Point"",""coordinates"":[76.50842106901827,19.963927491800604]}"
252,583.0,-16.85441780090332,-9.82803726196289,7.026381015777588,180,19.976683055397494,76.50842106901827,"Lonar, Индия",2025-12-31,2023-01-01,10,Copernicus GLO-30 (~30 м),1440,480,171,576.375,892.5,3.0484726088699654,"{""type"":""Point"",""coordinates"":[76.50842106901827,19.96365609683046]}"
253,582.0,-18.134765625,-10.348368644714355,7.7863969802856445,180,19.976683055397494,76.50842106901827,"Lonar, Индия",2025-12-31,2023-01-01,10,Copernicus GLO-30 (~30 м),1470,480,180,576.375,892.5,3.0484677222222056,"{""type"":""Point"",""coordinates"":[76.50842106901827,19.963384701860313]}"
254,581.0,-18.463743209838867,-10.959708213806152,7.504034042358398,180,19.976683055397494,76.50842106901827,"Lonar, Индия",2025-12-31,2023-01-01,10,Copernicus GLO-30 (~30 м),1500,480,161,576.375,892.5,6.791028962861366,"{""type"":""Point"",""coordinates"":[76.50842106901827,19.96311330689017]}"
255,480.0,-30.609132766723633,-24.46815299987793,6.140980243682861,225,19.976683055397494,76.50842106901827,"Lonar, Индия",2025-12-31,2023-01-01,10,Copernicus GLO-30 (~30 м),0,480,180,576.375,892.5,0.0,"{""type"":""Point"",""coordinates"":[76.50842106901827,19.976683055397498]}"
256,480.0,-29.79540252685547,-25.088016510009766,4.707386016845703,225,19.976683055397494,76.50842106901827,"Lonar, Индия",2025-12-31,2023-01-01,10,Copernicus GLO-30 (~30 м),30,480,180,576.375,892.5,0.0,"{""type"":""Point"",""coordinates"":[76.50821830870403,19.976491150173725]}"
257,480.0,-31.150890350341797,-25.026790618896484,6.1240997314453125,225,19.976683055397494,76.50842106901827,"Lonar, Индия",2025-12-31,2023-01-01,10,Copernicus GLO-30 (~30 м),60,480,180,576.375,892.5,0.0,"{""type"":""Point"",""coordinates"":[76.50801554838978,19.976299244949956]}"
258,480.0,-29.53101348876953,-25.246417999267578,4.284595966339111,225,19.976683055397494,76.50842106901827,"Lonar, Индия",2025-12-31,2023-01-01,10,Copernicus GLO-30 (~30 м),90,480,180,576.375,892.5,0.0,"{""type"":""Point"",""coordinates"":[76.50781278807555,19.976107339726184]}"
259,480.0,-30.71755027770996,-25.925779342651367,4.791770935058594,225,19.976683055397494,76.50842106901827,"Lonar, Индия",2025-12-31,2023-01-01,10,Copernicus GLO-30 (~30 м),120,480,180,576.375,892.5,0.0,"{""type"":""Point"",""coordinates"":[76.5076100277613,19.97591543450241]}"
260,480.0,-30.29191017150879,-25.93181610107422,4.3600945472717285,225,19.976683055397494,76.50842106901827,"Lonar, Индия",2025-12-31,2023-01-01,10,Copernicus GLO-30 (~30 м),150,480,180,576.375,892.5,0.0,"{""type"":""Point"",""coordinates"":[76.50740726744705,19.975723529278643]}"
261,480.0,-29.220338821411133,-24.867948532104492,4.352390289306641,225,19.976683055397494,76.50842106901827,"Lonar, Индия",2025-12-31,2023-01-01,10,Copernicus GLO-30 (~30 м),180,480,180,576.375,892.5,0.0,"{""type"":""Point"",""coordinates"":[76.50720450713281,19.975531624054874]}"
262,480.0,-31.301847457885742,-24.692249298095703,6.6095991134643555,225,19.976683055397494,76.50842106901827,"Lonar, Индия",2025-12-31,2023-01-01,10,Copernicus GLO-30 (~30 м),210,480,180,576.375,892.5,0.0,"{""type"":""Point"",""coordinates"":[76.50700174681856,19.975339718831105]}"
263,480.0,-29.739530563354492,-24.682191848754883,5.057338714599609,225,19.976683055397494,76.50842106901827,"Lonar, Индия",2025-12-31,2023-01-01,10,Copernicus GLO-30 (~30 м),240,480,180,576.375,892.5,0.0,"{""type"":""Point"",""coordinates"":[76.50679898650432,19.97514781360733]}"
264,480.0,-28.743488311767578,-25.230478286743164,3.5130109786987305,225,19.976683055397494,76.50842106901827,"Lonar, Индия",2025-12-31,2023-01-01,10,Copernicus GLO-30 (~30 м),270,480,180,576.375,892.5,0.0,"{""type"":""Point"",""coordinates"":[76.50659622619008,19.97495590838356]}"
265,480.0,-30.521472930908203,-25.574831008911133,4.946640968322754,225,19.976683055397494,76.50842106901827,"Lonar, Индия",2025-12-31,2023-01-01,10,Copernicus GLO-30 (~30 м),300,480,180,576.375,892.5,0.0,"{""type"":""Point"",""coordinates"":[76.50639346587583,19.974764003159784]}"
266,480.0,-30.0731258392334,-24.82734489440918,5.245781421661377,225,19.976683055397494,76.50842106901827,"Lonar, Индия",2025-12-31,2023-01-01,10,Copernicus GLO-30 (~30 м),330,480,180,576.375,892.5,0.0,"{""type"":""Point"",""coordinates"":[76.5061907055616,19.97457209793602]}"
267,480.0,-30.55230140686035,-25.37493324279785,5.177368640899658,225,19.976683055397494,76.50842106901827,"Lonar, Индия",2025-12-31,2023-01-01,10,Copernicus GLO-30 (~30 м),360,480,180,576.375,892.5,0.0,"{""type"":""Point"",""coordinates"":[76.50598794524736,19.974380192712243]}"
268,480.0,-29.897613525390625,-24.225677490234375,5.671935081481934,225,19.976683055397494,76.50842106901827,"Lonar, Индия",2025-12-31,2023-01-01,10,Copernicus GLO-30 (~30 м),390,480,180,576.375,892.5,0.0,"{""type"":""Point"",""coordinates"":[76.5057851849331,19.97418828748848]}"
269,480.0,-30.208236694335938,-25.878028869628906,4.330209255218506,225,19.976683055397494,76.50842106901827,"Lonar, Индия",2025-12-31,2023-01-01,10,Copernicus GLO-30 (~30 м),420,480,180,576.375,892.5,0.0,"{""type"":""Point"",""coordinates"":[76.50558242461886,19.973996382264705]}"
270,480.0,-30.697832107543945,-25.151134490966797,5.54669713973999,225,19.976683055397494,76.50842106901827,"Lonar, Индия",2025-12-31,2023-01-01,10,Copernicus GLO-30 (~30 м),450,480,180,576.375,892.5,0.0,"{""type"":""Point"",""coordinates"":[76.50537966430461,19.973804477040936]}"
271,480.0,-29.05653190612793,-24.66422462463379,4.392305850982666,225,19.976683055397494,76.50842106901827,"Lonar, Индия",2025-12-31,2023-01-01,10,Copernicus GLO-30 (~30 м),480,480,180,576.375,892.5,0.0,"{""type"":""Point"",""coordinates"":[76.50517690399037,19.973612571817167]}"
272,480.0,-28.343259811401367,-24.658349990844727,3.684908628463745,225,19.976683055397494,76.50842106901827,"Lonar, Индия",2025-12-31,2023-01-01,10,Copernicus GLO-30 (~30 м),510,480,180,576.375,892.5,0.0,"{""type"":""Point"",""coordinates"":[76.50497414367614,19.973420666593395]}"
273,480.0,-28.533065795898438,-24.175336837768555,4.357729911804199,225,19.976683055397494,76.50842106901827,"Lonar, Индия",2025-12-31,2023-01-01,10,Copernicus GLO-30 (~30 м),540,480,180,576.375,892.5,0.0,"{""type"":""Point"",""coordinates"":[76.50477138336188,19.97322876136963]}"
274,480.0,-28.464862823486328,-23.499088287353516,4.9657745361328125,225,19.976683055397494,76.50842106901827,"Lonar, Индия",2025-12-31,2023-01-01,10,Copernicus GLO-30 (~30 м),570,480,180,576.375,892.5,0.0,"{""type"":""Point"",""coordinates"":[76.50456862304765,19.973036856145853]}"
275,481.0,-27.442209243774414,-21.818328857421875,5.623879432678223,225,19.976683055397494,76.50842106901827,"Lonar, Индия",2025-12-31,2023-01-01,10,Copernicus GLO-30 (~30 м),600,480,134,576.375,892.5,15.193383322567312,"{""type"":""Point"",""coordinates"":[76.50436586273341,19.972844950922084]}"
276,486.0,-22.068056106567383,-16.28861427307129,5.77944278717041,225,19.976683055397494,76.50842106901827,"Lonar, Индия",2025-12-31,2023-01-01,10,Copernicus GLO-30 (~30 м),630,480,180,576.375,892.5,3.0486469309904867,"{""type"":""Point"",""coordinates"":[76.50416310241917,19.972653045698312]}"
277,493.0,-12.150331497192383,-6.64555025100708,5.504781246185303,225,19.976683055397494,76.50842106901827,"Lonar, Индия",2025-12-31,2023-01-01,10,Copernicus GLO-30 (~30 м),660,480,128,576.375,892.5,24.319093641461826,"{""type"":""Point"",""coordinates"":[76.50396034210492,19.97246114047454]}"
278,509.0,-11.101560592651367,-5.162614345550537,5.93894624710083,225,19.976683055397494,76.50842106901827,"Lonar, Индия",2025-12-31,2023-01-01,10,Copernicus GLO-30 (~30 м),690,480,96,576.375,892.5,28.039343435599722,"{""type"":""Point"",""coordinates"":[76.50375758179067,19.972269235250774]}"
279,509.0,-11.004199028015137,-5.468991756439209,5.535207748413086,225,19.976683055397494,76.50842106901827,"Lonar, Индия",2025-12-31,2023-01-01,10,Copernicus GLO-30 (~30 м),720,480,94,576.375,892.5,34.7765921560761,"{""type"":""Point"",""coordinates"":[76.50355482147643,19.972077330027005]}"
280,528.0,-10.752034187316895,-4.753923416137695,5.998110294342041,225,19.976683055397494,76.50842106901827,"Lonar, Индия",2025-12-31,2023-01-01,10,Copernicus GLO-30 (~30 м),750,480,180,576.375,892.5,0.0,"{""type"":""Point"",""coordinates"":[76.50335206116219,19.97188542480323]}"
281,553.0,-9.889242172241211,-3.9599459171295166,5.929296493530273,225,19.976683055397494,76.50842106901827,"Lonar, Индия",2025-12-31,2023-01-01,10,Copernicus GLO-30 (~30 м),780,480,73,576.375,892.5,36.70909497148034,"{""type"":""Point"",""coordinates"":[76.50314930084794,19.97169351957946]}"
282,579.0,-8.670719146728516,-2.7339301109313965,5.936789512634277,225,19.976683055397494,76.50842106901827,"Lonar, Индия",2025-12-31,2023-01-01,10,Copernicus GLO-30 (~30 м),810,480,86,576.375,892.5,41.13751364186634,"{""type"":""Point"",""coordinates"":[76.5029465405337,19.971501614355688]}"
283,579.0,-8.498346328735352,-2.2167367935180664,6.281609535217285,225,19.976683055397494,76.50842106901827,"Lonar, Индия",2025-12-31,2023-01-01,10,Copernicus GLO-30 (~30 м),840,480,180,576.375,892.5,25.609736379527767,"{""type"":""Point"",""coordinates"":[76.50274378021946,19.97130970913192]}"
284,599.0,-13.840720176696777,-7.4386820793151855,6.40203857421875,225,19.976683055397494,76.50842106901827,"Lonar, Индия",2025-12-31,2023-01-01,10,Copernicus GLO-30 (~30 м),870,480,89,576.375,892.5,30.363700968542087,"{""type"":""Point"",""coordinates"":[76.50254101990521,19.971117803908147]}"
285,597.0,-16.15389633178711,-10.259832382202148,5.894063949584961,225,19.976683055397494,76.50842106901827,"Lonar, Индия",2025-12-31,2023-01-01,10,Copernicus GLO-30 (~30 м),900,480,171,576.375,892.5,6.791360344713789,"{""type"":""Point"",""coordinates"":[76.50233825959097,19.970925898684374]}"
286,598.0,-16.539546966552734,-10.532474517822266,6.0070719718933105,225,19.976683055397494,76.50842106901827,"Lonar, Индия",2025-12-31,2023-01-01,10,Copernicus GLO-30 (~30 м),930,480,208,576.375,892.5,12.732555058359685,"{""type"":""Point"",""coordinates"":[76.50213549927672,19.970733993460605]}"
287,594.0,-17.09421157836914,-11.090984344482422,6.003228187561035,225,19.976683055397494,76.50842106901827,"Lonar, Индия",2025-12-31,2023-01-01,10,Copernicus GLO-30 (~30 м),960,480,180,576.375,892.5,0.0,"{""type"":""Point"",""coordinates"":[76.50193273896248,19.970542088236837]}"
288,591.0,-15.177417755126953,-8.508880615234375,6.668537616729736,225,19.976683055397494,76.50842106901827,"Lonar, Индия",2025-12-31,2023-01-01,10,Copernicus GLO-30 (~30 м),990,480,180,576.375,892.5,0.0,"{""type"":""Point"",""coordinates"":[76.50172997864824,19.970350183013068]}"
289,591.0,-15.081713676452637,-8.286293029785156,6.795419692993164,225,19.976683055397494,76.50842106901827,"Lonar, Индия",2025-12-31,2023-01-01,10,Copernicus GLO-30 (~30 м),1020,480,180,576.375,892.5,12.026135717091941,"{""type"":""Point"",""coordinates"":[76.50152721833399,19.970158277789302]}"
290,587.0,-16.155113220214844,-10.324658393859863,5.830454349517822,225,19.976683055397494,76.50842106901827,"Lonar, Индия",2025-12-31,2023-01-01,10,Copernicus GLO-30 (~30 м),1050,480,171,576.375,892.5,3.0485947879051314,"{""type"":""Point"",""coordinates"":[76.50132445801975,19.969966372565526]}"
291,583.0,-15.779621124267578,-10.274727821350098,5.5048933029174805,225,19.976683055397494,76.50842106901827,"Lonar, Индия",2025-12-31,2023-01-01,10,Copernicus GLO-30 (~30 м),1080,480,180,576.375,892.5,14.911327871998973,"{""type"":""Point"",""coordinates"":[76.50112169770551,19.96977446734175]}"
292,577.0,-17.18364906311035,-10.885228157043457,6.2984209060668945,225,19.976683055397494,76.50842106901827,"Lonar, Индия",2025-12-31,2023-01-01,10,Copernicus GLO-30 (~30 м),1110,480,180,576.375,892.5,12.026091952580023,"{""type"":""Point"",""coordinates"":[76.50091893739126,19.969582562117985]}"
293,577.0,-15.221555709838867,-9.77627944946289,5.445277214050293,225,19.976683055397494,76.50842106901827,"Lonar, Индия",2025-12-31,2023-01-01,10,Copernicus GLO-30 (~30 м),1140,480,180,576.375,892.5,3.048583383000424,"{""type"":""Point"",""coordinates"":[76.50071617707702,19.969390656894213]}"
294,576.0,-19.068153381347656,-11.790749549865723,7.277403831481934,225,19.976683055397494,76.50842106901827,"Lonar, Индия",2025-12-31,2023-01-01,10,Copernicus GLO-30 (~30 м),1170,480,199,576.375,892.5,6.0799958734869355,"{""type"":""Point"",""coordinates"":[76.50051341676279,19.96919875167044]}"
295,571.0,-19.43335723876953,-11.096874237060547,8.336483001708984,225,19.976683055397494,76.50842106901827,"Lonar, Индия",2025-12-31,2023-01-01,10,Copernicus GLO-30 (~30 м),1200,480,180,576.375,892.5,9.07764139514973,"{""type"":""Point"",""coordinates"":[76.50031065644853,19.96900684644667]}"
296,568.0,-16.717952728271484,-11.615854263305664,5.102099418640137,225,19.976683055397494,76.50842106901827,"Lonar, Индия",2025-12-31,2023-01-01,10,Copernicus GLO-30 (~30 м),1230,480,208,576.375,892.5,12.73240336226782,"{""type"":""Point"",""coordinates"":[76.5001078961343,19.968814941222906]}"
297,565.0,-18.34859848022461,-12.079886436462402,6.268713474273682,225,19.976683055397494,76.50842106901827,"Lonar, Индия",2025-12-31,2023-01-01,10,Copernicus GLO-30 (~30 м),1260,480,209,576.375,892.5,9.077622276912354,"{""type"":""Point"",""coordinates"":[76.49990513582004,19.96862303599913]}"
298,562.0,-18.8680362701416,-10.959120750427246,7.908915996551514,225,19.976683055397494,76.50842106901827,"Lonar, Индия",2025-12-31,2023-01-01,10,Copernicus GLO-30 (~30 м),1290,480,180,576.375,892.5,0.0,"{""type"":""Point"",""coordinates"":[76.4997023755058,19.96843113077536]}"
299,562.0,-17.602325439453125,-11.453994750976562,6.148330211639404,225,19.976683055397494,76.50842106901827,"Lonar, Индия",2025-12-31,2023-01-01,10,Copernicus GLO-30 (~30 м),1320,480,180,576.375,892.5,3.0485605738188406,"{""type"":""Point"",""coordinates"":[76.49949961519157,19.96823922555159]}"
300,563.0,-17.933935165405273,-10.596426963806152,7.337508678436279,225,19.976683055397494,76.50842106901827,"Lonar, Индия",2025-12-31,2023-01-01,10,Copernicus GLO-30 (~30 м),1350,480,180,576.375,892.5,0.0,"{""type"":""Point"",""coordinates"":[76.49929685487731,19.96804732032782]}"
301,565.0,-17.72426414489746,-10.416288375854492,7.307975769042969,225,19.976683055397494,76.50842106901827,"Lonar, Индия",2025-12-31,2023-01-01,10,Copernicus GLO-30 (~30 м),1380,480,180,576.375,892.5,6.079944177330216,"{""type"":""Point"",""coordinates"":[76.49909409456308,19.967855415104047]}"
302,566.0,-19.348329544067383,-11.16590690612793,8.182422637939453,225,19.976683055397494,76.50842106901827,"Lonar, Индия",2025-12-31,2023-01-01,10,Copernicus GLO-30 (~30 м),1410,480,180,576.375,892.5,6.079937715661397,"{""type"":""Point"",""coordinates"":[76.49889133424882,19.967663509880282]}"
303,566.0,-19.680152893066406,-10.642693519592285,9.037458419799805,225,19.976683055397494,76.50842106901827,"Lonar, Индия",2025-12-31,2023-01-01,10,Copernicus GLO-30 (~30 м),1440,480,199,576.375,892.5,6.079928023024088,"{""type"":""Point"",""coordinates"":[76.49868857393459,19.967471604656513]}"
304,567.0,-19.43694305419922,-10.676569938659668,8.760372161865234,225,19.976683055397494,76.50842106901827,"Lonar, Индия",2025-12-31,2023-01-01,10,Copernicus GLO-30 (~30 м),1470,480,209,576.375,892.5,9.559737073556976,"{""type"":""Point"",""coordinates"":[76.49848581362035,19.967279699432737]}"
305,564.0,-17.468568801879883,-10.222939491271973,7.24562931060791,225,19.976683055397494,76.50842106901827,"Lonar, Индия",2025-12-31,2023-01-01,10,Copernicus GLO-30 (~30 м),1500,480,199,576.375,892.5,6.7911982384068645,"{""type"":""Point"",""coordinates"":[76.4982830533061,19.967087794208968]}"
306,480.0,-30.609132766723633,-24.46815299987793,6.140980243682861,270,19.976683055397494,76.50842106901827,"Lonar, Индия",2025-12-31,2023-01-01,10,Copernicus GLO-30 (~30 м),0,480,180,576.375,892.5,0.0,"{""type"":""Point"",""coordinates"":[76.50842106901827,19.976683055397498]}"
307,480.0,-29.9239559173584,-24.922168731689453,5.001786231994629,270,19.976683055397494,76.50842106901827,"Lonar, Индия",2025-12-31,2023-01-01,10,Copernicus GLO-30 (~30 м),30,480,180,576.375,892.5,0.0,"{""type"":""Point"",""coordinates"":[76.50813432263197,19.976683055397494]}"
308,480.0,-32.69989013671875,-24.708925247192383,7.990963459014893,270,19.976683055397494,76.50842106901827,"Lonar, Индия",2025-12-31,2023-01-01,10,Copernicus GLO-30 (~30 м),60,480,180,576.375,892.5,0.0,"{""type"":""Point"",""coordinates"":[76.50784757624564,19.976683055397494]}"
309,480.0,-30.084930419921875,-25.982070922851562,4.102859973907471,270,19.976683055397494,76.50842106901827,"Lonar, Индия",2025-12-31,2023-01-01,10,Copernicus GLO-30 (~30 м),90,480,180,576.375,892.5,0.0,"{""type"":""Point"",""coordinates"":[76.50756082985933,19.976683055397494]}"
310,480.0,-29.927648544311523,-24.892316818237305,5.035330295562744,270,19.976683055397494,76.50842106901827,"Lonar, Индия",2025-12-31,2023-01-01,10,Copernicus GLO-30 (~30 м),120,480,180,576.375,892.5,0.0,"{""type"":""Point"",""coordinates"":[76.507274083473,19.976683055397494]}"
311,480.0,-30.300107955932617,-25.96807098388672,4.33203649520874,270,19.976683055397494,76.50842106901827,"Lonar, Индия",2025-12-31,2023-01-01,10,Copernicus GLO-30 (~30 м),150,480,180,576.375,892.5,0.0,"{""type"":""Point"",""coordinates"":[76.5069873370867,19.976683055397494]}"
312,480.0,-30.98881721496582,-24.935407638549805,6.053409099578857,270,19.976683055397494,76.50842106901827,"Lonar, Индия",2025-12-31,2023-01-01,10,Copernicus GLO-30 (~30 м),180,480,180,576.375,892.5,0.0,"{""type"":""Point"",""coordinates"":[76.50670059070039,19.976683055397494]}"
313,480.0,-29.104251861572266,-25.05895233154297,4.045298099517822,270,19.976683055397494,76.50842106901827,"Lonar, Индия",2025-12-31,2023-01-01,10,Copernicus GLO-30 (~30 м),210,480,180,576.375,892.5,0.0,"{""type"":""Point"",""coordinates"":[76.50641384431407,19.976683055397494]}"
314,480.0,-29.354875564575195,-25.091114044189453,4.263760566711426,270,19.976683055397494,76.50842106901827,"Lonar, Индия",2025-12-31,2023-01-01,10,Copernicus GLO-30 (~30 м),240,480,180,576.375,892.5,0.0,"{""type"":""Point"",""coordinates"":[76.50612709792776,19.976683055397498]}"
315,480.0,-29.201353073120117,-25.253034591674805,3.9483182430267334,270,19.976683055397494,76.50842106901827,"Lonar, Индия",2025-12-31,2023-01-01,10,Copernicus GLO-30 (~30 м),270,480,180,576.375,892.5,0.0,"{""type"":""Point"",""coordinates"":[76.50584035154144,19.976683055397498]}"
316,480.0,-30.464414596557617,-24.678083419799805,5.786330223083496,270,19.976683055397494,76.50842106901827,"Lonar, Индия",2025-12-31,2023-01-01,10,Copernicus GLO-30 (~30 м),300,480,180,576.375,892.5,0.0,"{""type"":""Point"",""coordinates"":[76.50555360515513,19.976683055397494]}"
317,480.0,-29.830381393432617,-24.521265029907227,5.309115409851074,270,19.976683055397494,76.50842106901827,"Lonar, Индия",2025-12-31,2023-01-01,10,Copernicus GLO-30 (~30 м),330,480,180,576.375,892.5,0.0,"{""type"":""Point"",""coordinates"":[76.50526685876882,19.97668305539749]}"
318,480.0,-29.802440643310547,-25.36170196533203,4.440738201141357,270,19.976683055397494,76.50842106901827,"Lonar, Индия",2025-12-31,2023-01-01,10,Copernicus GLO-30 (~30 м),360,480,180,576.375,892.5,0.0,"{""type"":""Point"",""coordinates"":[76.5049801123825,19.976683055397494]}"
319,480.0,-29.4373836517334,-25.076135635375977,4.361248016357422,270,19.976683055397494,76.50842106901827,"Lonar, Индия",2025-12-31,2023-01-01,10,Copernicus GLO-30 (~30 м),390,480,180,576.375,892.5,0.0,"{""type"":""Point"",""coordinates"":[76.50469336599619,19.976683055397494]}"
320,480.0,-30.193254470825195,-24.182119369506836,6.011135578155518,270,19.976683055397494,76.50842106901827,"Lonar, Индия",2025-12-31,2023-01-01,10,Copernicus GLO-30 (~30 м),420,480,180,576.375,892.5,0.0,"{""type"":""Point"",""coordinates"":[76.50440661960987,19.976683055397494]}"
321,480.0,-29.723388671875,-23.685422897338867,6.037965774536133,270,19.976683055397494,76.50842106901827,"Lonar, Индия",2025-12-31,2023-01-01,10,Copernicus GLO-30 (~30 м),450,480,180,576.375,892.5,0.0,"{""type"":""Point"",""coordinates"":[76.50411987322356,19.976683055397494]}"
322,480.0,-30.959497451782227,-23.713125228881836,7.246370792388916,270,19.976683055397494,76.50842106901827,"Lonar, Индия",2025-12-31,2023-01-01,10,Copernicus GLO-30 (~30 м),480,480,180,576.375,892.5,0.0,"{""type"":""Point"",""coordinates"":[76.50383312683725,19.976683055397494]}"
323,480.0,-28.412904739379883,-23.802139282226562,4.61076545715332,270,19.976683055397494,76.50842106901827,"Lonar, Индия",2025-12-31,2023-01-01,10,Copernicus GLO-30 (~30 м),510,480,180,576.375,892.5,0.0,"{""type"":""Point"",""coordinates"":[76.50354638045093,19.976683055397498]}"
324,480.0,-28.033428192138672,-23.184049606323242,4.84937858581543,270,19.976683055397494,76.50842106901827,"Lonar, Индия",2025-12-31,2023-01-01,10,Copernicus GLO-30 (~30 м),540,480,171,576.375,892.5,3.0487235296137487,"{""type"":""Point"",""coordinates"":[76.50325963406462,19.976683055397494]}"
325,481.0,-29.12686538696289,-23.07286834716797,6.05399751663208,270,19.976683055397494,76.50842106901827,"Lonar, Индия",2025-12-31,2023-01-01,10,Copernicus GLO-30 (~30 м),570,480,171,576.375,892.5,3.0487235293730577,"{""type"":""Point"",""coordinates"":[76.5029728876783,19.976683055397494]}"
326,482.0,-27.287771224975586,-21.563766479492188,5.724003791809082,270,19.976683055397494,76.50842106901827,"Lonar, Индия",2025-12-31,2023-01-01,10,Copernicus GLO-30 (~30 м),600,480,180,576.375,892.5,0.0,"{""type"":""Point"",""coordinates"":[76.50268614129199,19.976683055397494]}"
327,483.0,-17.024620056152344,-11.2559175491333,5.768702030181885,270,19.976683055397494,76.50842106901827,"Lonar, Индия",2025-12-31,2023-01-01,10,Copernicus GLO-30 (~30 м),630,480,152,576.375,892.5,9.07807642944188,"{""type"":""Point"",""coordinates"":[76.50239939490568,19.976683055397494]}"
328,486.0,-12.910530090332031,-6.718538284301758,6.191991329193115,270,19.976683055397494,76.50842106901827,"Lonar, Индия",2025-12-31,2023-01-01,10,Copernicus GLO-30 (~30 м),660,480,125,576.375,892.5,17.721968461511945,"{""type"":""Point"",""coordinates"":[76.50211264851936,19.976683055397498]}"
329,492.0,-11.53329849243164,-5.528412818908691,6.004886150360107,270,19.976683055397494,76.50842106901827,"Lonar, Индия",2025-12-31,2023-01-01,10,Copernicus GLO-30 (~30 м),690,480,152,576.375,892.5,9.07807642944188,"{""type"":""Point"",""coordinates"":[76.50182590213305,19.976683055397494]}"
330,495.0,-14.080036163330078,-8.239380836486816,5.84065580368042,270,19.976683055397494,76.50842106901827,"Lonar, Индия",2025-12-31,2023-01-01,10,Copernicus GLO-30 (~30 м),720,480,152,576.375,892.5,9.07807642944188,"{""type"":""Point"",""coordinates"":[76.50153915574673,19.976683055397498]}"
331,498.0,-12.463494300842285,-6.226683616638184,6.23681116104126,270,19.976683055397494,76.50842106901827,"Lonar, Индия",2025-12-31,2023-01-01,10,Copernicus GLO-30 (~30 м),750,480,102,576.375,892.5,25.610489903841806,"{""type"":""Point"",""coordinates"":[76.50125240936042,19.976683055397494]}"
332,516.0,-9.669321060180664,-3.5268893241882324,6.14243221282959,270,19.976683055397494,76.50842106901827,"Lonar, Индия",2025-12-31,2023-01-01,10,Copernicus GLO-30 (~30 м),780,480,102,576.375,892.5,25.610489905608276,"{""type"":""Point"",""coordinates"":[76.50096566297411,19.976683055397494]}"
333,533.0,-9.04585075378418,-2.726658344268799,6.319192886352539,270,19.976683055397494,76.50842106901827,"Lonar, Индия",2025-12-31,2023-01-01,10,Copernicus GLO-30 (~30 м),810,480,59,576.375,892.5,42.15861020621114,"{""type"":""Point"",""coordinates"":[76.50067891658779,19.976683055397498]}"
334,546.0,-8.86325740814209,-1.65348482131958,7.209772109985352,270,19.976683055397494,76.50842106901827,"Lonar, Индия",2025-12-31,2023-01-01,10,Copernicus GLO-30 (~30 м),840,480,78,576.375,892.5,34.69822550901638,"{""type"":""Point"",""coordinates"":[76.50039217020148,19.976683055397494]}"
335,558.0,-8.341822624206543,-1.6526051759719849,6.6892170906066895,270,19.976683055397494,76.50842106901827,"Lonar, Индия",2025-12-31,2023-01-01,10,Copernicus GLO-30 (~30 м),870,480,83,576.375,892.5,32.58372275127982,"{""type"":""Point"",""coordinates"":[76.50010542381516,19.976683055397494]}"
336,570.0,-10.360176086425781,-1.9550790786743164,8.405097007751465,270,19.976683055397494,76.50842106901827,"Lonar, Индия",2025-12-31,2023-01-01,10,Copernicus GLO-30 (~30 м),900,480,83,576.375,892.5,32.58372275127982,"{""type"":""Point"",""coordinates"":[76.49981867742885,19.976683055397494]}"
337,579.0,-13.876288414001465,-6.701798439025879,7.174490451812744,270,19.976683055397494,76.50842106901827,"Lonar, Индия",2025-12-31,2023-01-01,10,Copernicus GLO-30 (~30 м),930,480,102,576.375,892.5,25.610489905608276,"{""type"":""Point"",""coordinates"":[76.49953193104254,19.976683055397494]}"
338,583.0,-18.846452713012695,-11.429180145263672,7.417273044586182,270,19.976683055397494,76.50842106901827,"Lonar, Индия",2025-12-31,2023-01-01,10,Copernicus GLO-30 (~30 м),960,480,143,576.375,892.5,12.026617218739258,"{""type"":""Point"",""coordinates"":[76.49924518465622,19.976683055397494]}"
339,583.0,-16.780906677246094,-10.003886222839355,6.77701997756958,270,19.976683055397494,76.50842106901827,"Lonar, Индия",2025-12-31,2023-01-01,10,Copernicus GLO-30 (~30 м),990,480,180,576.375,892.5,0.0,"{""type"":""Point"",""coordinates"":[76.49895843826991,19.976683055397494]}"
340,584.0,-16.241912841796875,-10.645745277404785,5.596168041229248,270,19.976683055397494,76.50842106901827,"Lonar, Индия",2025-12-31,2023-01-01,10,Copernicus GLO-30 (~30 м),1020,480,171,576.375,892.5,3.0487235293730577,"{""type"":""Point"",""coordinates"":[76.49867169188359,19.976683055397498]}"
341,584.0,-14.204699516296387,-9.148534774780273,5.0561652183532715,270,19.976683055397494,76.50842106901827,"Lonar, Индия",2025-12-31,2023-01-01,10,Copernicus GLO-30 (~30 м),1050,480,180,576.375,892.5,0.0,"{""type"":""Point"",""coordinates"":[76.49838494549728,19.976683055397498]}"
342,584.0,-16.15483283996582,-10.389849662780762,5.764982223510742,270,19.976683055397494,76.50842106901827,"Lonar, Индия",2025-12-31,2023-01-01,10,Copernicus GLO-30 (~30 м),1080,480,180,576.375,892.5,0.0,"{""type"":""Point"",""coordinates"":[76.49809819911098,19.976683055397494]}"
343,585.0,-14.651656150817871,-9.480895042419434,5.170760631561279,270,19.976683055397494,76.50842106901827,"Lonar, Индия",2025-12-31,2023-01-01,10,Copernicus GLO-30 (~30 м),1110,480,180,576.375,892.5,0.0,"{""type"":""Point"",""coordinates"":[76.49781145272465,19.976683055397494]}"
344,586.0,-16.707244873046875,-10.598126411437988,6.109118938446045,270,19.976683055397494,76.50842106901827,"Lonar, Индия",2025-12-31,2023-01-01,10,Copernicus GLO-30 (~30 м),1140,480,180,576.375,892.5,0.0,"{""type"":""Point"",""coordinates"":[76.49752470633834,19.976683055397494]}"
345,583.0,-18.102441787719727,-12.31201171875,5.790430068969727,270,19.976683055397494,76.50842106901827,"Lonar, Индия",2025-12-31,2023-01-01,10,Copernicus GLO-30 (~30 м),1170,480,180,576.375,892.5,0.0,"{""type"":""Point"",""coordinates"":[76.49723795995202,19.976683055397498]}"
346,580.0,-17.77141761779785,-12.484806060791016,5.2866106033325195,270,19.976683055397494,76.50842106901827,"Lonar, Индия",2025-12-31,2023-01-01,10,Copernicus GLO-30 (~30 м),1200,480,180,576.375,892.5,0.0,"{""type"":""Point"",""coordinates"":[76.49695121356571,19.976683055397494]}"
347,579.0,-16.900732040405273,-10.942741394042969,5.957990646362305,270,19.976683055397494,76.50842106901827,"Lonar, Индия",2025-12-31,2023-01-01,10,Copernicus GLO-30 (~30 м),1230,480,180,576.375,892.5,0.0,"{""type"":""Point"",""coordinates"":[76.4966644671794,19.976683055397494]}"
348,578.0,-17.265762329101562,-10.402092933654785,6.863668441772461,270,19.976683055397494,76.50842106901827,"Lonar, Индия",2025-12-31,2023-01-01,10,Copernicus GLO-30 (~30 м),1260,480,180,576.375,892.5,0.0,"{""type"":""Point"",""coordinates"":[76.49637772079308,19.976683055397494]}"
349,576.0,-18.03810691833496,-11.344707489013672,6.693399429321289,270,19.976683055397494,76.50842106901827,"Lonar, Индия",2025-12-31,2023-01-01,10,Copernicus GLO-30 (~30 м),1290,480,180,576.375,892.5,0.0,"{""type"":""Point"",""coordinates"":[76.49609097440677,19.976683055397498]}"
350,575.0,-18.69630241394043,-11.360065460205078,7.33623743057251,270,19.976683055397494,76.50842106901827,"Lonar, Индия",2025-12-31,2023-01-01,10,Copernicus GLO-30 (~30 м),1320,480,180,576.375,892.5,0.0,"{""type"":""Point"",""coordinates"":[76.49580422802045,19.976683055397498]}"
351,572.0,-19.443466186523438,-11.438802719116211,8.00466251373291,270,19.976683055397494,76.50842106901827,"Lonar, Индия",2025-12-31,2023-01-01,10,Copernicus GLO-30 (~30 м),1350,480,180,576.375,892.5,0.0,"{""type"":""Point"",""coordinates"":[76.49551748163414,19.976683055397494]}"
352,571.0,-18.71931266784668,-11.330775260925293,7.3885369300842285,270,19.976683055397494,76.50842106901827,"Lonar, Индия",2025-12-31,2023-01-01,10,Copernicus GLO-30 (~30 м),1380,480,180,576.375,892.5,0.0,"{""type"":""Point"",""coordinates"":[76.49523073524783,19.976683055397494]}"
353,571.0,-18.824724197387695,-11.292613983154297,7.532110214233398,270,19.976683055397494,76.50842106901827,"Lonar, Индия",2025-12-31,2023-01-01,10,Copernicus GLO-30 (~30 м),1410,480,190,576.375,892.5,3.0487235296137487,"{""type"":""Point"",""coordinates"":[76.49494398886151,19.976683055397494]}"
354,570.0,-17.719575881958008,-10.474140167236328,7.2454352378845215,270,19.976683055397494,76.50842106901827,"Lonar, Индия",2025-12-31,2023-01-01,10,Copernicus GLO-30 (~30 м),1440,480,190,576.375,892.5,3.0487235296137487,"{""type"":""Point"",""coordinates"":[76.4946572424752,19.976683055397494]}"
355,569.0,-17.6599178314209,-11.301740646362305,6.358177661895752,270,19.976683055397494,76.50842106901827,"Lonar, Индия",2025-12-31,2023-01-01,10,Copernicus GLO-30 (~30 м),1470,480,171,576.375,892.5,3.0487235293730577,"{""type"":""Point"",""coordinates"":[76.49437049608888,19.976683055397498]}"
356,570.0,-18.824932098388672,-11.092530250549316,7.732402801513672,270,19.976683055397494,76.50842106901827,"Lonar, Индия",2025-12-31,2023-01-01,10,Copernicus GLO-30 (~30 м),1500,480,190,576.375,892.5,3.0487235293730577,"{""type"":""Point"",""coordinates"":[76.49408374970257,19.976683055397498]}"
357,480.0,-30.609132766723633,-24.46815299987793,6.140980243682861,315,19.976683055397494,76.50842106901827,"Lonar, Индия",2025-12-31,2023-01-01,10,Copernicus GLO-30 (~30 м),0,480,180,576.375,892.5,0.0,"{""type"":""Point"",""coordinates"":[76.50842106901827,19.976683055397498]}"
358,480.0,-30.528505325317383,-25.082927703857422,5.445577621459961,315,19.976683055397494,76.50842106901827,"Lonar, Индия",2025-12-31,2023-01-01,10,Copernicus GLO-30 (~30 м),30,480,180,576.375,892.5,0.0,"{""type"":""Point"",""coordinates"":[76.50821830870403,19.976874960621263]}"
359,480.0,-32.22681427001953,-25.030399322509766,7.196415901184082,315,19.976683055397494,76.50842106901827,"Lonar, Индия",2025-12-31,2023-01-01,10,Copernicus GLO-30 (~30 м),60,480,180,576.375,892.5,0.0,"{""type"":""Point"",""coordinates"":[76.50801554838978,19.977066865845035]}"
360,480.0,-30.060211181640625,-25.015371322631836,5.044840335845947,315,19.976683055397494,76.50842106901827,"Lonar, Индия",2025-12-31,2023-01-01,10,Copernicus GLO-30 (~30 м),90,480,180,576.375,892.5,0.0,"{""type"":""Point"",""coordinates"":[76.50781278807555,19.977258771068804]}"
361,480.0,-30.0825252532959,-24.29764747619629,5.784878253936768,315,19.976683055397494,76.50842106901827,"Lonar, Индия",2025-12-31,2023-01-01,10,Copernicus GLO-30 (~30 м),120,480,180,576.375,892.5,0.0,"{""type"":""Point"",""coordinates"":[76.5076100277613,19.977450676292573]}"
362,480.0,-31.732019424438477,-24.7147274017334,7.017292022705078,315,19.976683055397494,76.50842106901827,"Lonar, Индия",2025-12-31,2023-01-01,10,Copernicus GLO-30 (~30 м),150,480,180,576.375,892.5,0.0,"{""type"":""Point"",""coordinates"":[76.50740726744705,19.977642581516346]}"
363,480.0,-30.109506607055664,-25.51407814025879,4.595430374145508,315,19.976683055397494,76.50842106901827,"Lonar, Индия",2025-12-31,2023-01-01,10,Copernicus GLO-30 (~30 м),180,480,180,576.375,892.5,0.0,"{""type"":""Point"",""coordinates"":[76.50720450713281,19.977834486740118]}"
364,480.0,-30.89860725402832,-25.107379913330078,5.791226387023926,315,19.976683055397494,76.50842106901827,"Lonar, Индия",2025-12-31,2023-01-01,10,Copernicus GLO-30 (~30 м),210,480,180,576.375,892.5,0.0,"{""type"":""Point"",""coordinates"":[76.50700174681856,19.978026391963887]}"
365,480.0,-28.941625595092773,-24.93885612487793,4.0027689933776855,315,19.976683055397494,76.50842106901827,"Lonar, Индия",2025-12-31,2023-01-01,10,Copernicus GLO-30 (~30 м),240,480,180,576.375,892.5,0.0,"{""type"":""Point"",""coordinates"":[76.50679898650432,19.97821829718766]}"
366,480.0,-29.043882369995117,-24.893281936645508,4.150599956512451,315,19.976683055397494,76.50842106901827,"Lonar, Индия",2025-12-31,2023-01-01,10,Copernicus GLO-30 (~30 м),270,480,180,576.375,892.5,0.0,"{""type"":""Point"",""coordinates"":[76.50659622619008,19.978410202411432]}"
367,480.0,-30.680421829223633,-25.21649742126465,5.463924407958984,315,19.976683055397494,76.50842106901827,"Lonar, Индия",2025-12-31,2023-01-01,10,Copernicus GLO-30 (~30 м),300,480,180,576.375,892.5,0.0,"{""type"":""Point"",""coordinates"":[76.50639346587583,19.9786021076352]}"
368,480.0,-29.42862892150879,-25.568157196044922,3.860471725463867,315,19.976683055397494,76.50842106901827,"Lonar, Индия",2025-12-31,2023-01-01,10,Copernicus GLO-30 (~30 м),330,480,180,576.375,892.5,0.0,"{""type"":""Point"",""coordinates"":[76.5061907055616,19.97879401285897]}"
369,480.0,-30.577632904052734,-24.97566795349121,5.601965427398682,315,19.976683055397494,76.50842106901827,"Lonar, Индия",2025-12-31,2023-01-01,10,Copernicus GLO-30 (~30 м),360,480,180,576.375,892.5,0.0,"{""type"":""Point"",""coordinates"":[76.50598794524736,19.978985918082746]}"
370,480.0,-28.71420669555664,-25.4239559173584,3.2902512550354004,315,19.976683055397494,76.50842106901827,"Lonar, Индия",2025-12-31,2023-01-01,10,Copernicus GLO-30 (~30 м),390,480,180,576.375,892.5,0.0,"{""type"":""Point"",""coordinates"":[76.5057851849331,19.97917782330651]}"
371,480.0,-30.016845703125,-24.889657974243164,5.127188682556152,315,19.976683055397494,76.50842106901827,"Lonar, Индия",2025-12-31,2023-01-01,10,Copernicus GLO-30 (~30 м),420,480,180,576.375,892.5,0.0,"{""type"":""Point"",""coordinates"":[76.50558242461886,19.979369728530283]}"
372,480.0,-29.40506362915039,-25.042800903320312,4.36226224899292,315,19.976683055397494,76.50842106901827,"Lonar, Индия",2025-12-31,2023-01-01,10,Copernicus GLO-30 (~30 м),450,480,180,576.375,892.5,0.0,"{""type"":""Point"",""coordinates"":[76.50537966430461,19.979561633754056]}"
373,480.0,-29.60932159423828,-24.138927459716797,5.470395088195801,315,19.976683055397494,76.50842106901827,"Lonar, Индия",2025-12-31,2023-01-01,10,Copernicus GLO-30 (~30 м),480,480,180,576.375,892.5,0.0,"{""type"":""Point"",""coordinates"":[76.50517690399037,19.97975353897782]}"
374,480.0,-28.644887924194336,-23.55353355407715,5.0913543701171875,315,19.976683055397494,76.50842106901827,"Lonar, Индия",2025-12-31,2023-01-01,10,Copernicus GLO-30 (~30 м),510,480,180,576.375,892.5,0.0,"{""type"":""Point"",""coordinates"":[76.50497414367614,19.979945444201594]}"
375,480.0,-28.70384407043457,-24.412845611572266,4.290998458862305,315,19.976683055397494,76.50842106901827,"Lonar, Индия",2025-12-31,2023-01-01,10,Copernicus GLO-30 (~30 м),540,480,180,576.375,892.5,0.0,"{""type"":""Point"",""coordinates"":[76.50477138336188,19.980137349425362]}"
376,480.0,-27.79515838623047,-22.900663375854492,4.894495010375977,315,19.976683055397494,76.50842106901827,"Lonar, Индия",2025-12-31,2023-01-01,10,Copernicus GLO-30 (~30 м),570,480,180,576.375,892.5,0.0,"{""type"":""Point"",""coordinates"":[76.50456862304765,19.98032925464913]}"
377,480.0,-28.04725456237793,-21.646894454956055,6.400359153747559,315,19.976683055397494,76.50842106901827,"Lonar, Индия",2025-12-31,2023-01-01,10,Copernicus GLO-30 (~30 м),600,480,180,576.375,892.5,0.0,"{""type"":""Point"",""coordinates"":[76.50436586273341,19.980521159872907]}"
378,487.0,-26.8056697845459,-20.72964859008789,6.076020240783691,315,19.976683055397494,76.50842106901827,"Lonar, Индия",2025-12-31,2023-01-01,10,Copernicus GLO-30 (~30 м),630,480,180,576.375,892.5,20.447133325087012,"{""type"":""Point"",""coordinates"":[76.50416310241917,19.980713065096673]}"
379,486.0,-17.043725967407227,-10.64697265625,6.396752834320068,315,19.976683055397494,76.50842106901827,"Lonar, Индия",2025-12-31,2023-01-01,10,Copernicus GLO-30 (~30 м),660,480,190,576.375,892.5,3.048805035510583,"{""type"":""Point"",""coordinates"":[76.50396034210492,19.98090497032044]}"
380,496.0,-11.155715942382812,-5.698748588562012,5.456966876983643,315,19.976683055397494,76.50842106901827,"Lonar, Индия",2025-12-31,2023-01-01,10,Copernicus GLO-30 (~30 м),690,480,110,576.375,892.5,23.078679858032977,"{""type"":""Point"",""coordinates"":[76.50375758179067,19.981096875544218]}"
381,502.0,-11.732151985168457,-5.406534671783447,6.325616836547852,315,19.976683055397494,76.50842106901827,"Lonar, Индия",2025-12-31,2023-01-01,10,Copernicus GLO-30 (~30 м),720,480,113,576.375,892.5,28.040705925456546,"{""type"":""Point"",""coordinates"":[76.50355482147643,19.981288780767986]}"
382,510.0,-11.770061492919922,-5.067759037017822,6.7023024559021,315,19.976683055397494,76.50842106901827,"Lonar, Индия",2025-12-31,2023-01-01,10,Copernicus GLO-30 (~30 м),750,480,180,576.375,892.5,28.04073139690062,"{""type"":""Point"",""coordinates"":[76.50335206116219,19.98148068599176]}"
383,529.0,-10.473612785339355,-4.823533535003662,5.650079727172852,315,19.976683055397494,76.50842106901827,"Lonar, Индия",2025-12-31,2023-01-01,10,Copernicus GLO-30 (~30 м),780,480,102,576.375,892.5,25.611195777317832,"{""type"":""Point"",""coordinates"":[76.50314930084794,19.98167259121553]}"
384,548.0,-10.651345252990723,-4.220010757446289,6.431334972381592,315,19.976683055397494,76.50842106901827,"Lonar, Индия",2025-12-31,2023-01-01,10,Copernicus GLO-30 (~30 м),810,480,110,576.375,892.5,35.62428843799008,"{""type"":""Point"",""coordinates"":[76.5029465405337,19.9818644964393]}"
385,548.0,-9.718228340148926,-4.224942207336426,5.493285655975342,315,19.976683055397494,76.50842106901827,"Lonar, Индия",2025-12-31,2023-01-01,10,Copernicus GLO-30 (~30 м),840,480,180,576.375,892.5,34.6991448910165,"{""type"":""Point"",""coordinates"":[76.50274378021946,19.98205640166307]}"
386,576.0,-9.906540870666504,-3.2258808612823486,6.680659770965576,315,19.976683055397494,76.50842106901827,"Lonar, Индия",2025-12-31,2023-01-01,10,Copernicus GLO-30 (~30 м),870,480,68,576.375,892.5,38.622628275948294,"{""type"":""Point"",""coordinates"":[76.50254101990521,19.98224830688684]}"
387,587.0,-13.349376678466797,-6.137031078338623,7.212345123291016,315,19.976683055397494,76.50842106901827,"Lonar, Индия",2025-12-31,2023-01-01,10,Copernicus GLO-30 (~30 м),900,480,134,576.375,892.5,14.912472575812828,"{""type"":""Point"",""coordinates"":[76.50233825959097,19.98244021211061]}"
388,598.0,-16.655027389526367,-10.150808334350586,6.5042195320129395,315,19.976683055397494,76.50842106901827,"Lonar, Индия",2025-12-31,2023-01-01,10,Copernicus GLO-30 (~30 м),930,480,189,576.375,892.5,17.951470534373573,"{""type"":""Point"",""coordinates"":[76.50213549927672,19.982632117334383]}"
389,597.0,-18.129396438598633,-11.92498779296875,6.204408168792725,315,19.976683055397494,76.50842106901827,"Lonar, Индия",2025-12-31,2023-01-01,10,Copernicus GLO-30 (~30 м),960,480,180,576.375,892.5,0.0,"{""type"":""Point"",""coordinates"":[76.50193273896248,19.98282402255815]}"
390,596.0,-16.651248931884766,-10.67380142211914,5.977446556091309,315,19.976683055397494,76.50842106901827,"Lonar, Индия",2025-12-31,2023-01-01,10,Copernicus GLO-30 (~30 м),990,480,199,576.375,892.5,6.080522744187371,"{""type"":""Point"",""coordinates"":[76.50172997864824,19.98301592778192]}"
391,595.0,-15.778554916381836,-10.154336929321289,5.624217987060547,315,19.976683055397494,76.50842106901827,"Lonar, Индия",2025-12-31,2023-01-01,10,Copernicus GLO-30 (~30 м),1020,480,180,576.375,892.5,3.0488506869635805,"{""type"":""Point"",""coordinates"":[76.50152721833399,19.983207833005693]}"
392,595.0,-16.907520294189453,-11.849028587341309,5.058492183685303,315,19.976683055397494,76.50842106901827,"Lonar, Индия",2025-12-31,2023-01-01,10,Copernicus GLO-30 (~30 м),1050,480,199,576.375,892.5,6.791893730043523,"{""type"":""Point"",""coordinates"":[76.50132445801975,19.983399738229462]}"
393,592.0,-18.216516494750977,-12.059961318969727,6.15655517578125,315,19.976683055397494,76.50842106901827,"Lonar, Индия",2025-12-31,2023-01-01,10,Copernicus GLO-30 (~30 м),1080,480,180,576.375,892.5,0.0,"{""type"":""Point"",""coordinates"":[76.50112169770551,19.983591643453234]}"
394,592.0,-17.804384231567383,-11.13499927520752,6.669384479522705,315,19.976683055397494,76.50842106901827,"Lonar, Индия",2025-12-31,2023-01-01,10,Copernicus GLO-30 (~30 м),1110,480,180,576.375,892.5,3.048860470117363,"{""type"":""Point"",""coordinates"":[76.50091893739126,19.983783548677007]}"
395,591.0,-17.812685012817383,-9.969481468200684,7.843203067779541,315,19.976683055397494,76.50842106901827,"Lonar, Индия",2025-12-31,2023-01-01,10,Copernicus GLO-30 (~30 м),1140,480,190,576.375,892.5,9.560732233885961,"{""type"":""Point"",""coordinates"":[76.50071617707702,19.98397545390078]}"
396,588.0,-17.621721267700195,-9.522640228271484,8.099081993103027,315,19.976683055397494,76.50842106901827,"Lonar, Индия",2025-12-31,2023-01-01,10,Copernicus GLO-30 (~30 м),1170,480,180,576.375,892.5,0.0,"{""type"":""Point"",""coordinates"":[76.50051341676279,19.98416735912454]}"
397,587.0,-18.082107543945312,-10.975811004638672,7.106295585632324,315,19.976683055397494,76.50842106901827,"Lonar, Индия",2025-12-31,2023-01-01,10,Copernicus GLO-30 (~30 м),1200,480,180,576.375,892.5,3.0488718839507567,"{""type"":""Point"",""coordinates"":[76.50031065644853,19.98435926434832]}"
398,586.0,-17.40149688720703,-11.618709564208984,5.782788276672363,315,19.976683055397494,76.50842106901827,"Lonar, Индия",2025-12-31,2023-01-01,10,Copernicus GLO-30 (~30 м),1230,480,171,576.375,892.5,6.791944205000686,"{""type"":""Point"",""coordinates"":[76.5001078961343,19.984551169572086]}"
399,586.0,-18.899145126342773,-12.511878967285156,6.387265205383301,315,19.976683055397494,76.50842106901827,"Lonar, Индия",2025-12-31,2023-01-01,10,Copernicus GLO-30 (~30 м),1260,480,171,576.375,892.5,3.048880037200654,"{""type"":""Point"",""coordinates"":[76.49990513582004,19.98474307479586]}"
400,583.0,-17.90268898010254,-11.728828430175781,6.173861026763916,315,19.976683055397494,76.50842106901827,"Lonar, Индия",2025-12-31,2023-01-01,10,Copernicus GLO-30 (~30 м),1290,480,180,576.375,892.5,12.027230281773697,"{""type"":""Point"",""coordinates"":[76.4997023755058,19.984934980019627]}"
401,584.0,-16.518638610839844,-9.986763000488281,6.5318756103515625,315,19.976683055397494,76.50842106901827,"Lonar, Индия",2025-12-31,2023-01-01,10,Copernicus GLO-30 (~30 м),1320,480,171,576.375,892.5,6.791965837233411,"{""type"":""Point"",""coordinates"":[76.49949961519157,19.9851268852434]}"
402,582.0,-17.161657333374023,-10.608929634094238,6.552727222442627,315,19.976683055397494,76.50842106901827,"Lonar, Индия",2025-12-31,2023-01-01,10,Copernicus GLO-30 (~30 м),1350,480,171,576.375,892.5,4.307723024976351,"{""type"":""Point"",""coordinates"":[76.49929685487731,19.985318790467165]}"
403,583.0,-15.635261535644531,-9.997504234313965,5.637757301330566,315,19.976683055397494,76.50842106901827,"Lonar, Индия",2025-12-31,2023-01-01,10,Copernicus GLO-30 (~30 м),1380,480,180,576.375,892.5,0.0,"{""type"":""Point"",""coordinates"":[76.49909409456308,19.985510695690945]}"
404,582.0,-16.203723907470703,-10.15498161315918,6.048741340637207,315,19.976683055397494,76.50842106901827,"Lonar, Индия",2025-12-31,2023-01-01,10,Copernicus GLO-30 (~30 м),1410,480,180,576.375,892.5,0.0,"{""type"":""Point"",""coordinates"":[76.49889133424882,19.98570260091471]}"
405,580.0,-16.097251892089844,-9.303926467895508,6.793325424194336,315,19.976683055397494,76.50842106901827,"Lonar, Индия",2025-12-31,2023-01-01,10,Copernicus GLO-30 (~30 м),1440,480,199,576.375,892.5,6.792001893295953,"{""type"":""Point"",""coordinates"":[76.49868857393459,19.985894506138482]}"
406,581.0,-19.610593795776367,-11.017770767211914,8.592822074890137,315,19.976683055397494,76.50842106901827,"Lonar, Индия",2025-12-31,2023-01-01,10,Copernicus GLO-30 (~30 м),1470,480,199,576.375,892.5,6.080642395348524,"{""type"":""Point"",""coordinates"":[76.49848581362035,19.98608641136225]}"
407,578.0,-16.835922241210938,-9.031527519226074,7.80439567565918,315,19.976683055397494,76.50842106901827,"Lonar, Индия",2025-12-31,2023-01-01,10,Copernicus GLO-30 (~30 м),1500,480,190,576.375,892.5,4.307748321755091,"{""type"":""Point"",""coordinates"":[76.4982830533061,19.98627831658602]}"
