system:index,DEM,VH,VV,VV_VH_diff,azimuth,center_lat,center_lon,crater_name,date_end,date_start,dem_scale_m,dem_source,distance_m,floor_elevation_m,hillshade,rim_elevation_m,rim_radius_m,slope,.geo
0,327.0,-27.43694496154785,-21.397397994995117,6.039547443389893,0,-19.171792298689898,127.79529592248608,"Wolfe Creek, Австралия",2025-12-31,2023-01-01,10,Copernicus GLO-30 (~30 м),0,327,180,371.6875,457.5,0.0,"{""type"":""Point"",""coordinates"":[127.79529592248608,-19.1717922986899]}"
1,327.0,-28.160917282104492,-22.471572875976562,5.689344882965088,0,-19.171792298689898,127.79529592248608,"Wolfe Creek, Австралия",2025-12-31,2023-01-01,10,Copernicus GLO-30 (~30 м),30,327,180,371.6875,457.5,0.0,"{""type"":""Point"",""coordinates"":[127.79529592248608,-19.171520903719756]}"
2,328.0,-26.35246467590332,-19.47563362121582,6.8768310546875,0,-19.171792298689898,127.79529592248608,"Wolfe Creek, Австралия",2025-12-31,2023-01-01,10,Copernicus GLO-30 (~30 м),60,327,180,371.6875,457.5,3.0335510020899186,"{""type"":""Point"",""coordinates"":[127.79529592248608,-19.171249508749607]}"
3,328.0,-27.56321907043457,-19.714305877685547,7.848913192749023,0,-19.171792298689898,127.79529592248608,"Wolfe Creek, Австралия",2025-12-31,2023-01-01,10,Copernicus GLO-30 (~30 м),90,327,180,371.6875,457.5,0.0,"{""type"":""Point"",""coordinates"":[127.79529592248608,-19.17097811377946]}"
4,328.0,-27.13215446472168,-22.11798095703125,5.0141730308532715,0,-19.171792298689898,127.79529592248608,"Wolfe Creek, Австралия",2025-12-31,2023-01-01,10,Copernicus GLO-30 (~30 м),120,327,180,371.6875,457.5,0.0,"{""type"":""Point"",""coordinates"":[127.79529592248608,-19.17070671880931]}"
5,328.0,-26.924800872802734,-20.608808517456055,6.3159918785095215,0,-19.171792298689898,127.79529592248608,"Wolfe Creek, Австралия",2025-12-31,2023-01-01,10,Copernicus GLO-30 (~30 м),150,327,180,371.6875,457.5,3.0335369718234255,"{""type"":""Point"",""coordinates"":[127.79529592248608,-19.17043532383917]}"
6,329.0,-21.481388092041016,-13.157185554504395,8.324201583862305,0,-19.171792298689898,127.79529592248608,"Wolfe Creek, Австралия",2025-12-31,2023-01-01,10,Copernicus GLO-30 (~30 м),180,327,180,371.6875,457.5,3.033532295286908,"{""type"":""Point"",""coordinates"":[127.79529592248608,-19.170163928869016]}"
7,330.0,-20.441747665405273,-12.330765724182129,8.110982894897461,0,-19.171792298689898,127.79529592248608,"Wolfe Creek, Австралия",2025-12-31,2023-01-01,10,Copernicus GLO-30 (~30 м),210,327,180,371.6875,457.5,3.0335260597159968,"{""type"":""Point"",""coordinates"":[127.79529592248608,-19.16989253389887]}"
8,331.0,-19.71976089477539,-13.473339080810547,6.246421813964844,0,-19.171792298689898,127.79529592248608,"Wolfe Creek, Австралия",2025-12-31,2023-01-01,10,Copernicus GLO-30 (~30 м),240,327,180,371.6875,457.5,0.0,"{""type"":""Point"",""coordinates"":[127.79529592248608,-19.169621138928726]}"
9,331.0,-18.631479263305664,-13.832413673400879,4.799065113067627,0,-19.171792298689898,127.79529592248608,"Wolfe Creek, Австралия",2025-12-31,2023-01-01,10,Copernicus GLO-30 (~30 м),270,327,180,371.6875,457.5,3.033516706914759,"{""type"":""Point"",""coordinates"":[127.79529592248608,-19.169349743958577]}"
10,332.0,-17.668664932250977,-12.357283592224121,5.311382293701172,0,-19.171792298689898,127.79529592248608,"Wolfe Creek, Австралия",2025-12-31,2023-01-01,10,Copernicus GLO-30 (~30 м),300,327,180,371.6875,457.5,0.0,"{""type"":""Point"",""coordinates"":[127.79529592248608,-19.16907834898843]}"
11,332.0,-17.94571876525879,-12.613107681274414,5.332610130310059,0,-19.171792298689898,127.79529592248608,"Wolfe Creek, Австралия",2025-12-31,2023-01-01,10,Copernicus GLO-30 (~30 м),330,327,180,371.6875,457.5,0.0,"{""type"":""Point"",""coordinates"":[127.79529592248608,-19.168806954018287]}"
12,334.0,-17.17599105834961,-11.188679695129395,5.987312316894531,0,-19.171792298689898,127.79529592248608,"Wolfe Creek, Австралия",2025-12-31,2023-01-01,10,Copernicus GLO-30 (~30 м),360,327,180,371.6875,457.5,36.572366886792864,"{""type"":""Point"",""coordinates"":[127.79529592248608,-19.168535559048138]}"
13,348.0,-16.563018798828125,-11.216437339782715,5.346581935882568,0,-19.171792298689898,127.79529592248608,"Wolfe Creek, Австралия",2025-12-31,2023-01-01,10,Copernicus GLO-30 (~30 м),390,327,180,371.6875,457.5,27.920917533861882,"{""type"":""Point"",""coordinates"":[127.79529592248608,-19.168264164077993]}"
14,358.0,-15.619338989257812,-9.088031768798828,6.531306743621826,0,-19.171792298689898,127.79529592248608,"Wolfe Creek, Австралия",2025-12-31,2023-01-01,10,Copernicus GLO-30 (~30 м),420,327,180,371.6875,457.5,32.45339582912585,"{""type"":""Point"",""coordinates"":[127.79529592248608,-19.16799276910785]}"
15,370.0,-16.998207092285156,-10.908551216125488,6.08965539932251,0,-19.171792298689898,127.79529592248608,"Wolfe Creek, Австралия",2025-12-31,2023-01-01,10,Copernicus GLO-30 (~30 м),450,327,180,371.6875,457.5,0.0,"{""type"":""Point"",""coordinates"":[127.79529592248608,-19.1677213741377]}"
16,375.0,-19.41254234313965,-11.522418975830078,7.89012336730957,0,-19.171792298689898,127.79529592248608,"Wolfe Creek, Австралия",2025-12-31,2023-01-01,10,Copernicus GLO-30 (~30 м),480,327,180,371.6875,457.5,0.0,"{""type"":""Point"",""coordinates"":[127.79529592248608,-19.167449979167557]}"
17,371.0,-19.45964241027832,-14.283754348754883,5.1758880615234375,0,-19.171792298689898,127.79529592248608,"Wolfe Creek, Австралия",2025-12-31,2023-01-01,10,Copernicus GLO-30 (~30 м),510,327,180,371.6875,457.5,14.840533051615038,"{""type"":""Point"",""coordinates"":[127.79529592248608,-19.16717858419741]}"
18,366.0,-21.572526931762695,-15.17065143585205,6.401876449584961,0,-19.171792298689898,127.79529592248608,"Wolfe Creek, Австралия",2025-12-31,2023-01-01,10,Copernicus GLO-30 (~30 м),540,327,180,371.6875,457.5,0.0,"{""type"":""Point"",""coordinates"":[127.79529592248608,-19.16690718922726]}"
19,367.0,-19.687288284301758,-14.616683959960938,5.0706048011779785,0,-19.171792298689898,127.79529592248608,"Wolfe Creek, Австралия",2025-12-31,2023-01-01,10,Copernicus GLO-30 (~30 м),570,327,180,371.6875,457.5,0.0,"{""type"":""Point"",""coordinates"":[127.79529592248608,-19.166635794257115]}"
20,368.0,-19.129283905029297,-13.961284637451172,5.167998313903809,0,-19.171792298689898,127.79529592248608,"Wolfe Creek, Австралия",2025-12-31,2023-01-01,10,Copernicus GLO-30 (~30 м),600,327,180,371.6875,457.5,0.0,"{""type"":""Point"",""coordinates"":[127.79529592248608,-19.16636439928697]}"
21,367.0,-18.653446197509766,-13.555455207824707,5.097990036010742,0,-19.171792298689898,127.79529592248608,"Wolfe Creek, Австралия",2025-12-31,2023-01-01,10,Copernicus GLO-30 (~30 м),630,327,180,371.6875,457.5,0.0,"{""type"":""Point"",""coordinates"":[127.79529592248608,-19.166093004316824]}"
22,364.0,-19.828975677490234,-14.39192008972168,5.437056064605713,0,-19.171792298689898,127.79529592248608,"Wolfe Creek, Австралия",2025-12-31,2023-01-01,10,Copernicus GLO-30 (~30 м),660,327,180,371.6875,457.5,0.0,"{""type"":""Point"",""coordinates"":[127.79529592248608,-19.165821609346676]}"
23,363.0,-21.114776611328125,-15.412613868713379,5.7021613121032715,0,-19.171792298689898,127.79529592248608,"Wolfe Creek, Австралия",2025-12-31,2023-01-01,10,Copernicus GLO-30 (~30 м),690,327,180,371.6875,457.5,0.0,"{""type"":""Point"",""coordinates"":[127.79529592248608,-19.16555021437653]}"
24,362.0,-20.435283660888672,-15.170610427856445,5.264672756195068,0,-19.171792298689898,127.79529592248608,"Wolfe Creek, Австралия",2025-12-31,2023-01-01,10,Copernicus GLO-30 (~30 м),720,327,180,371.6875,457.5,0.0,"{""type"":""Point"",""coordinates"":[127.79529592248608,-19.16527881940638]}"
25,361.0,-21.70574378967285,-14.600872039794922,7.104872226715088,0,-19.171792298689898,127.79529592248608,"Wolfe Creek, Австралия",2025-12-31,2023-01-01,10,Copernicus GLO-30 (~30 м),750,327,180,371.6875,457.5,0.0,"{""type"":""Point"",""coordinates"":[127.79529592248608,-19.165007424436233]}"
26,359.0,-21.830867767333984,-16.073673248291016,5.7571940422058105,0,-19.171792298689898,127.79529592248608,"Wolfe Creek, Австралия",2025-12-31,2023-01-01,10,Copernicus GLO-30 (~30 м),780,327,180,371.6875,457.5,0.0,"{""type"":""Point"",""coordinates"":[127.79529592248608,-19.16473602946609]}"
27,360.0,-23.042491912841797,-15.647919654846191,7.394571304321289,0,-19.171792298689898,127.79529592248608,"Wolfe Creek, Австралия",2025-12-31,2023-01-01,10,Copernicus GLO-30 (~30 м),810,327,180,371.6875,457.5,0.0,"{""type"":""Point"",""coordinates"":[127.79529592248608,-19.164464634495943]}"
28,360.0,-23.070932388305664,-16.361658096313477,6.709273815155029,0,-19.171792298689898,127.79529592248608,"Wolfe Creek, Австралия",2025-12-31,2023-01-01,10,Copernicus GLO-30 (~30 м),840,327,180,371.6875,457.5,0.0,"{""type"":""Point"",""coordinates"":[127.79529592248608,-19.164193239525794]}"
29,359.0,-23.592086791992188,-16.911514282226562,6.680572986602783,0,-19.171792298689898,127.79529592248608,"Wolfe Creek, Австралия",2025-12-31,2023-01-01,10,Copernicus GLO-30 (~30 м),870,327,180,371.6875,457.5,0.0,"{""type"":""Point"",""coordinates"":[127.79529592248608,-19.163921844555652]}"
30,358.0,-24.0356502532959,-16.703134536743164,7.332516670227051,0,-19.171792298689898,127.79529592248608,"Wolfe Creek, Австралия",2025-12-31,2023-01-01,10,Copernicus GLO-30 (~30 м),900,327,180,371.6875,457.5,3.033412283521906,"{""type"":""Point"",""coordinates"":[127.79529592248608,-19.1636504495855]}"
31,358.0,-22.80974006652832,-17.345457077026367,5.464282035827637,0,-19.171792298689898,127.79529592248608,"Wolfe Creek, Австралия",2025-12-31,2023-01-01,10,Copernicus GLO-30 (~30 м),930,327,180,371.6875,457.5,0.0,"{""type"":""Point"",""coordinates"":[127.79529592248608,-19.163379054615362]}"
32,359.0,-23.72270965576172,-16.471155166625977,7.251554489135742,0,-19.171792298689898,127.79529592248608,"Wolfe Creek, Австралия",2025-12-31,2023-01-01,10,Copernicus GLO-30 (~30 м),960,327,180,371.6875,457.5,0.0,"{""type"":""Point"",""coordinates"":[127.79529592248608,-19.163107659645213]}"
33,358.0,-23.320566177368164,-15.460797309875488,7.859769344329834,0,-19.171792298689898,127.79529592248608,"Wolfe Creek, Австралия",2025-12-31,2023-01-01,10,Copernicus GLO-30 (~30 м),990,327,180,371.6875,457.5,0.0,"{""type"":""Point"",""coordinates"":[127.79529592248608,-19.16283626467506]}"
34,357.0,-23.353002548217773,-16.07796859741211,7.2750349044799805,0,-19.171792298689898,127.79529592248608,"Wolfe Creek, Австралия",2025-12-31,2023-01-01,10,Copernicus GLO-30 (~30 м),1020,327,180,371.6875,457.5,3.0333920258552753,"{""type"":""Point"",""coordinates"":[127.79529592248608,-19.16256486970492]}"
35,357.0,-22.967910766601562,-15.600580215454102,7.367331027984619,0,-19.171792298689898,127.79529592248608,"Wolfe Creek, Австралия",2025-12-31,2023-01-01,10,Copernicus GLO-30 (~30 м),1050,327,180,371.6875,457.5,0.0,"{""type"":""Point"",""coordinates"":[127.79529592248608,-19.162293474734767]}"
36,357.0,-21.923267364501953,-15.848784446716309,6.074482440948486,0,-19.171792298689898,127.79529592248608,"Wolfe Creek, Австралия",2025-12-31,2023-01-01,10,Copernicus GLO-30 (~30 м),1080,327,180,371.6875,457.5,0.0,"{""type"":""Point"",""coordinates"":[127.79529592248608,-19.162022079764622]}"
37,357.0,-21.193300247192383,-15.463781356811523,5.729518413543701,0,-19.171792298689898,127.79529592248608,"Wolfe Creek, Австралия",2025-12-31,2023-01-01,10,Copernicus GLO-30 (~30 м),1110,327,180,371.6875,457.5,0.0,"{""type"":""Point"",""coordinates"":[127.79529592248608,-19.161750684794477]}"
38,357.0,-21.235506057739258,-14.264305114746094,6.971199989318848,0,-19.171792298689898,127.79529592248608,"Wolfe Creek, Австралия",2025-12-31,2023-01-01,10,Copernicus GLO-30 (~30 м),1140,327,180,371.6875,457.5,0.0,"{""type"":""Point"",""coordinates"":[127.79529592248608,-19.16147928982433]}"
39,357.0,-21.27271270751953,-15.137510299682617,6.1352033615112305,0,-19.171792298689898,127.79529592248608,"Wolfe Creek, Австралия",2025-12-31,2023-01-01,10,Copernicus GLO-30 (~30 м),1170,327,180,371.6875,457.5,0.0,"{""type"":""Point"",""coordinates"":[127.79529592248608,-19.161207894854183]}"
40,356.0,-21.93882942199707,-14.780034065246582,7.158795356750488,0,-19.171792298689898,127.79529592248608,"Wolfe Creek, Австралия",2025-12-31,2023-01-01,10,Copernicus GLO-30 (~30 м),1200,327,180,371.6875,457.5,3.033362421235095,"{""type"":""Point"",""coordinates"":[127.79529592248608,-19.160936499884038]}"
41,356.0,-21.940372467041016,-15.527836799621582,6.41253662109375,0,-19.171792298689898,127.79529592248608,"Wolfe Creek, Австралия",2025-12-31,2023-01-01,10,Copernicus GLO-30 (~30 м),1230,327,180,371.6875,457.5,0.0,"{""type"":""Point"",""coordinates"":[127.79529592248608,-19.16066510491389]}"
42,356.0,-22.94762420654297,-15.345246315002441,7.6023783683776855,0,-19.171792298689898,127.79529592248608,"Wolfe Creek, Австралия",2025-12-31,2023-01-01,10,Copernicus GLO-30 (~30 м),1260,327,180,371.6875,457.5,0.0,"{""type"":""Point"",""coordinates"":[127.79529592248608,-19.160393709943747]}"
43,356.0,-21.80945587158203,-16.967247009277344,4.842208385467529,0,-19.171792298689898,127.79529592248608,"Wolfe Creek, Австралия",2025-12-31,2023-01-01,10,Copernicus GLO-30 (~30 м),1290,327,180,371.6875,457.5,0.0,"{""type"":""Point"",""coordinates"":[127.79529592248608,-19.160122314973595]}"
44,355.0,-22.166200637817383,-15.28817081451416,6.8780293464660645,0,-19.171792298689898,127.79529592248608,"Wolfe Creek, Австралия",2025-12-31,2023-01-01,10,Copernicus GLO-30 (~30 м),1320,327,180,371.6875,457.5,3.033342166959202,"{""type"":""Point"",""coordinates"":[127.79529592248608,-19.159850920003453]}"
45,355.0,-21.89063835144043,-15.389487266540527,6.501150608062744,0,-19.171792298689898,127.79529592248608,"Wolfe Creek, Австралия",2025-12-31,2023-01-01,10,Copernicus GLO-30 (~30 м),1350,327,180,371.6875,457.5,0.0,"{""type"":""Point"",""coordinates"":[127.79529592248608,-19.159579525033305]}"
46,355.0,-21.658113479614258,-15.055112838745117,6.603000640869141,0,-19.171792298689898,127.79529592248608,"Wolfe Creek, Австралия",2025-12-31,2023-01-01,10,Copernicus GLO-30 (~30 м),1380,327,180,371.6875,457.5,3.0333328191570295,"{""type"":""Point"",""coordinates"":[127.79529592248608,-19.15930813006316]}"
47,355.0,-22.697776794433594,-15.390981674194336,7.306793689727783,0,-19.171792298689898,127.79529592248608,"Wolfe Creek, Австралия",2025-12-31,2023-01-01,10,Copernicus GLO-30 (~30 м),1410,327,180,371.6875,457.5,3.033326587384273,"{""type"":""Point"",""coordinates"":[127.79529592248608,-19.159036735093014]}"
48,354.0,-23.226085662841797,-15.850146293640137,7.375939846038818,0,-19.171792298689898,127.79529592248608,"Wolfe Creek, Австралия",2025-12-31,2023-01-01,10,Copernicus GLO-30 (~30 м),1440,327,180,371.6875,457.5,3.0333219139042407,"{""type"":""Point"",""coordinates"":[127.79529592248608,-19.158765340122866]}"
49,354.0,-23.689146041870117,-15.588335990905762,8.100810050964355,0,-19.171792298689898,127.79529592248608,"Wolfe Creek, Австралия",2025-12-31,2023-01-01,10,Copernicus GLO-30 (~30 м),1470,327,180,371.6875,457.5,6.049725671032038,"{""type"":""Point"",""coordinates"":[127.79529592248608,-19.15849394515272]}"
50,356.0,-24.7064151763916,-16.578369140625,8.128046989440918,0,-19.171792298689898,127.79529592248608,"Wolfe Creek, Австралия",2025-12-31,2023-01-01,10,Copernicus GLO-30 (~30 м),1500,327,180,371.6875,457.5,3.0333125666704372,"{""type"":""Point"",""coordinates"":[127.79529592248608,-19.158222550182572]}"
51,327.0,-27.43694496154785,-21.397397994995117,6.039547443389893,22.5,-19.171792298689898,127.79529592248608,"Wolfe Creek, Австралия",2025-12-31,2023-01-01,10,Copernicus GLO-30 (~30 м),0,327,180,371.6875,457.5,0.0,"{""type"":""Point"",""coordinates"":[127.79529592248608,-19.1717922986899]}"
52,327.0,-27.86717414855957,-21.10875701904297,6.758417129516602,22.5,-19.171792298689898,127.79529592248608,"Wolfe Creek, Австралия",2025-12-31,2023-01-01,10,Copernicus GLO-30 (~30 м),30,327,180,371.6875,457.5,0.0,"{""type"":""Point"",""coordinates"":[127.79540510880086,-19.171541562431752]}"
53,327.0,-25.909011840820312,-18.661888122558594,7.247122764587402,22.5,-19.171792298689898,127.79529592248608,"Wolfe Creek, Австралия",2025-12-31,2023-01-01,10,Copernicus GLO-30 (~30 м),60,327,180,371.6875,457.5,3.033552561164332,"{""type"":""Point"",""coordinates"":[127.79551429511564,-19.17129082617361]}"
54,328.0,-24.28387451171875,-17.0701961517334,7.213679313659668,22.5,-19.171792298689898,127.79529592248608,"Wolfe Creek, Австралия",2025-12-31,2023-01-01,10,Copernicus GLO-30 (~30 м),90,327,180,371.6875,457.5,0.0,"{""type"":""Point"",""coordinates"":[127.79562348143043,-19.17104008991546]}"
55,328.0,-26.598983764648438,-20.44911766052246,6.149865627288818,22.5,-19.171792298689898,127.79529592248608,"Wolfe Creek, Австралия",2025-12-31,2023-01-01,10,Copernicus GLO-30 (~30 м),120,327,180,371.6875,457.5,0.0,"{""type"":""Point"",""coordinates"":[127.7957326677452,-19.17078935365732]}"
56,329.0,-26.44988250732422,-19.27785873413086,7.172024726867676,22.5,-19.171792298689898,127.79529592248608,"Wolfe Creek, Австралия",2025-12-31,2023-01-01,10,Copernicus GLO-30 (~30 м),150,327,180,371.6875,457.5,0.0,"{""type"":""Point"",""coordinates"":[127.79584185405999,-19.170538617399174]}"
57,328.0,-17.199602127075195,-11.084956169128418,6.114646911621094,22.5,-19.171792298689898,127.79529592248608,"Wolfe Creek, Австралия",2025-12-31,2023-01-01,10,Copernicus GLO-30 (~30 м),180,327,171,371.6875,457.5,3.0335338543546784,"{""type"":""Point"",""coordinates"":[127.79595104037476,-19.170287881141032]}"
58,329.0,-19.76371192932129,-11.986621856689453,7.777090549468994,22.5,-19.171792298689898,127.79529592248608,"Wolfe Creek, Австралия",2025-12-31,2023-01-01,10,Copernicus GLO-30 (~30 м),210,327,180,371.6875,457.5,0.0,"{""type"":""Point"",""coordinates"":[127.79606022668953,-19.170037144882887]}"
59,329.0,-19.328510284423828,-13.364798545837402,5.963711738586426,22.5,-19.171792298689898,127.79529592248608,"Wolfe Creek, Австралия",2025-12-31,2023-01-01,10,Copernicus GLO-30 (~30 м),240,327,180,371.6875,457.5,0.0,"{""type"":""Point"",""coordinates"":[127.79616941300432,-19.16978640862474]}"
60,329.0,-20.938180923461914,-14.473164558410645,6.465016841888428,22.5,-19.171792298689898,127.79529592248608,"Wolfe Creek, Австралия",2025-12-31,2023-01-01,10,Copernicus GLO-30 (~30 м),270,327,180,371.6875,457.5,0.0,"{""type"":""Point"",""coordinates"":[127.7962785993191,-19.16953567236659]}"
61,329.0,-20.28057861328125,-14.831186294555664,5.449392318725586,22.5,-19.171792298689898,127.79529592248608,"Wolfe Creek, Австралия",2025-12-31,2023-01-01,10,Copernicus GLO-30 (~30 м),300,327,180,371.6875,457.5,0.0,"{""type"":""Point"",""coordinates"":[127.79638778563388,-19.169284936108447]}"
62,334.0,-19.663148880004883,-14.780268669128418,4.882880687713623,22.5,-19.171792298689898,127.79529592248608,"Wolfe Creek, Австралия",2025-12-31,2023-01-01,10,Copernicus GLO-30 (~30 м),330,327,199,371.6875,457.5,8.524626079068181,"{""type"":""Point"",""coordinates"":[127.79649697194866,-19.169034199850305]}"
63,334.0,-18.28827667236328,-12.988064765930176,5.300211429595947,22.5,-19.171792298689898,127.79529592248608,"Wolfe Creek, Австралия",2025-12-31,2023-01-01,10,Copernicus GLO-30 (~30 м),360,327,180,371.6875,457.5,20.35280545618162,"{""type"":""Point"",""coordinates"":[127.79660615826344,-19.16878346359216]}"
64,341.0,-17.76090431213379,-11.514463424682617,6.246441841125488,22.5,-19.171792298689898,127.79529592248608,"Wolfe Creek, Австралия",2025-12-31,2023-01-01,10,Copernicus GLO-30 (~30 м),390,327,180,371.6875,457.5,30.239413866466688,"{""type"":""Point"",""coordinates"":[127.79671534457822,-19.168532727334018]}"
65,352.0,-17.799955368041992,-11.778898239135742,6.02105712890625,22.5,-19.171792298689898,127.79529592248608,"Wolfe Creek, Австралия",2025-12-31,2023-01-01,10,Copernicus GLO-30 (~30 м),420,327,245,371.6875,457.5,41.41217688633218,"{""type"":""Point"",""coordinates"":[127.79682453089299,-19.168281991075872]}"
66,372.0,-19.719192504882812,-11.133472442626953,8.58572006225586,22.5,-19.171792298689898,127.79529592248608,"Wolfe Creek, Австралия",2025-12-31,2023-01-01,10,Copernicus GLO-30 (~30 м),450,327,235,371.6875,457.5,17.866704482684295,"{""type"":""Point"",""coordinates"":[127.79693371720778,-19.168031254817723]}"
67,373.0,-18.049428939819336,-11.41066837310791,6.638760566711426,22.5,-19.171792298689898,127.79529592248608,"Wolfe Creek, Австралия",2025-12-31,2023-01-01,10,Copernicus GLO-30 (~30 м),480,327,190,371.6875,457.5,3.0334870905001163,"{""type"":""Point"",""coordinates"":[127.79704290352255,-19.167780518559574]}"
68,371.0,-19.228849411010742,-13.708667755126953,5.520181655883789,22.5,-19.171792298689898,127.79529592248608,"Wolfe Creek, Австралия",2025-12-31,2023-01-01,10,Copernicus GLO-30 (~30 м),510,327,180,371.6875,457.5,0.0,"{""type"":""Point"",""coordinates"":[127.79715208983734,-19.167529782301433]}"
69,369.0,-18.958688735961914,-13.765562057495117,5.193126678466797,22.5,-19.171792298689898,127.79529592248608,"Wolfe Creek, Австралия",2025-12-31,2023-01-01,10,Copernicus GLO-30 (~30 м),540,327,180,371.6875,457.5,6.050047085326324,"{""type"":""Point"",""coordinates"":[127.79726127615211,-19.16727904604329]}"
70,366.0,-19.56498146057129,-14.532927513122559,5.032054424285889,22.5,-19.171792298689898,127.79529592248608,"Wolfe Creek, Австралия",2025-12-31,2023-01-01,10,Copernicus GLO-30 (~30 м),570,327,180,371.6875,457.5,9.033337075118142,"{""type"":""Point"",""coordinates"":[127.7973704624669,-19.167028309785145]}"
71,366.0,-19.084030151367188,-13.576464653015137,5.507565498352051,22.5,-19.171792298689898,127.79529592248608,"Wolfe Creek, Австралия",2025-12-31,2023-01-01,10,Copernicus GLO-30 (~30 м),600,327,180,371.6875,457.5,3.0334699459279677,"{""type"":""Point"",""coordinates"":[127.79747964878167,-19.166777573527]}"
72,365.0,-18.59061622619629,-13.785514831542969,4.80510139465332,22.5,-19.171792298689898,127.79529592248608,"Wolfe Creek, Австралия",2025-12-31,2023-01-01,10,Copernicus GLO-30 (~30 м),630,327,171,371.6875,457.5,4.285968342090914,"{""type"":""Point"",""coordinates"":[127.79758883509646,-19.166526837268854]}"
73,365.0,-19.223918914794922,-14.247954368591309,4.975964069366455,22.5,-19.171792298689898,127.79529592248608,"Wolfe Creek, Австралия",2025-12-31,2023-01-01,10,Copernicus GLO-30 (~30 м),660,327,190,371.6875,457.5,3.0334605944651027,"{""type"":""Point"",""coordinates"":[127.79769802141124,-19.16627610101071]}"
74,365.0,-19.304161071777344,-14.298330307006836,5.005831241607666,22.5,-19.171792298689898,127.79529592248608,"Wolfe Creek, Австралия",2025-12-31,2023-01-01,10,Copernicus GLO-30 (~30 м),690,327,180,371.6875,457.5,9.033282196330205,"{""type"":""Point"",""coordinates"":[127.79780720772601,-19.166025364752564]}"
75,362.0,-20.58901596069336,-15.168144226074219,5.420871734619141,22.5,-19.171792298689898,127.79529592248608,"Wolfe Creek, Австралия",2025-12-31,2023-01-01,10,Copernicus GLO-30 (~30 м),720,327,171,371.6875,457.5,3.033451243591543,"{""type"":""Point"",""coordinates"":[127.7979163940408,-19.165774628494418]}"
76,358.0,-21.952770233154297,-16.10851287841797,5.844257354736328,22.5,-19.171792298689898,127.79529592248608,"Wolfe Creek, Австралия",2025-12-31,2023-01-01,10,Copernicus GLO-30 (~30 м),750,327,180,371.6875,457.5,0.0,"{""type"":""Point"",""coordinates"":[127.79802558035557,-19.165523892236276]}"
77,357.0,-22.459409713745117,-16.91853904724121,5.54086971282959,22.5,-19.171792298689898,127.79529592248608,"Wolfe Creek, Австралия",2025-12-31,2023-01-01,10,Copernicus GLO-30 (~30 м),780,327,180,371.6875,457.5,0.0,"{""type"":""Point"",""coordinates"":[127.79813476667036,-19.16527315597813]}"
78,356.0,-24.000732421875,-16.968936920166016,7.031795024871826,22.5,-19.171792298689898,127.79529592248608,"Wolfe Creek, Австралия",2025-12-31,2023-01-01,10,Copernicus GLO-30 (~30 м),810,327,171,371.6875,457.5,3.0334372169450785,"{""type"":""Point"",""coordinates"":[127.79824395298513,-19.165022419719993]}"
79,357.0,-22.30931282043457,-16.162342071533203,6.146970272064209,22.5,-19.171792298689898,127.79529592248608,"Wolfe Creek, Австралия",2025-12-31,2023-01-01,10,Copernicus GLO-30 (~30 м),840,327,180,371.6875,457.5,0.0,"{""type"":""Point"",""coordinates"":[127.79835313929992,-19.164771683461844]}"
80,358.0,-22.909948348999023,-16.02260971069336,6.887338638305664,22.5,-19.171792298689898,127.79529592248608,"Wolfe Creek, Австралия",2025-12-31,2023-01-01,10,Copernicus GLO-30 (~30 м),870,327,190,371.6875,457.5,4.285915593513799,"{""type"":""Point"",""coordinates"":[127.79846232561466,-19.16452094720369]}"
81,359.0,-23.321889877319336,-16.34093475341797,6.980954170227051,22.5,-19.171792298689898,127.79529592248608,"Wolfe Creek, Австралия",2025-12-31,2023-01-01,10,Copernicus GLO-30 (~30 м),900,327,180,371.6875,457.5,0.0,"{""type"":""Point"",""coordinates"":[127.79857151192948,-19.16427021094555]}"
82,357.0,-23.59526252746582,-16.213197708129883,7.382065296173096,22.5,-19.171792298689898,127.79529592248608,"Wolfe Creek, Австралия",2025-12-31,2023-01-01,10,Copernicus GLO-30 (~30 м),930,327,180,371.6875,457.5,6.049926535924588,"{""type"":""Point"",""coordinates"":[127.79868069824425,-19.164019474687407]}"
83,357.0,-23.56446075439453,-16.655643463134766,6.908817291259766,22.5,-19.171792298689898,127.79529592248608,"Wolfe Creek, Австралия",2025-12-31,2023-01-01,10,Copernicus GLO-30 (~30 м),960,327,180,371.6875,457.5,3.0334138414397227,"{""type"":""Point"",""coordinates"":[127.79878988455903,-19.163768738429265]}"
84,356.0,-21.53653335571289,-15.845316886901855,5.691216468811035,22.5,-19.171792298689898,127.79529592248608,"Wolfe Creek, Австралия",2025-12-31,2023-01-01,10,Copernicus GLO-30 (~30 м),990,327,180,371.6875,457.5,3.0334091665501597,"{""type"":""Point"",""coordinates"":[127.79889907087382,-19.163518002171116]}"
85,355.0,-22.08527374267578,-15.030618667602539,7.054654121398926,22.5,-19.171792298689898,127.79529592248608,"Wolfe Creek, Австралия",2025-12-31,2023-01-01,10,Copernicus GLO-30 (~30 м),1020,327,180,371.6875,457.5,6.049898719764697,"{""type"":""Point"",""coordinates"":[127.79900825718856,-19.16326726591297]}"
86,357.0,-22.135570526123047,-16.017274856567383,6.118294715881348,22.5,-19.171792298689898,127.79529592248608,"Wolfe Creek, Австралия",2025-12-31,2023-01-01,10,Copernicus GLO-30 (~30 м),1050,327,180,371.6875,457.5,0.0,"{""type"":""Point"",""coordinates"":[127.79911744350338,-19.163016529654826]}"
87,357.0,-24.441539764404297,-16.524795532226562,7.916745662689209,22.5,-19.171792298689898,127.79529592248608,"Wolfe Creek, Австралия",2025-12-31,2023-01-01,10,Copernicus GLO-30 (~30 м),1080,327,171,371.6875,457.5,3.033395142057619,"{""type"":""Point"",""coordinates"":[127.79922662981812,-19.162765793396677]}"
88,356.0,-24.78742027282715,-16.610862731933594,8.176559448242188,22.5,-19.171792298689898,127.79529592248608,"Wolfe Creek, Австралия",2025-12-31,2023-01-01,10,Copernicus GLO-30 (~30 м),1110,327,180,371.6875,457.5,0.0,"{""type"":""Point"",""coordinates"":[127.79933581613294,-19.162515057138535]}"
89,356.0,-25.175817489624023,-17.292879104614258,7.882938385009766,22.5,-19.171792298689898,127.79529592248608,"Wolfe Creek, Австралия",2025-12-31,2023-01-01,10,Copernicus GLO-30 (~30 м),1140,327,180,371.6875,457.5,0.0,"{""type"":""Point"",""coordinates"":[127.79944500244771,-19.16226432088039]}"
90,355.0,-23.43138313293457,-15.408903121948242,8.022480010986328,22.5,-19.171792298689898,127.79529592248608,"Wolfe Creek, Австралия",2025-12-31,2023-01-01,10,Copernicus GLO-30 (~30 м),1170,327,171,371.6875,457.5,3.0333811187790922,"{""type"":""Point"",""coordinates"":[127.79955418876249,-19.16201358462225]}"
91,354.0,-23.69957733154297,-15.252544403076172,8.447032928466797,22.5,-19.171792298689898,127.79529592248608,"Wolfe Creek, Австралия",2025-12-31,2023-01-01,10,Copernicus GLO-30 (~30 м),1200,327,180,371.6875,457.5,3.033378002508813,"{""type"":""Point"",""coordinates"":[127.79966337507727,-19.161762848364106]}"
92,354.0,-22.9609432220459,-14.719974517822266,8.240968704223633,22.5,-19.171792298689898,127.79529592248608,"Wolfe Creek, Австралия",2025-12-31,2023-01-01,10,Copernicus GLO-30 (~30 м),1230,327,180,371.6875,457.5,0.0,"{""type"":""Point"",""coordinates"":[127.79977256139203,-19.161512112105957]}"
93,354.0,-23.400606155395508,-16.33026123046875,7.070343494415283,22.5,-19.171792298689898,127.79529592248608,"Wolfe Creek, Австралия",2025-12-31,2023-01-01,10,Copernicus GLO-30 (~30 м),1260,327,190,371.6875,457.5,3.033368653483183,"{""type"":""Point"",""coordinates"":[127.79988174770683,-19.16126137584781]}"
94,355.0,-24.2320499420166,-16.61101722717285,7.621032238006592,22.5,-19.171792298689898,127.79529592248608,"Wolfe Creek, Австралия",2025-12-31,2023-01-01,10,Copernicus GLO-30 (~30 м),1290,327,190,371.6875,457.5,3.033363979449236,"{""type"":""Point"",""coordinates"":[127.79999093402158,-19.16101063958967]}"
95,355.0,-25.393230438232422,-17.487497329711914,7.905732154846191,22.5,-19.171792298689898,127.79529592248608,"Wolfe Creek, Австралия",2025-12-31,2023-01-01,10,Copernicus GLO-30 (~30 м),1320,327,180,371.6875,457.5,0.0,"{""type"":""Point"",""coordinates"":[127.8001001203364,-19.160759903331524]}"
96,356.0,-24.87224578857422,-16.580041885375977,8.292202949523926,22.5,-19.171792298689898,127.79529592248608,"Wolfe Creek, Австралия",2025-12-31,2023-01-01,10,Copernicus GLO-30 (~30 м),1350,327,190,371.6875,457.5,3.0333546308637223,"{""type"":""Point"",""coordinates"":[127.80020930665114,-19.16050916707338]}"
97,356.0,-23.69668197631836,-16.076801300048828,7.619880676269531,22.5,-19.171792298689898,127.79529592248608,"Wolfe Creek, Австралия",2025-12-31,2023-01-01,10,Copernicus GLO-30 (~30 м),1380,327,180,371.6875,457.5,0.0,"{""type"":""Point"",""coordinates"":[127.80031849296596,-19.160258430815233]}"
98,355.0,-22.29594612121582,-16.675952911376953,5.619993686676025,22.5,-19.171792298689898,127.79529592248608,"Wolfe Creek, Австралия",2025-12-31,2023-01-01,10,Copernicus GLO-30 (~30 м),1410,327,171,371.6875,457.5,3.0333452825459815,"{""type"":""Point"",""coordinates"":[127.80042767928073,-19.160007694557088]}"
99,354.0,-23.952083587646484,-16.545543670654297,7.406540870666504,22.5,-19.171792298689898,127.79529592248608,"Wolfe Creek, Австралия",2025-12-31,2023-01-01,10,Copernicus GLO-30 (~30 м),1440,327,180,371.6875,457.5,0.0,"{""type"":""Point"",""coordinates"":[127.80053686559549,-19.159756958298946]}"
100,355.0,-24.288156509399414,-16.65596580505371,7.632190227508545,22.5,-19.171792298689898,127.79529592248608,"Wolfe Creek, Австралия",2025-12-31,2023-01-01,10,Copernicus GLO-30 (~30 м),1470,327,180,371.6875,457.5,3.0333359348945486,"{""type"":""Point"",""coordinates"":[127.80064605191029,-19.159506222040797]}"
101,355.0,-24.508136749267578,-16.44676399230957,8.061372756958008,22.5,-19.171792298689898,127.79529592248608,"Wolfe Creek, Австралия",2025-12-31,2023-01-01,10,Copernicus GLO-30 (~30 м),1500,327,180,371.6875,457.5,0.0,"{""type"":""Point"",""coordinates"":[127.80075523822505,-19.15925548578265]}"
102,327.0,-27.43694496154785,-21.397397994995117,6.039547443389893,45,-19.171792298689898,127.79529592248608,"Wolfe Creek, Австралия",2025-12-31,2023-01-01,10,Copernicus GLO-30 (~30 м),0,327,180,371.6875,457.5,0.0,"{""type"":""Point"",""coordinates"":[127.79529592248608,-19.1717922986899]}"
103,327.0,-27.331972122192383,-20.319028854370117,7.012943744659424,45,-19.171792298689898,127.79529592248608,"Wolfe Creek, Австралия",2025-12-31,2023-01-01,10,Copernicus GLO-30 (~30 м),30,327,180,371.6875,457.5,0.0,"{""type"":""Point"",""coordinates"":[127.79549767248899,-19.17160039346613]}"
104,327.0,-27.08134651184082,-19.887317657470703,7.194030284881592,45,-19.171792298689898,127.79529592248608,"Wolfe Creek, Австралия",2025-12-31,2023-01-01,10,Copernicus GLO-30 (~30 м),60,327,180,371.6875,457.5,0.0,"{""type"":""Point"",""coordinates"":[127.7956994224919,-19.17140848824236]}"
105,328.0,-28.633745193481445,-22.385387420654297,6.248357772827148,45,-19.171792298689898,127.79529592248608,"Wolfe Creek, Австралия",2025-12-31,2023-01-01,10,Copernicus GLO-30 (~30 м),90,327,171,371.6875,457.5,4.286089246931627,"{""type"":""Point"",""coordinates"":[127.79590117249481,-19.171216583018587]}"
106,327.0,-26.286544799804688,-20.54515838623047,5.741386413574219,45,-19.171792298689898,127.79529592248608,"Wolfe Creek, Австралия",2025-12-31,2023-01-01,10,Copernicus GLO-30 (~30 м),120,327,180,371.6875,457.5,0.0,"{""type"":""Point"",""coordinates"":[127.79610292249772,-19.171024677794815]}"
107,328.0,-22.639638900756836,-16.280345916748047,6.359293460845947,45,-19.171792298689898,127.79529592248608,"Wolfe Creek, Австралия",2025-12-31,2023-01-01,10,Copernicus GLO-30 (~30 м),150,327,190,371.6875,457.5,3.033543207593654,"{""type"":""Point"",""coordinates"":[127.79630467250064,-19.17083277257105]}"
108,330.0,-18.161863327026367,-12.170635223388672,5.991227626800537,45,-19.171792298689898,127.79529592248608,"Wolfe Creek, Австралия",2025-12-31,2023-01-01,10,Copernicus GLO-30 (~30 м),180,327,199,371.6875,457.5,6.758032147910389,"{""type"":""Point"",""coordinates"":[127.79650642250355,-19.170640867347274]}"
109,330.0,-20.424488067626953,-13.912036895751953,6.512450695037842,45,-19.171792298689898,127.79529592248608,"Wolfe Creek, Австралия",2025-12-31,2023-01-01,10,Copernicus GLO-30 (~30 м),210,327,180,371.6875,457.5,3.0335369718234255,"{""type"":""Point"",""coordinates"":[127.79670817250647,-19.17044896212351]}"
110,331.0,-19.152498245239258,-14.097967147827148,5.054531097412109,45,-19.171792298689898,127.79529592248608,"Wolfe Creek, Австралия",2025-12-31,2023-01-01,10,Copernicus GLO-30 (~30 м),240,327,180,371.6875,457.5,0.0,"{""type"":""Point"",""coordinates"":[127.79690992250936,-19.170257056899732]}"
111,331.0,-17.958158493041992,-13.605663299560547,4.352493762969971,45,-19.171792298689898,127.79529592248608,"Wolfe Creek, Австралия",2025-12-31,2023-01-01,10,Copernicus GLO-30 (~30 м),270,327,180,371.6875,457.5,0.0,"{""type"":""Point"",""coordinates"":[127.79711167251227,-19.17006515167596]}"
112,331.0,-19.16998291015625,-13.841164588928223,5.328819274902344,45,-19.171792298689898,127.79529592248608,"Wolfe Creek, Австралия",2025-12-31,2023-01-01,10,Copernicus GLO-30 (~30 м),300,327,190,371.6875,457.5,6.758001123326852,"{""type"":""Point"",""coordinates"":[127.79731342251516,-19.16987324645219]}"
113,332.0,-19.974031448364258,-14.587512969970703,5.386518478393555,45,-19.171792298689898,127.79529592248608,"Wolfe Creek, Австралия",2025-12-31,2023-01-01,10,Copernicus GLO-30 (~30 м),330,327,180,371.6875,457.5,0.0,"{""type"":""Point"",""coordinates"":[127.79751517251808,-19.169681341228422]}"
114,339.0,-19.611064910888672,-12.97689437866211,6.6341705322265625,45,-19.171792298689898,127.79529592248608,"Wolfe Creek, Австралия",2025-12-31,2023-01-01,10,Copernicus GLO-30 (~30 м),360,327,234,371.6875,457.5,19.57017176190714,"{""type"":""Point"",""coordinates"":[127.79771692252099,-19.16948943600465]}"
115,345.0,-18.40215301513672,-12.447836875915527,5.954315662384033,45,-19.171792298689898,127.79529592248608,"Wolfe Creek, Австралия",2025-12-31,2023-01-01,10,Copernicus GLO-30 (~30 м),390,327,248,371.6875,457.5,27.92106398322365,"{""type"":""Point"",""coordinates"":[127.7979186725239,-19.169297530780884]}"
116,353.0,-21.141939163208008,-14.478058815002441,6.663879871368408,45,-19.171792298689898,127.79529592248608,"Wolfe Creek, Австралия",2025-12-31,2023-01-01,10,Copernicus GLO-30 (~30 м),420,327,245,371.6875,457.5,32.543407708245596,"{""type"":""Point"",""coordinates"":[127.79812042252682,-19.16910562555711]}"
117,371.0,-20.93602180480957,-13.679460525512695,7.256561279296875,45,-19.171792298689898,127.79529592248608,"Wolfe Creek, Австралия",2025-12-31,2023-01-01,10,Copernicus GLO-30 (~30 м),450,327,180,371.6875,457.5,0.0,"{""type"":""Point"",""coordinates"":[127.79832217252974,-19.168913720333336]}"
118,372.0,-18.281536102294922,-11.130876541137695,7.150660037994385,45,-19.171792298689898,127.79529592248608,"Wolfe Creek, Австралия",2025-12-31,2023-01-01,10,Copernicus GLO-30 (~30 м),480,327,190,371.6875,457.5,3.033505795525977,"{""type"":""Point"",""coordinates"":[127.79852392253264,-19.16872181510957]}"
119,372.0,-19.404281616210938,-11.514206886291504,7.890075206756592,45,-19.171792298689898,127.79529592248608,"Wolfe Creek, Австралия",2025-12-31,2023-01-01,10,Copernicus GLO-30 (~30 м),510,327,152,371.6875,457.5,12.671382678795862,"{""type"":""Point"",""coordinates"":[127.79872567253555,-19.1685299098858]}"
120,368.0,-20.86663055419922,-13.949378967285156,6.917252540588379,45,-19.171792298689898,127.79529592248608,"Wolfe Creek, Австралия",2025-12-31,2023-01-01,10,Copernicus GLO-30 (~30 м),540,327,171,371.6875,457.5,3.033498001834607,"{""type"":""Point"",""coordinates"":[127.79892742253847,-19.168338004662026]}"
121,366.0,-19.423065185546875,-14.409588813781738,5.013476848602295,45,-19.171792298689898,127.79529592248608,"Wolfe Creek, Австралия",2025-12-31,2023-01-01,10,Copernicus GLO-30 (~30 м),570,327,180,371.6875,457.5,3.0334948841472307,"{""type"":""Point"",""coordinates"":[127.79912917254138,-19.16814609943826]}"
122,364.0,-19.032997131347656,-13.483532905578613,5.549464225769043,45,-19.171792298689898,127.79529592248608,"Wolfe Creek, Австралия",2025-12-31,2023-01-01,10,Copernicus GLO-30 (~30 м),600,327,180,371.6875,457.5,3.0334902082474553,"{""type"":""Point"",""coordinates"":[127.7993309225443,-19.167954194214488]}"
123,364.0,-19.816219329833984,-14.235203742980957,5.581015586853027,45,-19.171792298689898,127.79529592248608,"Wolfe Creek, Австралия",2025-12-31,2023-01-01,10,Copernicus GLO-30 (~30 м),630,327,171,371.6875,457.5,3.0334870907396088,"{""type"":""Point"",""coordinates"":[127.79953267254722,-19.167762288990716]}"
124,362.0,-19.763145446777344,-14.4150972366333,5.348048686981201,45,-19.171792298689898,127.79529592248608,"Wolfe Creek, Австралия",2025-12-31,2023-01-01,10,Copernicus GLO-30 (~30 м),660,327,180,371.6875,457.5,3.033483973483276,"{""type"":""Point"",""coordinates"":[127.7997344225501,-19.167570383766947]}"
125,362.0,-20.21677017211914,-14.476425170898438,5.740345001220703,45,-19.171792298689898,127.79529592248608,"Wolfe Creek, Австралия",2025-12-31,2023-01-01,10,Copernicus GLO-30 (~30 м),690,327,180,371.6875,457.5,0.0,"{""type"":""Point"",""coordinates"":[127.79993617255302,-19.167378478543174]}"
126,362.0,-21.536588668823242,-14.29570198059082,7.240886211395264,45,-19.171792298689898,127.79529592248608,"Wolfe Creek, Австралия",2025-12-31,2023-01-01,10,Copernicus GLO-30 (~30 м),720,327,180,371.6875,457.5,3.033476180317605,"{""type"":""Point"",""coordinates"":[127.8001379225559,-19.16718657331941]}"
127,361.0,-22.00075912475586,-16.272151947021484,5.728606224060059,45,-19.171792298689898,127.79529592248608,"Wolfe Creek, Австралия",2025-12-31,2023-01-01,10,Copernicus GLO-30 (~30 м),750,327,180,371.6875,457.5,0.0,"{""type"":""Point"",""coordinates"":[127.80033967255882,-19.166994668095636]}"
128,361.0,-21.83427619934082,-15.791808128356934,6.042469024658203,45,-19.171792298689898,127.79529592248608,"Wolfe Creek, Австралия",2025-12-31,2023-01-01,10,Copernicus GLO-30 (~30 м),780,327,180,371.6875,457.5,6.050028537898903,"{""type"":""Point"",""coordinates"":[127.80054142256175,-19.166802762871864]}"
129,360.0,-22.523969650268555,-16.259397506713867,6.264571666717529,45,-19.171792298689898,127.79529592248608,"Wolfe Creek, Австралия",2025-12-31,2023-01-01,10,Copernicus GLO-30 (~30 м),810,327,190,371.6875,457.5,3.033466828928727,"{""type"":""Point"",""coordinates"":[127.80074317256467,-19.16661085764809]}"
130,359.0,-23.9309139251709,-16.780893325805664,7.150022029876709,45,-19.171792298689898,127.79529592248608,"Wolfe Creek, Австралия",2025-12-31,2023-01-01,10,Copernicus GLO-30 (~30 м),840,327,180,371.6875,457.5,0.0,"{""type"":""Point"",""coordinates"":[127.80094492256758,-19.166418952424323]}"
131,358.0,-23.733217239379883,-16.588275909423828,7.144941329956055,45,-19.171792298689898,127.79529592248608,"Wolfe Creek, Австралия",2025-12-31,2023-01-01,10,Copernicus GLO-30 (~30 м),870,327,180,371.6875,457.5,3.0334590360770965,"{""type"":""Point"",""coordinates"":[127.8011466725705,-19.166227047200547]}"
132,356.0,-23.349281311035156,-16.705120086669922,6.644161701202393,45,-19.171792298689898,127.79529592248608,"Wolfe Creek, Австралия",2025-12-31,2023-01-01,10,Copernicus GLO-30 (~30 м),900,327,180,371.6875,457.5,0.0,"{""type"":""Point"",""coordinates"":[127.80134842257338,-19.166035141976785]}"
133,355.0,-22.950071334838867,-16.933826446533203,6.016245365142822,45,-19.171792298689898,127.79529592248608,"Wolfe Creek, Австралия",2025-12-31,2023-01-01,10,Copernicus GLO-30 (~30 м),930,327,171,371.6875,457.5,3.0334528013733197,"{""type"":""Point"",""coordinates"":[127.8015501725763,-19.16584323675301]}"
134,357.0,-22.747880935668945,-15.472271919250488,7.275609016418457,45,-19.171792298689898,127.79529592248608,"Wolfe Creek, Австралия",2025-12-31,2023-01-01,10,Copernicus GLO-30 (~30 м),960,327,171,371.6875,457.5,6.7578287896271965,"{""type"":""Point"",""coordinates"":[127.80175192257921,-19.165651331529244]}"
135,356.0,-21.01598358154297,-15.455934524536133,5.560049057006836,45,-19.171792298689898,127.79529592248608,"Wolfe Creek, Австралия",2025-12-31,2023-01-01,10,Copernicus GLO-30 (~30 м),990,327,180,371.6875,457.5,0.0,"{""type"":""Point"",""coordinates"":[127.80195367258213,-19.16545942630547]}"
136,355.0,-21.326412200927734,-16.088274002075195,5.238137722015381,45,-19.171792298689898,127.79529592248608,"Wolfe Creek, Австралия",2025-12-31,2023-01-01,10,Copernicus GLO-30 (~30 м),1020,327,180,371.6875,457.5,0.0,"{""type"":""Point"",""coordinates"":[127.80215542258505,-19.1652675210817]}"
137,356.0,-21.573362350463867,-15.833648681640625,5.739713668823242,45,-19.171792298689898,127.79529592248608,"Wolfe Creek, Австралия",2025-12-31,2023-01-01,10,Copernicus GLO-30 (~30 м),1050,327,180,371.6875,457.5,3.0334387756315064,"{""type"":""Point"",""coordinates"":[127.80235717258793,-19.16507561585793]}"
138,356.0,-22.80846405029297,-15.909270286560059,6.899194717407227,45,-19.171792298689898,127.79529592248608,"Wolfe Creek, Австралия",2025-12-31,2023-01-01,10,Copernicus GLO-30 (~30 м),1080,327,180,371.6875,457.5,0.0,"{""type"":""Point"",""coordinates"":[127.80255892259085,-19.164883710634157]}"
139,356.0,-21.608444213867188,-16.011037826538086,5.597407817840576,45,-19.171792298689898,127.79529592248608,"Wolfe Creek, Австралия",2025-12-31,2023-01-01,10,Copernicus GLO-30 (~30 м),1110,327,180,371.6875,457.5,0.0,"{""type"":""Point"",""coordinates"":[127.80276067259376,-19.16469180541039]}"
140,355.0,-20.828474044799805,-15.358335494995117,5.4701385498046875,45,-19.171792298689898,127.79529592248608,"Wolfe Creek, Австралия",2025-12-31,2023-01-01,10,Copernicus GLO-30 (~30 м),1140,327,171,371.6875,457.5,3.0334278667409658,"{""type"":""Point"",""coordinates"":[127.80296242259666,-19.16449990018662]}"
141,355.0,-20.159671783447266,-14.728438377380371,5.431233882904053,45,-19.171792298689898,127.79529592248608,"Wolfe Creek, Австралия",2025-12-31,2023-01-01,10,Copernicus GLO-30 (~30 м),1170,327,171,371.6875,457.5,4.285911198282427,"{""type"":""Point"",""coordinates"":[127.80316417259958,-19.164307994962847]}"
142,355.0,-21.1503963470459,-15.388169288635254,5.762226581573486,45,-19.171792298689898,127.79529592248608,"Wolfe Creek, Австралия",2025-12-31,2023-01-01,10,Copernicus GLO-30 (~30 м),1200,327,180,371.6875,457.5,0.0,"{""type"":""Point"",""coordinates"":[127.8033659226025,-19.16411608973908]}"
143,355.0,-20.35138511657715,-14.6710844039917,5.680301189422607,45,-19.171792298689898,127.79529592248608,"Wolfe Creek, Австралия",2025-12-31,2023-01-01,10,Copernicus GLO-30 (~30 м),1230,327,180,371.6875,457.5,0.0,"{""type"":""Point"",""coordinates"":[127.80356767260541,-19.16392418451531]}"
144,355.0,-21.700571060180664,-15.401427268981934,6.299144744873047,45,-19.171792298689898,127.79529592248608,"Wolfe Creek, Австралия",2025-12-31,2023-01-01,10,Copernicus GLO-30 (~30 м),1260,327,180,371.6875,457.5,0.0,"{""type"":""Point"",""coordinates"":[127.80376942260833,-19.163732279291537]}"
145,355.0,-21.196006774902344,-15.81679630279541,5.379210472106934,45,-19.171792298689898,127.79529592248608,"Wolfe Creek, Австралия",2025-12-31,2023-01-01,10,Copernicus GLO-30 (~30 м),1290,327,190,371.6875,457.5,3.0334091668965812,"{""type"":""Point"",""coordinates"":[127.80397117261124,-19.163540374067765]}"
146,355.0,-20.95711898803711,-14.766908645629883,6.19020938873291,45,-19.171792298689898,127.79529592248608,"Wolfe Creek, Австралия",2025-12-31,2023-01-01,10,Copernicus GLO-30 (~30 м),1320,327,180,371.6875,457.5,0.0,"{""type"":""Point"",""coordinates"":[127.80417292261413,-19.163348468843992]}"
147,356.0,-21.597135543823242,-15.289360046386719,6.307775974273682,45,-19.171792298689898,127.79529592248608,"Wolfe Creek, Австралия",2025-12-31,2023-01-01,10,Copernicus GLO-30 (~30 м),1350,327,190,371.6875,457.5,3.033402933773314,"{""type"":""Point"",""coordinates"":[127.80437467261704,-19.163156563620223]}"
148,356.0,-21.757530212402344,-15.661839485168457,6.095691680908203,45,-19.171792298689898,127.79529592248608,"Wolfe Creek, Австралия",2025-12-31,2023-01-01,10,Copernicus GLO-30 (~30 м),1380,327,180,371.6875,457.5,3.033399817004372,"{""type"":""Point"",""coordinates"":[127.80457642261996,-19.16296465839645]}"
149,355.0,-22.90875244140625,-16.227930068969727,6.680822849273682,45,-19.171792298689898,127.79529592248608,"Wolfe Creek, Австралия",2025-12-31,2023-01-01,10,Copernicus GLO-30 (~30 м),1410,327,180,371.6875,457.5,0.0,"{""type"":""Point"",""coordinates"":[127.80477817262285,-19.162772753172685]}"
150,355.0,-23.06890106201172,-16.32163429260254,6.74726676940918,45,-19.171792298689898,127.79529592248608,"Wolfe Creek, Австралия",2025-12-31,2023-01-01,10,Copernicus GLO-30 (~30 м),1440,327,180,371.6875,457.5,0.0,"{""type"":""Point"",""coordinates"":[127.80497992262576,-19.162580847948913]}"
151,354.0,-22.829238891601562,-16.178464889526367,6.650774002075195,45,-19.171792298689898,127.79529592248608,"Wolfe Creek, Австралия",2025-12-31,2023-01-01,10,Copernicus GLO-30 (~30 м),1470,327,171,371.6875,457.5,4.285860653489227,"{""type"":""Point"",""coordinates"":[127.80518167262868,-19.16238894272514]}"
152,354.0,-22.835086822509766,-16.720029830932617,6.115056037902832,45,-19.171792298689898,127.79529592248608,"Wolfe Creek, Австралия",2025-12-31,2023-01-01,10,Copernicus GLO-30 (~30 м),1500,327,171,371.6875,457.5,3.033385793297981,"{""type"":""Point"",""coordinates"":[127.80538342263159,-19.16219703750137]}"
153,327.0,-27.43694496154785,-21.397397994995117,6.039547443389893,67.5,-19.171792298689898,127.79529592248608,"Wolfe Creek, Австралия",2025-12-31,2023-01-01,10,Copernicus GLO-30 (~30 м),0,327,180,371.6875,457.5,0.0,"{""type"":""Point"",""coordinates"":[127.79529592248608,-19.1717922986899]}"
154,327.0,-26.65319061279297,-21.566919326782227,5.0862717628479,67.5,-19.171792298689898,127.79529592248608,"Wolfe Creek, Австралия",2025-12-31,2023-01-01,10,Copernicus GLO-30 (~30 м),30,327,180,371.6875,457.5,0.0,"{""type"":""Point"",""coordinates"":[127.79555952156802,-19.17168844033119]}"
155,327.0,-27.94994354248047,-22.936311721801758,5.013632297515869,67.5,-19.171792298689898,127.79529592248608,"Wolfe Creek, Австралия",2025-12-31,2023-01-01,10,Copernicus GLO-30 (~30 м),60,327,180,371.6875,457.5,0.0,"{""type"":""Point"",""coordinates"":[127.79582312065,-19.171584581972493]}"
156,327.0,-28.410194396972656,-21.898893356323242,6.5112996101379395,67.5,-19.171792298689898,127.79529592248608,"Wolfe Creek, Австралия",2025-12-31,2023-01-01,10,Copernicus GLO-30 (~30 м),90,327,180,371.6875,457.5,0.0,"{""type"":""Point"",""coordinates"":[127.79608671973197,-19.17148072361379]}"
157,327.0,-27.68914222717285,-21.36606788635254,6.3230743408203125,67.5,-19.171792298689898,127.79529592248608,"Wolfe Creek, Австралия",2025-12-31,2023-01-01,10,Copernicus GLO-30 (~30 м),120,327,180,371.6875,457.5,0.0,"{""type"":""Point"",""coordinates"":[127.79635031881392,-19.17137686525509]}"
158,329.0,-24.42393684387207,-16.908878326416016,7.5150580406188965,67.5,-19.171792298689898,127.79529592248608,"Wolfe Creek, Австралия",2025-12-31,2023-01-01,10,Copernicus GLO-30 (~30 м),150,327,180,371.6875,457.5,0.0,"{""type"":""Point"",""coordinates"":[127.79661391789593,-19.171273006896385]}"
159,330.0,-19.848846435546875,-12.518736839294434,7.330110549926758,67.5,-19.171792298689898,127.79529592248608,"Wolfe Creek, Австралия",2025-12-31,2023-01-01,10,Copernicus GLO-30 (~30 м),180,327,190,371.6875,457.5,3.0335494433947403,"{""type"":""Point"",""coordinates"":[127.79687751697787,-19.17116914853768]}"
160,330.0,-18.11395835876465,-12.677358627319336,5.4365997314453125,67.5,-19.171792298689898,127.79529592248608,"Wolfe Creek, Австралия",2025-12-31,2023-01-01,10,Copernicus GLO-30 (~30 м),210,327,180,371.6875,457.5,0.0,"{""type"":""Point"",""coordinates"":[127.79714111605985,-19.17106529017898]}"
161,328.0,-16.96463966369629,-12.219931602478027,4.74470853805542,67.5,-19.171792298689898,127.79529592248608,"Wolfe Creek, Австралия",2025-12-31,2023-01-01,10,Copernicus GLO-30 (~30 м),240,327,161,371.6875,457.5,8.524725539643978,"{""type"":""Point"",""coordinates"":[127.79740471514182,-19.170961431820274]}"
162,329.0,-17.015972137451172,-11.807766914367676,5.208205223083496,67.5,-19.171792298689898,127.79529592248608,"Wolfe Creek, Австралия",2025-12-31,2023-01-01,10,Copernicus GLO-30 (~30 м),270,327,190,371.6875,457.5,3.033544766532768,"{""type"":""Point"",""coordinates"":[127.79766831422377,-19.170857573461582]}"
163,330.0,-18.510238647460938,-13.517963409423828,4.992274761199951,67.5,-19.171792298689898,127.79529592248608,"Wolfe Creek, Австралия",2025-12-31,2023-01-01,10,Copernicus GLO-30 (~30 м),300,327,190,371.6875,457.5,6.758035595029857,"{""type"":""Point"",""coordinates"":[127.79793191330575,-19.17075371510288]}"
164,335.0,-19.506633758544922,-13.838220596313477,5.668413162231445,67.5,-19.171792298689898,127.79529592248608,"Wolfe Creek, Австралия",2025-12-31,2023-01-01,10,Copernicus GLO-30 (~30 м),330,327,209,371.6875,457.5,9.513466826421928,"{""type"":""Point"",""coordinates"":[127.79819551238772,-19.170649856744173]}"
165,335.0,-18.965728759765625,-12.965144157409668,6.000583648681641,67.5,-19.171792298689898,127.79529592248608,"Wolfe Creek, Австралия",2025-12-31,2023-01-01,10,Copernicus GLO-30 (~30 м),360,327,255,371.6875,457.5,32.45379652592737,"{""type"":""Point"",""coordinates"":[127.79845911146967,-19.17054599838547]}"
166,347.0,-21.57413673400879,-17.18573760986328,4.388399600982666,67.5,-19.171792298689898,127.79529592248608,"Wolfe Creek, Австралия",2025-12-31,2023-01-01,10,Copernicus GLO-30 (~30 м),390,327,255,371.6875,457.5,30.23970904697521,"{""type"":""Point"",""coordinates"":[127.79872271055164,-19.17044214002677]}"
167,359.0,-23.307703018188477,-17.971214294433594,5.336487293243408,67.5,-19.171792298689898,127.79529592248608,"Wolfe Creek, Австралия",2025-12-31,2023-01-01,10,Copernicus GLO-30 (~30 м),420,327,255,371.6875,457.5,28.039328641092187,"{""type"":""Point"",""coordinates"":[127.79898630963362,-19.170338281668066]}"
168,369.0,-18.790607452392578,-6.7669901847839355,12.0236177444458,67.5,-19.171792298689898,127.79529592248608,"Wolfe Creek, Австралия",2025-12-31,2023-01-01,10,Copernicus GLO-30 (~30 м),450,327,190,371.6875,457.5,9.513442784721311,"{""type"":""Point"",""coordinates"":[127.79924990871557,-19.170234423309363]}"
169,371.0,-19.494327545166016,-11.25051212310791,8.243814468383789,67.5,-19.171792298689898,127.79529592248608,"Wolfe Creek, Австралия",2025-12-31,2023-01-01,10,Copernicus GLO-30 (~30 м),480,327,161,371.6875,457.5,6.758011464820238,"{""type"":""Point"",""coordinates"":[127.79951350779754,-19.17013056495066]}"
170,369.0,-19.671226501464844,-14.486668586730957,5.184558868408203,67.5,-19.171792298689898,127.79529592248608,"Wolfe Creek, Австралия",2025-12-31,2023-01-01,10,Copernicus GLO-30 (~30 м),510,327,180,371.6875,457.5,0.0,"{""type"":""Point"",""coordinates"":[127.7997771068795,-19.170026706591962]}"
171,366.0,-20.222660064697266,-14.423776626586914,5.798883438110352,67.5,-19.171792298689898,127.79529592248608,"Wolfe Creek, Австралия",2025-12-31,2023-01-01,10,Copernicus GLO-30 (~30 м),540,327,180,371.6875,457.5,0.0,"{""type"":""Point"",""coordinates"":[127.80004070596146,-19.169922848233256]}"
172,366.0,-18.553668975830078,-12.897073745727539,5.656594276428223,67.5,-19.171792298689898,127.79529592248608,"Wolfe Creek, Австралия",2025-12-31,2023-01-01,10,Copernicus GLO-30 (~30 м),570,327,180,371.6875,457.5,0.0,"{""type"":""Point"",""coordinates"":[127.80030430504343,-19.169818989874557]}"
173,364.0,-18.06902313232422,-13.369365692138672,4.699656963348389,67.5,-19.171792298689898,127.79529592248608,"Wolfe Creek, Австралия",2025-12-31,2023-01-01,10,Copernicus GLO-30 (~30 м),600,327,180,371.6875,457.5,0.0,"{""type"":""Point"",""coordinates"":[127.8005679041254,-19.16971513151585]}"
174,363.0,-18.169815063476562,-13.348013877868652,4.82180118560791,67.5,-19.171792298689898,127.79529592248608,"Wolfe Creek, Австралия",2025-12-31,2023-01-01,10,Copernicus GLO-30 (~30 м),630,327,180,371.6875,457.5,0.0,"{""type"":""Point"",""coordinates"":[127.80083150320738,-19.169611273157148]}"
175,362.0,-19.30247688293457,-13.701388359069824,5.60108757019043,67.5,-19.171792298689898,127.79529592248608,"Wolfe Creek, Австралия",2025-12-31,2023-01-01,10,Copernicus GLO-30 (~30 м),660,327,180,371.6875,457.5,0.0,"{""type"":""Point"",""coordinates"":[127.80109510228932,-19.169507414798442]}"
176,361.0,-19.572410583496094,-14.576994895935059,4.995416641235352,67.5,-19.171792298689898,127.79529592248608,"Wolfe Creek, Австралия",2025-12-31,2023-01-01,10,Copernicus GLO-30 (~30 м),690,327,180,371.6875,457.5,0.0,"{""type"":""Point"",""coordinates"":[127.8013587013713,-19.169403556439747]}"
177,360.0,-19.581520080566406,-14.456629753112793,5.1248908042907715,67.5,-19.171792298689898,127.79529592248608,"Wolfe Creek, Австралия",2025-12-31,2023-01-01,10,Copernicus GLO-30 (~30 м),720,327,180,371.6875,457.5,0.0,"{""type"":""Point"",""coordinates"":[127.80162230045327,-19.16929969808104]}"
178,359.0,-19.294843673706055,-14.223191261291504,5.071652889251709,67.5,-19.171792298689898,127.79529592248608,"Wolfe Creek, Австралия",2025-12-31,2023-01-01,10,Copernicus GLO-30 (~30 м),750,327,180,371.6875,457.5,0.0,"{""type"":""Point"",""coordinates"":[127.80188589953525,-19.16919583972234]}"
179,358.0,-20.178285598754883,-13.923308372497559,6.254977703094482,67.5,-19.171792298689898,127.79529592248608,"Wolfe Creek, Австралия",2025-12-31,2023-01-01,10,Copernicus GLO-30 (~30 м),780,327,180,371.6875,457.5,0.0,"{""type"":""Point"",""coordinates"":[127.8021494986172,-19.16909198136364]}"
180,357.0,-20.417238235473633,-14.802488327026367,5.614749908447266,67.5,-19.171792298689898,127.79529592248608,"Wolfe Creek, Австралия",2025-12-31,2023-01-01,10,Copernicus GLO-30 (~30 м),810,327,171,371.6875,457.5,4.286032088252293,"{""type"":""Point"",""coordinates"":[127.80241309769917,-19.16898812300494]}"
181,357.0,-21.96355438232422,-15.664313316345215,6.299240589141846,67.5,-19.171792298689898,127.79529592248608,"Wolfe Creek, Австралия",2025-12-31,2023-01-01,10,Copernicus GLO-30 (~30 м),840,327,180,371.6875,457.5,0.0,"{""type"":""Point"",""coordinates"":[127.80267669678115,-19.16888426464623]}"
182,357.0,-21.328136444091797,-15.15903377532959,6.169103145599365,67.5,-19.171792298689898,127.79529592248608,"Wolfe Creek, Австралия",2025-12-31,2023-01-01,10,Copernicus GLO-30 (~30 м),870,327,190,371.6875,457.5,4.286025493491132,"{""type"":""Point"",""coordinates"":[127.8029402958631,-19.16878040628753]}"
183,357.0,-22.41670036315918,-15.620492935180664,6.796207904815674,67.5,-19.171792298689898,127.79529592248608,"Wolfe Creek, Австралия",2025-12-31,2023-01-01,10,Copernicus GLO-30 (~30 м),900,327,190,371.6875,457.5,4.286023295357744,"{""type"":""Point"",""coordinates"":[127.80320389494507,-19.16867654792883]}"
184,358.0,-22.90670394897461,-16.47528839111328,6.43141508102417,67.5,-19.171792298689898,127.79529592248608,"Wolfe Creek, Австралия",2025-12-31,2023-01-01,10,Copernicus GLO-30 (~30 м),930,327,180,371.6875,457.5,0.0,"{""type"":""Point"",""coordinates"":[127.80346749402705,-19.168572689570126]}"
185,358.0,-22.084497451782227,-16.0262393951416,6.058259010314941,67.5,-19.171792298689898,127.79529592248608,"Wolfe Creek, Австралия",2025-12-31,2023-01-01,10,Copernicus GLO-30 (~30 м),960,327,161,371.6875,457.5,8.524600134727304,"{""type"":""Point"",""coordinates"":[127.80373109310902,-19.168468831211428]}"
186,357.0,-22.166370391845703,-15.64926528930664,6.517106056213379,67.5,-19.171792298689898,127.79529592248608,"Wolfe Creek, Австралия",2025-12-31,2023-01-01,10,Copernicus GLO-30 (~30 м),990,327,161,371.6875,457.5,6.050084182219927,"{""type"":""Point"",""coordinates"":[127.80399469219097,-19.16836497285272]}"
187,355.0,-21.29802131652832,-15.473759651184082,5.82426118850708,67.5,-19.171792298689898,127.79529592248608,"Wolfe Creek, Австралия",2025-12-31,2023-01-01,10,Copernicus GLO-30 (~30 м),1020,327,190,371.6875,457.5,4.286012304205251,"{""type"":""Point"",""coordinates"":[127.80425829127294,-19.16826111449402]}"
188,356.0,-21.567371368408203,-15.283967971801758,6.283402442932129,67.5,-19.171792298689898,127.79529592248608,"Wolfe Creek, Австралия",2025-12-31,2023-01-01,10,Copernicus GLO-30 (~30 м),1050,327,190,371.6875,457.5,3.0334948841706346,"{""type"":""Point"",""coordinates"":[127.80452189035492,-19.16815725613532]}"
189,357.0,-21.549711227416992,-14.28660774230957,7.263103008270264,67.5,-19.171792298689898,127.79529592248608,"Wolfe Creek, Австралия",2025-12-31,2023-01-01,10,Copernicus GLO-30 (~30 м),1080,327,180,371.6875,457.5,0.0,"{""type"":""Point"",""coordinates"":[127.80478548943687,-19.168053397776614]}"
190,358.0,-20.914642333984375,-14.717123985290527,6.197518825531006,67.5,-19.171792298689898,127.79529592248608,"Wolfe Creek, Австралия",2025-12-31,2023-01-01,10,Copernicus GLO-30 (~30 м),1110,327,171,371.6875,457.5,4.28600351159453,"{""type"":""Point"",""coordinates"":[127.80504908851884,-19.167949539417908]}"
191,357.0,-21.757949829101562,-15.326337814331055,6.43161153793335,67.5,-19.171792298689898,127.79529592248608,"Wolfe Creek, Австралия",2025-12-31,2023-01-01,10,Copernicus GLO-30 (~30 м),1140,327,190,371.6875,457.5,3.0334886496504296,"{""type"":""Point"",""coordinates"":[127.8053126876008,-19.16784568105921]}"
192,358.0,-21.1778507232666,-14.6576509475708,6.520199775695801,67.5,-19.171792298689898,127.79529592248608,"Wolfe Creek, Австралия",2025-12-31,2023-01-01,10,Copernicus GLO-30 (~30 м),1170,327,171,371.6875,457.5,3.0334870907396088,"{""type"":""Point"",""coordinates"":[127.80557628668276,-19.16774182270051]}"
193,357.0,-19.930973052978516,-14.525786399841309,5.405187606811523,67.5,-19.171792298689898,127.79529592248608,"Wolfe Creek, Австралия",2025-12-31,2023-01-01,10,Copernicus GLO-30 (~30 м),1200,327,180,371.6875,457.5,6.050059450298973,"{""type"":""Point"",""coordinates"":[127.80583988576473,-19.167637964341804]}"
194,357.0,-21.366334915161133,-14.970185279846191,6.396149635314941,67.5,-19.171792298689898,127.79529592248608,"Wolfe Creek, Австралия",2025-12-31,2023-01-01,10,Copernicus GLO-30 (~30 м),1230,327,180,371.6875,457.5,3.033483973483276,"{""type"":""Point"",""coordinates"":[127.8061034848467,-19.16753410598311]}"
195,356.0,-20.321380615234375,-14.407437324523926,5.913942337036133,67.5,-19.171792298689898,127.79529592248608,"Wolfe Creek, Австралия",2025-12-31,2023-01-01,10,Copernicus GLO-30 (~30 м),1260,327,171,371.6875,457.5,6.757901164950109,"{""type"":""Point"",""coordinates"":[127.80636708392865,-19.167430247624402]}"
196,356.0,-20.305788040161133,-14.70618724822998,5.599600791931152,67.5,-19.171792298689898,127.79529592248608,"Wolfe Creek, Австралия",2025-12-31,2023-01-01,10,Copernicus GLO-30 (~30 м),1290,327,161,371.6875,457.5,6.757897718180245,"{""type"":""Point"",""coordinates"":[127.80663068301062,-19.1673263892657]}"
197,356.0,-20.392274856567383,-14.912862777709961,5.479412078857422,67.5,-19.171792298689898,127.79529592248608,"Wolfe Creek, Австралия",2025-12-31,2023-01-01,10,Copernicus GLO-30 (~30 м),1320,327,180,371.6875,457.5,0.0,"{""type"":""Point"",""coordinates"":[127.8068942820926,-19.167222530906997]}"
198,356.0,-19.24343490600586,-14.327362060546875,4.916072845458984,67.5,-19.171792298689898,127.79529592248608,"Wolfe Creek, Австралия",2025-12-31,2023-01-01,10,Copernicus GLO-30 (~30 м),1350,327,180,371.6875,457.5,0.0,"{""type"":""Point"",""coordinates"":[127.80715788117455,-19.167118672548295]}"
199,357.0,-18.9697265625,-13.475911140441895,5.4938154220581055,67.5,-19.171792298689898,127.79529592248608,"Wolfe Creek, Австралия",2025-12-31,2023-01-01,10,Copernicus GLO-30 (~30 м),1380,327,190,371.6875,457.5,3.0334730630323827,"{""type"":""Point"",""coordinates"":[127.80742148025655,-19.167014814189596]}"
200,357.0,-20.379621505737305,-14.466850280761719,5.912770748138428,67.5,-19.171792298689898,127.79529592248608,"Wolfe Creek, Австралия",2025-12-31,2023-01-01,10,Copernicus GLO-30 (~30 м),1410,327,180,371.6875,457.5,0.0,"{""type"":""Point"",""coordinates"":[127.8076850793385,-19.166910955830893]}"
201,357.0,-20.08001708984375,-14.227829933166504,5.852187633514404,67.5,-19.171792298689898,127.79529592248608,"Wolfe Creek, Австралия",2025-12-31,2023-01-01,10,Copernicus GLO-30 (~30 м),1440,327,180,371.6875,457.5,3.0334699459279677,"{""type"":""Point"",""coordinates"":[127.80794867842047,-19.166807097472187]}"
202,356.0,-20.33356475830078,-15.032358169555664,5.301206588745117,67.5,-19.171792298689898,127.79529592248608,"Wolfe Creek, Австралия",2025-12-31,2023-01-01,10,Copernicus GLO-30 (~30 м),1470,327,180,371.6875,457.5,3.033468387255325,"{""type"":""Point"",""coordinates"":[127.80821227750245,-19.166703239113485]}"
203,356.0,-20.33940315246582,-14.79695987701416,5.54244327545166,67.5,-19.171792298689898,127.79529592248608,"Wolfe Creek, Австралия",2025-12-31,2023-01-01,10,Copernicus GLO-30 (~30 м),1500,327,180,371.6875,457.5,0.0,"{""type"":""Point"",""coordinates"":[127.8084758765844,-19.16659938075478]}"
204,327.0,-27.43694496154785,-21.397397994995117,6.039547443389893,90,-19.171792298689898,127.79529592248608,"Wolfe Creek, Австралия",2025-12-31,2023-01-01,10,Copernicus GLO-30 (~30 м),0,327,180,371.6875,457.5,0.0,"{""type"":""Point"",""coordinates"":[127.79529592248608,-19.1717922986899]}"
205,327.0,-27.21046257019043,-20.947683334350586,6.262779235839844,90,-19.171792298689898,127.79529592248608,"Wolfe Creek, Австралия",2025-12-31,2023-01-01,10,Copernicus GLO-30 (~30 м),30,327,180,371.6875,457.5,0.0,"{""type"":""Point"",""coordinates"":[127.7955812400764,-19.1717922986899]}"
206,326.0,-28.07297706604004,-21.346324920654297,6.726651191711426,90,-19.171792298689898,127.79529592248608,"Wolfe Creek, Австралия",2025-12-31,2023-01-01,10,Copernicus GLO-30 (~30 м),60,327,190,371.6875,457.5,4.286104637302923,"{""type"":""Point"",""coordinates"":[127.79586655766673,-19.1717922986899]}"
207,327.0,-27.3646240234375,-20.802396774291992,6.562226295471191,90,-19.171792298689898,127.79529592248608,"Wolfe Creek, Австралия",2025-12-31,2023-01-01,10,Copernicus GLO-30 (~30 м),90,327,190,371.6875,457.5,3.0335619153539626,"{""type"":""Point"",""coordinates"":[127.79615187525705,-19.1717922986899]}"
208,328.0,-23.111042022705078,-16.856924057006836,6.254117488861084,90,-19.171792298689898,127.79529592248608,"Wolfe Creek, Австралия",2025-12-31,2023-01-01,10,Copernicus GLO-30 (~30 м),120,327,190,371.6875,457.5,4.28610463764068,"{""type"":""Point"",""coordinates"":[127.79643719284738,-19.1717922986899]}"
209,329.0,-22.07023048400879,-14.666267395019531,7.403963565826416,90,-19.171792298689898,127.79529592248608,"Wolfe Creek, Австралия",2025-12-31,2023-01-01,10,Copernicus GLO-30 (~30 м),150,327,180,371.6875,457.5,0.0,"{""type"":""Point"",""coordinates"":[127.7967225104377,-19.1717922986899]}"
210,329.0,-20.32994842529297,-12.859902381896973,7.470046520233154,90,-19.171792298689898,127.79529592248608,"Wolfe Creek, Австралия",2025-12-31,2023-01-01,10,Copernicus GLO-30 (~30 м),180,327,180,371.6875,457.5,3.033561915327479,"{""type"":""Point"",""coordinates"":[127.79700782802803,-19.1717922986899]}"
211,329.0,-18.845857620239258,-13.433755874633789,5.412100791931152,90,-19.171792298689898,127.79529592248608,"Wolfe Creek, Австралия",2025-12-31,2023-01-01,10,Copernicus GLO-30 (~30 м),210,327,180,371.6875,457.5,0.0,"{""type"":""Point"",""coordinates"":[127.79729314561835,-19.1717922986899]}"
212,329.0,-17.360628128051758,-12.707488059997559,4.653140068054199,90,-19.171792298689898,127.79529592248608,"Wolfe Creek, Австралия",2025-12-31,2023-01-01,10,Copernicus GLO-30 (~30 м),240,327,199,371.6875,457.5,6.050210944243236,"{""type"":""Point"",""coordinates"":[127.79757846320868,-19.1717922986899]}"
213,331.0,-17.478818893432617,-12.343118667602539,5.13569974899292,90,-19.171792298689898,127.79529592248608,"Wolfe Creek, Австралия",2025-12-31,2023-01-01,10,Copernicus GLO-30 (~30 м),270,327,199,371.6875,457.5,6.758080411159409,"{""type"":""Point"",""coordinates"":[127.797863780799,-19.1717922986899]}"
214,333.0,-19.329666137695312,-13.330474853515625,5.999192237854004,90,-19.171792298689898,127.79529592248608,"Wolfe Creek, Австралия",2025-12-31,2023-01-01,10,Copernicus GLO-30 (~30 м),300,327,199,371.6875,457.5,8.524768785899017,"{""type"":""Point"",""coordinates"":[127.79814909838932,-19.171792298689898]}"
215,335.0,-19.07024574279785,-13.541203498840332,5.529041767120361,90,-19.171792298689898,127.79529592248608,"Wolfe Creek, Австралия",2025-12-31,2023-01-01,10,Copernicus GLO-30 (~30 м),330,327,218,371.6875,457.5,12.325673349433131,"{""type"":""Point"",""coordinates"":[127.79843441597964,-19.1717922986899]}"
216,339.0,-19.41486930847168,-14.514009475708008,4.90086030960083,90,-19.171792298689898,127.79529592248608,"Wolfe Creek, Австралия",2025-12-31,2023-01-01,10,Copernicus GLO-30 (~30 м),360,327,255,371.6875,457.5,28.03953671173426,"{""type"":""Point"",""coordinates"":[127.79871973356997,-19.1717922986899]}"
217,361.0,-23.939687728881836,-17.822734832763672,6.116954326629639,90,-19.171792298689898,127.79529592248608,"Wolfe Creek, Австралия",2025-12-31,2023-01-01,10,Copernicus GLO-30 (~30 м),390,327,255,371.6875,457.5,32.54383577386955,"{""type"":""Point"",""coordinates"":[127.7990050511603,-19.171792298689898]}"
218,370.0,-20.753952026367188,-13.830041885375977,6.923908710479736,90,-19.171792298689898,127.79529592248608,"Wolfe Creek, Австралия",2025-12-31,2023-01-01,10,Copernicus GLO-30 (~30 м),420,327,255,371.6875,457.5,26.691253470176246,"{""type"":""Point"",""coordinates"":[127.79929036875062,-19.1717922986899]}"
219,370.0,-19.363239288330078,-11.860785484313965,7.502452850341797,90,-19.171792298689898,127.79529592248608,"Wolfe Creek, Австралия",2025-12-31,2023-01-01,10,Copernicus GLO-30 (~30 м),450,327,180,371.6875,457.5,6.0502109441907095,"{""type"":""Point"",""coordinates"":[127.79957568634094,-19.1717922986899]}"
220,370.0,-18.82436752319336,-13.65719223022461,5.167174816131592,90,-19.171792298689898,127.79529592248608,"Wolfe Creek, Австралия",2025-12-31,2023-01-01,10,Copernicus GLO-30 (~30 м),480,327,161,371.6875,457.5,8.524768786231206,"{""type"":""Point"",""coordinates"":[127.79986100393127,-19.1717922986899]}"
221,368.0,-19.362808227539062,-13.711006164550781,5.6518025398254395,90,-19.171792298689898,127.79529592248608,"Wolfe Creek, Австралия",2025-12-31,2023-01-01,10,Copernicus GLO-30 (~30 м),510,327,180,371.6875,457.5,3.033561915327479,"{""type"":""Point"",""coordinates"":[127.8001463215216,-19.1717922986899]}"
222,368.0,-18.17576789855957,-13.390708923339844,4.785058498382568,90,-19.171792298689898,127.79529592248608,"Wolfe Creek, Австралия",2025-12-31,2023-01-01,10,Copernicus GLO-30 (~30 м),540,327,171,371.6875,457.5,3.0335619151144644,"{""type"":""Point"",""coordinates"":[127.80043163911192,-19.1717922986899]}"
223,365.0,-19.095298767089844,-13.700712203979492,5.394586563110352,90,-19.171792298689898,127.79529592248608,"Wolfe Creek, Австралия",2025-12-31,2023-01-01,10,Copernicus GLO-30 (~30 м),570,327,161,371.6875,457.5,6.758080411159409,"{""type"":""Point"",""coordinates"":[127.80071695670225,-19.1717922986899]}"
224,363.0,-19.093130111694336,-13.333457946777344,5.759672164916992,90,-19.171792298689898,127.79529592248608,"Wolfe Creek, Австралия",2025-12-31,2023-01-01,10,Copernicus GLO-30 (~30 м),600,327,161,371.6875,457.5,6.758080411159409,"{""type"":""Point"",""coordinates"":[127.80100227429257,-19.1717922986899]}"
225,362.0,-18.945585250854492,-12.719937324523926,6.225647449493408,90,-19.171792298689898,127.79529592248608,"Wolfe Creek, Австралия",2025-12-31,2023-01-01,10,Copernicus GLO-30 (~30 м),630,327,171,371.6875,457.5,4.2861046374718015,"{""type"":""Point"",""coordinates"":[127.8012875918829,-19.1717922986899]}"
226,360.0,-18.60144805908203,-13.340370178222656,5.261077404022217,90,-19.171792298689898,127.79529592248608,"Wolfe Creek, Австралия",2025-12-31,2023-01-01,10,Copernicus GLO-30 (~30 м),660,327,161,371.6875,457.5,6.758080409888364,"{""type"":""Point"",""coordinates"":[127.80157290947322,-19.1717922986899]}"
227,360.0,-17.651031494140625,-13.129555702209473,4.521474838256836,90,-19.171792298689898,127.79529592248608,"Wolfe Creek, Австралия",2025-12-31,2023-01-01,10,Copernicus GLO-30 (~30 м),690,327,180,371.6875,457.5,3.033561915327479,"{""type"":""Point"",""coordinates"":[127.80185822706355,-19.1717922986899]}"
228,359.0,-18.782922744750977,-13.847970962524414,4.9349517822265625,90,-19.171792298689898,127.79529592248608,"Wolfe Creek, Австралия",2025-12-31,2023-01-01,10,Copernicus GLO-30 (~30 м),720,327,171,371.6875,457.5,4.28610463764068,"{""type"":""Point"",""coordinates"":[127.80214354465387,-19.1717922986899]}"
229,357.0,-20.285446166992188,-13.844376564025879,6.441070079803467,90,-19.171792298689898,127.79529592248608,"Wolfe Creek, Австралия",2025-12-31,2023-01-01,10,Copernicus GLO-30 (~30 м),750,327,180,371.6875,457.5,6.0502109441907095,"{""type"":""Point"",""coordinates"":[127.8024288622442,-19.1717922986899]}"
230,357.0,-19.3249568939209,-14.05384635925293,5.271110534667969,90,-19.171792298689898,127.79529592248608,"Wolfe Creek, Австралия",2025-12-31,2023-01-01,10,Copernicus GLO-30 (~30 м),780,327,180,371.6875,457.5,3.033561915327479,"{""type"":""Point"",""coordinates"":[127.80271417983452,-19.1717922986899]}"
231,358.0,-20.763044357299805,-13.64133358001709,7.121710300445557,90,-19.171792298689898,127.79529592248608,"Wolfe Creek, Австралия",2025-12-31,2023-01-01,10,Copernicus GLO-30 (~30 м),810,327,190,371.6875,457.5,3.0335619153539626,"{""type"":""Point"",""coordinates"":[127.80299949742485,-19.1717922986899]}"
232,358.0,-20.174301147460938,-14.301498413085938,5.872802257537842,90,-19.171792298689898,127.79529592248608,"Wolfe Creek, Австралия",2025-12-31,2023-01-01,10,Copernicus GLO-30 (~30 м),840,327,180,371.6875,457.5,0.0,"{""type"":""Point"",""coordinates"":[127.80328481501518,-19.1717922986899]}"
233,357.0,-20.08960723876953,-14.380118370056152,5.709488391876221,90,-19.171792298689898,127.79529592248608,"Wolfe Creek, Австралия",2025-12-31,2023-01-01,10,Copernicus GLO-30 (~30 м),870,327,171,371.6875,457.5,3.0335619155934612,"{""type"":""Point"",""coordinates"":[127.8035701326055,-19.1717922986899]}"
234,357.0,-20.924972534179688,-15.222123146057129,5.702849864959717,90,-19.171792298689898,127.79529592248608,"Wolfe Creek, Австралия",2025-12-31,2023-01-01,10,Copernicus GLO-30 (~30 м),900,327,180,371.6875,457.5,3.033561915327479,"{""type"":""Point"",""coordinates"":[127.8038554501958,-19.1717922986899]}"
235,357.0,-21.2130184173584,-15.640843391418457,5.572175025939941,90,-19.171792298689898,127.79529592248608,"Wolfe Creek, Австралия",2025-12-31,2023-01-01,10,Copernicus GLO-30 (~30 м),930,327,180,371.6875,457.5,3.033561915327479,"{""type"":""Point"",""coordinates"":[127.80414076778612,-19.1717922986899]}"
236,356.0,-21.440889358520508,-15.778478622436523,5.662410736083984,90,-19.171792298689898,127.79529592248608,"Wolfe Creek, Австралия",2025-12-31,2023-01-01,10,Copernicus GLO-30 (~30 м),960,327,180,371.6875,457.5,3.033561915327479,"{""type"":""Point"",""coordinates"":[127.80442608537645,-19.1717922986899]}"
237,354.0,-21.363235473632812,-15.221333503723145,6.141901969909668,90,-19.171792298689898,127.79529592248608,"Wolfe Creek, Австралия",2025-12-31,2023-01-01,10,Copernicus GLO-30 (~30 м),990,327,180,371.6875,457.5,6.0502109441907095,"{""type"":""Point"",""coordinates"":[127.80471140296677,-19.1717922986899]}"
238,354.0,-21.08526611328125,-14.578385353088379,6.506881237030029,90,-19.171792298689898,127.79529592248608,"Wolfe Creek, Австралия",2025-12-31,2023-01-01,10,Copernicus GLO-30 (~30 м),1020,327,180,371.6875,457.5,6.0502109441907095,"{""type"":""Point"",""coordinates"":[127.8049967205571,-19.1717922986899]}"
239,355.0,-21.255762100219727,-15.527205467224121,5.728556156158447,90,-19.171792298689898,127.79529592248608,"Wolfe Creek, Австралия",2025-12-31,2023-01-01,10,Copernicus GLO-30 (~30 м),1050,327,180,371.6875,457.5,6.0502109441907095,"{""type"":""Point"",""coordinates"":[127.80528203814742,-19.1717922986899]}"
240,356.0,-20.94402313232422,-14.708255767822266,6.235766887664795,90,-19.171792298689898,127.79529592248608,"Wolfe Creek, Австралия",2025-12-31,2023-01-01,10,Copernicus GLO-30 (~30 м),1080,327,190,371.6875,457.5,3.0335619153539626,"{""type"":""Point"",""coordinates"":[127.80556735573775,-19.1717922986899]}"
241,357.0,-21.334800720214844,-15.219087600708008,6.115714073181152,90,-19.171792298689898,127.79529592248608,"Wolfe Creek, Австралия",2025-12-31,2023-01-01,10,Copernicus GLO-30 (~30 м),1110,327,180,371.6875,457.5,3.033561915327479,"{""type"":""Point"",""coordinates"":[127.80585267332808,-19.1717922986899]}"
242,358.0,-20.19486427307129,-14.293694496154785,5.901169776916504,90,-19.171792298689898,127.79529592248608,"Wolfe Creek, Австралия",2025-12-31,2023-01-01,10,Copernicus GLO-30 (~30 м),1140,327,180,371.6875,457.5,0.0,"{""type"":""Point"",""coordinates"":[127.8061379909184,-19.1717922986899]}"
243,358.0,-21.304332733154297,-15.532532691955566,5.771800994873047,90,-19.171792298689898,127.79529592248608,"Wolfe Creek, Австралия",2025-12-31,2023-01-01,10,Copernicus GLO-30 (~30 м),1170,327,180,371.6875,457.5,3.033561915327479,"{""type"":""Point"",""coordinates"":[127.80642330850873,-19.1717922986899]}"
244,357.0,-21.80329704284668,-16.14369773864746,5.659599781036377,90,-19.171792298689898,127.79529592248608,"Wolfe Creek, Австралия",2025-12-31,2023-01-01,10,Copernicus GLO-30 (~30 м),1200,327,180,371.6875,457.5,6.0502109441907095,"{""type"":""Point"",""coordinates"":[127.80670862609905,-19.1717922986899]}"
245,356.0,-22.706253051757812,-15.977137565612793,6.729115009307861,90,-19.171792298689898,127.79529592248608,"Wolfe Creek, Австралия",2025-12-31,2023-01-01,10,Copernicus GLO-30 (~30 м),1230,327,180,371.6875,457.5,9.033593217484752,"{""type"":""Point"",""coordinates"":[127.80699394368938,-19.1717922986899]}"
246,357.0,-21.93253517150879,-15.662671089172363,6.269863605499268,90,-19.171792298689898,127.79529592248608,"Wolfe Creek, Австралия",2025-12-31,2023-01-01,10,Copernicus GLO-30 (~30 м),1260,327,180,371.6875,457.5,3.033561915327479,"{""type"":""Point"",""coordinates"":[127.8072792612797,-19.1717922986899]}"
247,357.0,-21.689348220825195,-15.847687721252441,5.8416595458984375,90,-19.171792298689898,127.79529592248608,"Wolfe Creek, Австралия",2025-12-31,2023-01-01,10,Copernicus GLO-30 (~30 м),1290,327,180,371.6875,457.5,0.0,"{""type"":""Point"",""coordinates"":[127.80756457887004,-19.1717922986899]}"
248,357.0,-20.87055778503418,-14.725544929504395,6.145012378692627,90,-19.171792298689898,127.79529592248608,"Wolfe Creek, Австралия",2025-12-31,2023-01-01,10,Copernicus GLO-30 (~30 м),1320,327,180,371.6875,457.5,0.0,"{""type"":""Point"",""coordinates"":[127.80784989646037,-19.1717922986899]}"
249,357.0,-21.54332733154297,-14.885187149047852,6.658141136169434,90,-19.171792298689898,127.79529592248608,"Wolfe Creek, Австралия",2025-12-31,2023-01-01,10,Copernicus GLO-30 (~30 м),1350,327,180,371.6875,457.5,3.033561915327479,"{""type"":""Point"",""coordinates"":[127.8081352140507,-19.1717922986899]}"
250,357.0,-21.218585968017578,-15.735421180725098,5.483163833618164,90,-19.171792298689898,127.79529592248608,"Wolfe Creek, Австралия",2025-12-31,2023-01-01,10,Copernicus GLO-30 (~30 м),1380,327,190,371.6875,457.5,4.286104637302923,"{""type"":""Point"",""coordinates"":[127.80842053164102,-19.1717922986899]}"
251,357.0,-20.5707950592041,-15.714509963989258,4.856285572052002,90,-19.171792298689898,127.79529592248608,"Wolfe Creek, Австралия",2025-12-31,2023-01-01,10,Copernicus GLO-30 (~30 м),1410,327,171,371.6875,457.5,4.2861046374718015,"{""type"":""Point"",""coordinates"":[127.80870584923134,-19.1717922986899]}"
252,357.0,-20.591819763183594,-14.409733772277832,6.1820855140686035,90,-19.171792298689898,127.79529592248608,"Wolfe Creek, Австралия",2025-12-31,2023-01-01,10,Copernicus GLO-30 (~30 м),1440,327,161,371.6875,457.5,6.758080411159409,"{""type"":""Point"",""coordinates"":[127.80899116682167,-19.1717922986899]}"
253,355.0,-19.657665252685547,-14.885270118713379,4.772395610809326,90,-19.171792298689898,127.79529592248608,"Wolfe Creek, Австралия",2025-12-31,2023-01-01,10,Copernicus GLO-30 (~30 м),1470,327,180,371.6875,457.5,3.033561915327479,"{""type"":""Point"",""coordinates"":[127.809276484412,-19.1717922986899]}"
254,355.0,-21.94022560119629,-14.95491886138916,6.9853057861328125,90,-19.171792298689898,127.79529592248608,"Wolfe Creek, Австралия",2025-12-31,2023-01-01,10,Copernicus GLO-30 (~30 м),1500,327,190,371.6875,457.5,4.286104637134045,"{""type"":""Point"",""coordinates"":[127.80956180200232,-19.1717922986899]}"
255,327.0,-27.43694496154785,-21.397397994995117,6.039547443389893,112.5,-19.171792298689898,127.79529592248608,"Wolfe Creek, Австралия",2025-12-31,2023-01-01,10,Copernicus GLO-30 (~30 м),0,327,180,371.6875,457.5,0.0,"{""type"":""Point"",""coordinates"":[127.79529592248608,-19.1717922986899]}"
256,327.0,-27.60262680053711,-20.808612823486328,6.794014930725098,112.5,-19.171792298689898,127.79529592248608,"Wolfe Creek, Австралия",2025-12-31,2023-01-01,10,Copernicus GLO-30 (~30 м),30,327,180,371.6875,457.5,0.0,"{""type"":""Point"",""coordinates"":[127.79555952156802,-19.171896157048597]}"
257,326.0,-25.073524475097656,-17.891948699951172,7.181574821472168,112.5,-19.171792298689898,127.79529592248608,"Wolfe Creek, Австралия",2025-12-31,2023-01-01,10,Copernicus GLO-30 (~30 м),60,327,180,371.6875,457.5,0.0,"{""type"":""Point"",""coordinates"":[127.79582312065,-19.1720000154073]}"
258,327.0,-27.428695678710938,-20.69854164123535,6.7301554679870605,112.5,-19.171792298689898,127.79529592248608,"Wolfe Creek, Австралия",2025-12-31,2023-01-01,10,Copernicus GLO-30 (~30 м),90,327,180,371.6875,457.5,0.0,"{""type"":""Point"",""coordinates"":[127.79608671973197,-19.17210387376601]}"
259,328.0,-26.071958541870117,-18.33313751220703,7.738819599151611,112.5,-19.171792298689898,127.79529592248608,"Wolfe Creek, Австралия",2025-12-31,2023-01-01,10,Copernicus GLO-30 (~30 м),120,327,180,371.6875,457.5,0.0,"{""type"":""Point"",""coordinates"":[127.79635031881392,-19.172207732124708]}"
260,328.0,-21.358259201049805,-13.651686668395996,7.706572532653809,112.5,-19.171792298689898,127.79529592248608,"Wolfe Creek, Австралия",2025-12-31,2023-01-01,10,Copernicus GLO-30 (~30 м),150,327,180,371.6875,457.5,0.0,"{""type"":""Point"",""coordinates"":[127.79661391789593,-19.17231159048341]}"
261,328.0,-20.623695373535156,-12.779120445251465,7.84457540512085,112.5,-19.171792298689898,127.79529592248608,"Wolfe Creek, Австралия",2025-12-31,2023-01-01,10,Copernicus GLO-30 (~30 м),180,327,180,371.6875,457.5,0.0,"{""type"":""Point"",""coordinates"":[127.79687751697787,-19.172415448842113]}"
262,329.0,-20.23045539855957,-14.757784843444824,5.4726715087890625,112.5,-19.171792298689898,127.79529592248608,"Wolfe Creek, Австралия",2025-12-31,2023-01-01,10,Copernicus GLO-30 (~30 м),210,327,190,371.6875,457.5,3.0335743877892556,"{""type"":""Point"",""coordinates"":[127.79714111605985,-19.172519307200815]}"
263,331.0,-19.26521110534668,-13.846551895141602,5.4186601638793945,112.5,-19.171792298689898,127.79529592248608,"Wolfe Creek, Австралия",2025-12-31,2023-01-01,10,Copernicus GLO-30 (~30 м),240,327,199,371.6875,457.5,6.758114886709986,"{""type"":""Point"",""coordinates"":[127.79740471514182,-19.172623165559514]}"
264,331.0,-19.400941848754883,-14.347495079040527,5.0534467697143555,112.5,-19.171792298689898,127.79529592248608,"Wolfe Creek, Австралия",2025-12-31,2023-01-01,10,Copernicus GLO-30 (~30 м),270,327,180,371.6875,457.5,0.0,"{""type"":""Point"",""coordinates"":[127.79766831422377,-19.172727023918217]}"
265,332.0,-19.487436294555664,-13.992363929748535,5.495072364807129,112.5,-19.171792298689898,127.79529592248608,"Wolfe Creek, Австралия",2025-12-31,2023-01-01,10,Copernicus GLO-30 (~30 м),300,327,190,371.6875,457.5,3.033580624185429,"{""type"":""Point"",""coordinates"":[127.79793191330575,-19.17283088227692]}"
266,337.0,-18.59109115600586,-13.222604751586914,5.368486404418945,112.5,-19.171792298689898,127.79529592248608,"Wolfe Creek, Австралия",2025-12-31,2023-01-01,10,Copernicus GLO-30 (~30 м),330,327,226,371.6875,457.5,15.121602108361936,"{""type"":""Point"",""coordinates"":[127.79819551238772,-19.172934740635622]}"
267,337.0,-21.418777465820312,-13.772455215454102,7.646320819854736,112.5,-19.171792298689898,127.79529592248608,"Wolfe Creek, Австралия",2025-12-31,2023-01-01,10,Copernicus GLO-30 (~30 м),360,327,255,371.6875,457.5,27.921601025688982,"{""type"":""Point"",""coordinates"":[127.79845911146967,-19.173038598994328]}"
268,347.0,-21.299299240112305,-16.476892471313477,4.822406768798828,112.5,-19.171792298689898,127.79529592248608,"Wolfe Creek, Австралия",2025-12-31,2023-01-01,10,Copernicus GLO-30 (~30 м),390,327,255,371.6875,457.5,37.19055933952814,"{""type"":""Point"",""coordinates"":[127.79872271055164,-19.173142457353027]}"
269,360.0,-23.17164421081543,-15.268389701843262,7.90325403213501,112.5,-19.171792298689898,127.79529592248608,"Wolfe Creek, Австралия",2025-12-31,2023-01-01,10,Copernicus GLO-30 (~30 м),420,327,255,371.6875,457.5,28.03974480220943,"{""type"":""Point"",""coordinates"":[127.79898630963362,-19.173246315711726]}"
270,370.0,-17.848487854003906,-8.63945484161377,9.209033966064453,112.5,-19.171792298689898,127.79529592248608,"Wolfe Creek, Австралия",2025-12-31,2023-01-01,10,Copernicus GLO-30 (~30 м),450,327,199,371.6875,457.5,6.05026660341664,"{""type"":""Point"",""coordinates"":[127.79924990871557,-19.173350174070432]}"
271,372.0,-17.22102165222168,-9.610559463500977,7.610462665557861,112.5,-19.171792298689898,127.79529592248608,"Wolfe Creek, Австралия",2025-12-31,2023-01-01,10,Copernicus GLO-30 (~30 м),480,327,171,371.6875,457.5,3.0335915381651195,"{""type"":""Point"",""coordinates"":[127.79951350779754,-19.173454032429138]}"
272,371.0,-17.911405563354492,-11.727201461791992,6.184204578399658,112.5,-19.171792298689898,127.79529592248608,"Wolfe Creek, Австралия",2025-12-31,2023-01-01,10,Copernicus GLO-30 (~30 м),510,327,180,371.6875,457.5,0.0,"{""type"":""Point"",""coordinates"":[127.7997771068795,-19.173557890787837]}"
273,368.0,-18.48358917236328,-13.095398902893066,5.388190746307373,112.5,-19.171792298689898,127.79529592248608,"Wolfe Creek, Австралия",2025-12-31,2023-01-01,10,Copernicus GLO-30 (~30 м),540,327,180,371.6875,457.5,6.050278973498302,"{""type"":""Point"",""coordinates"":[127.80004070596146,-19.17366174914654]}"
274,363.0,-18.70908546447754,-13.91549301147461,4.793591499328613,112.5,-19.171792298689898,127.79529592248608,"Wolfe Creek, Австралия",2025-12-31,2023-01-01,10,Copernicus GLO-30 (~30 м),570,327,180,371.6875,457.5,11.968565155086292,"{""type"":""Point"",""coordinates"":[127.80030430504343,-19.173765607505246]}"
275,363.0,-18.229509353637695,-13.395879745483398,4.833629131317139,112.5,-19.171792298689898,127.79529592248608,"Wolfe Creek, Австралия",2025-12-31,2023-01-01,10,Copernicus GLO-30 (~30 м),600,327,180,371.6875,457.5,0.0,"{""type"":""Point"",""coordinates"":[127.8005679041254,-19.173869465863945]}"
276,363.0,-18.898942947387695,-13.314327239990234,5.584615230560303,112.5,-19.171792298689898,127.79529592248608,"Wolfe Creek, Австралия",2025-12-31,2023-01-01,10,Copernicus GLO-30 (~30 м),630,327,180,371.6875,457.5,0.0,"{""type"":""Point"",""coordinates"":[127.80083150320738,-19.17397332422265]}"
277,360.0,-17.646623611450195,-13.57231616973877,4.074308395385742,112.5,-19.171792298689898,127.79529592248608,"Wolfe Creek, Австралия",2025-12-31,2023-01-01,10,Copernicus GLO-30 (~30 м),660,327,180,371.6875,457.5,6.050294435334325,"{""type"":""Point"",""coordinates"":[127.80109510228932,-19.17407718258135]}"
278,360.0,-19.52907943725586,-13.7258882522583,5.803192138671875,112.5,-19.171792298689898,127.79529592248608,"Wolfe Creek, Австралия",2025-12-31,2023-01-01,10,Copernicus GLO-30 (~30 м),690,327,180,371.6875,457.5,0.0,"{""type"":""Point"",""coordinates"":[127.8013587013713,-19.174181040940052]}"
279,359.0,-19.184118270874023,-13.716357231140137,5.4677605628967285,112.5,-19.171792298689898,127.79529592248608,"Wolfe Creek, Австралия",2025-12-31,2023-01-01,10,Copernicus GLO-30 (~30 м),720,327,180,371.6875,457.5,0.0,"{""type"":""Point"",""coordinates"":[127.80162230045327,-19.174284899298755]}"
280,358.0,-19.731964111328125,-13.792407989501953,5.9395575523376465,112.5,-19.171792298689898,127.79529592248608,"Wolfe Creek, Австралия",2025-12-31,2023-01-01,10,Copernicus GLO-30 (~30 м),750,327,180,371.6875,457.5,3.033608689543436,"{""type"":""Point"",""coordinates"":[127.80188589953525,-19.174388757657457]}"
281,358.0,-19.398040771484375,-14.046178817749023,5.351861000061035,112.5,-19.171792298689898,127.79529592248608,"Wolfe Creek, Австралия",2025-12-31,2023-01-01,10,Copernicus GLO-30 (~30 м),780,327,180,371.6875,457.5,3.0336118079391308,"{""type"":""Point"",""coordinates"":[127.8021494986172,-19.174492616016156]}"
282,357.0,-19.690845489501953,-14.592482566833496,5.098363399505615,112.5,-19.171792298689898,127.79529592248608,"Wolfe Creek, Австралия",2025-12-31,2023-01-01,10,Copernicus GLO-30 (~30 м),810,327,180,371.6875,457.5,0.0,"{""type"":""Point"",""coordinates"":[127.80241309769917,-19.174596474374862]}"
283,356.0,-19.454822540283203,-14.92127513885498,4.5335469245910645,112.5,-19.171792298689898,127.79529592248608,"Wolfe Creek, Австралия",2025-12-31,2023-01-01,10,Copernicus GLO-30 (~30 м),840,327,171,371.6875,457.5,3.0336149260128336,"{""type"":""Point"",""coordinates"":[127.80267669678115,-19.174700332733565]}"
284,356.0,-19.439847946166992,-13.74274730682373,5.697099685668945,112.5,-19.171792298689898,127.79529592248608,"Wolfe Creek, Австралия",2025-12-31,2023-01-01,10,Copernicus GLO-30 (~30 м),870,327,161,371.6875,457.5,6.758201082449275,"{""type"":""Point"",""coordinates"":[127.8029402958631,-19.174804191092264]}"
285,354.0,-19.71023178100586,-14.174537658691406,5.535694599151611,112.5,-19.171792298689898,127.79529592248608,"Wolfe Creek, Австралия",2025-12-31,2023-01-01,10,Copernicus GLO-30 (~30 м),900,327,180,371.6875,457.5,0.0,"{""type"":""Point"",""coordinates"":[127.80320389494507,-19.174908049450966]}"
286,354.0,-19.834444046020508,-13.528498649597168,6.305944919586182,112.5,-19.171792298689898,127.79529592248608,"Wolfe Creek, Австралия",2025-12-31,2023-01-01,10,Copernicus GLO-30 (~30 м),930,327,180,371.6875,457.5,0.0,"{""type"":""Point"",""coordinates"":[127.80346749402705,-19.17501190780967]}"
287,354.0,-20.91046905517578,-15.595664024353027,5.314804553985596,112.5,-19.171792298689898,127.79529592248608,"Wolfe Creek, Австралия",2025-12-31,2023-01-01,10,Copernicus GLO-30 (~30 м),960,327,180,371.6875,457.5,0.0,"{""type"":""Point"",""coordinates"":[127.80373109310902,-19.17511576616837]}"
288,354.0,-21.7159481048584,-15.224709510803223,6.491239070892334,112.5,-19.171792298689898,127.79529592248608,"Wolfe Creek, Австралия",2025-12-31,2023-01-01,10,Copernicus GLO-30 (~30 м),990,327,171,371.6875,457.5,3.033624282530668,"{""type"":""Point"",""coordinates"":[127.80399469219097,-19.175219624527074]}"
289,353.0,-21.085205078125,-15.451221466064453,5.633984565734863,112.5,-19.171792298689898,127.79529592248608,"Wolfe Creek, Австралия",2025-12-31,2023-01-01,10,Copernicus GLO-30 (~30 м),1020,327,161,371.6875,457.5,6.050337731972268,"{""type"":""Point"",""coordinates"":[127.80425829127294,-19.175323482885776]}"
290,350.0,-20.78813934326172,-14.706016540527344,6.082122802734375,112.5,-19.171792298689898,127.79529592248608,"Wolfe Creek, Австралия",2025-12-31,2023-01-01,10,Copernicus GLO-30 (~30 м),1050,327,180,371.6875,457.5,3.0336289603076243,"{""type"":""Point"",""coordinates"":[127.80452189035492,-19.17542734124448]}"
291,350.0,-20.05374526977539,-15.595118522644043,4.458625793457031,112.5,-19.171792298689898,127.79529592248608,"Wolfe Creek, Австралия",2025-12-31,2023-01-01,10,Copernicus GLO-30 (~30 м),1080,327,180,371.6875,457.5,0.0,"{""type"":""Point"",""coordinates"":[127.80478548943687,-19.17553119960319]}"
292,350.0,-20.76738166809082,-14.090828895568848,6.676551818847656,112.5,-19.171792298689898,127.79529592248608,"Wolfe Creek, Австралия",2025-12-31,2023-01-01,10,Copernicus GLO-30 (~30 м),1110,327,180,371.6875,457.5,6.050350102568999,"{""type"":""Point"",""coordinates"":[127.80504908851884,-19.175635057961884]}"
293,351.0,-22.16529083251953,-15.64406681060791,6.521223545074463,112.5,-19.171792298689898,127.79529592248608,"Wolfe Creek, Австралия",2025-12-31,2023-01-01,10,Copernicus GLO-30 (~30 м),1140,327,180,371.6875,457.5,3.0336336382829874,"{""type"":""Point"",""coordinates"":[127.8053126876008,-19.175738916320586]}"
294,351.0,-21.185138702392578,-15.566679000854492,5.618460178375244,112.5,-19.171792298689898,127.79529592248608,"Wolfe Creek, Австралия",2025-12-31,2023-01-01,10,Copernicus GLO-30 (~30 м),1170,327,190,371.6875,457.5,3.033635197728841,"{""type"":""Point"",""coordinates"":[127.80557628668276,-19.17584277467929]}"
295,353.0,-21.049142837524414,-15.15813159942627,5.891011714935303,112.5,-19.171792298689898,127.79529592248608,"Wolfe Creek, Австралия",2025-12-31,2023-01-01,10,Copernicus GLO-30 (~30 м),1200,327,180,371.6875,457.5,3.0336383162727656,"{""type"":""Point"",""coordinates"":[127.80583988576473,-19.17594663303799]}"
296,354.0,-22.03464126586914,-15.713374137878418,6.321267127990723,112.5,-19.171792298689898,127.79529592248608,"Wolfe Creek, Австралия",2025-12-31,2023-01-01,10,Copernicus GLO-30 (~30 м),1230,327,180,371.6875,457.5,0.0,"{""type"":""Point"",""coordinates"":[127.8061034848467,-19.17605049139669]}"
297,353.0,-21.80903434753418,-15.09472942352295,6.714303970336914,112.5,-19.171792298689898,127.79529592248608,"Wolfe Creek, Австралия",2025-12-31,2023-01-01,10,Copernicus GLO-30 (~30 м),1260,327,171,371.6875,457.5,3.0336414352854524,"{""type"":""Point"",""coordinates"":[127.80636708392865,-19.176154349755393]}"
298,352.0,-21.388532638549805,-14.763309478759766,6.625223159790039,112.5,-19.171792298689898,127.79529592248608,"Wolfe Creek, Австралия",2025-12-31,2023-01-01,10,Copernicus GLO-30 (~30 м),1290,327,171,371.6875,457.5,4.286218980814868,"{""type"":""Point"",""coordinates"":[127.80663068301062,-19.176258208114096]}"
299,351.0,-23.31097984313965,-14.833855628967285,8.47712516784668,112.5,-19.171792298689898,127.79529592248608,"Wolfe Creek, Австралия",2025-12-31,2023-01-01,10,Copernicus GLO-30 (~30 м),1320,327,161,371.6875,457.5,6.050377937978088,"{""type"":""Point"",""coordinates"":[127.8068942820926,-19.1763620664728]}"
300,352.0,-22.435604095458984,-15.843024253845215,6.592579364776611,112.5,-19.171792298689898,127.79529592248608,"Wolfe Creek, Австралия",2025-12-31,2023-01-01,10,Copernicus GLO-30 (~30 м),1350,327,190,371.6875,457.5,6.758270046306212,"{""type"":""Point"",""coordinates"":[127.80715788117455,-19.1764659248315]}"
301,350.0,-21.819602966308594,-14.642000198364258,7.177603244781494,112.5,-19.171792298689898,127.79529592248608,"Wolfe Creek, Австралия",2025-12-31,2023-01-01,10,Copernicus GLO-30 (~30 м),1380,327,180,371.6875,457.5,3.0336492326737345,"{""type"":""Point"",""coordinates"":[127.80742148025655,-19.176569783190203]}"
302,349.0,-22.13974380493164,-14.554308891296387,7.585435390472412,112.5,-19.171792298689898,127.79529592248608,"Wolfe Creek, Австралия",2025-12-31,2023-01-01,10,Copernicus GLO-30 (~30 м),1410,327,171,371.6875,457.5,3.033650791843533,"{""type"":""Point"",""coordinates"":[127.8076850793385,-19.176673641548906]}"
303,348.0,-22.625896453857422,-15.850558280944824,6.775338172912598,112.5,-19.171792298689898,127.79529592248608,"Wolfe Creek, Австралия",2025-12-31,2023-01-01,10,Copernicus GLO-30 (~30 м),1440,327,171,371.6875,457.5,4.286232176185444,"{""type"":""Point"",""coordinates"":[127.80794867842047,-19.176777499907608]}"
304,349.0,-21.096925735473633,-15.524230003356934,5.572694778442383,112.5,-19.171792298689898,127.79529592248608,"Wolfe Creek, Австралия",2025-12-31,2023-01-01,10,Copernicus GLO-30 (~30 м),1470,327,180,371.6875,457.5,0.0,"{""type"":""Point"",""coordinates"":[127.80821227750245,-19.17688135826631]}"
305,350.0,-22.238807678222656,-15.56919002532959,6.66961669921875,112.5,-19.171792298689898,127.79529592248608,"Wolfe Creek, Австралия",2025-12-31,2023-01-01,10,Copernicus GLO-30 (~30 м),1500,327,190,371.6875,457.5,3.0336570296976966,"{""type"":""Point"",""coordinates"":[127.8084758765844,-19.176985216625013]}"
306,327.0,-27.43694496154785,-21.397397994995117,6.039547443389893,135,-19.171792298689898,127.79529592248608,"Wolfe Creek, Австралия",2025-12-31,2023-01-01,10,Copernicus GLO-30 (~30 м),0,327,180,371.6875,457.5,0.0,"{""type"":""Point"",""coordinates"":[127.79529592248608,-19.1717922986899]}"
307,327.0,-27.635385513305664,-20.820903778076172,6.814482688903809,135,-19.171792298689898,127.79529592248608,"Wolfe Creek, Австралия",2025-12-31,2023-01-01,10,Copernicus GLO-30 (~30 м),30,327,180,371.6875,457.5,0.0,"{""type"":""Point"",""coordinates"":[127.79549767248899,-19.171984203913667]}"
308,327.0,-26.36446189880371,-20.029144287109375,6.335318088531494,135,-19.171792298689898,127.79529592248608,"Wolfe Creek, Австралия",2025-12-31,2023-01-01,10,Copernicus GLO-30 (~30 м),60,327,180,371.6875,457.5,3.0335681514260027,"{""type"":""Point"",""coordinates"":[127.7956994224919,-19.172176109137443]}"
309,327.0,-26.630064010620117,-20.33977699279785,6.290287494659424,135,-19.171792298689898,127.79529592248608,"Wolfe Creek, Австралия",2025-12-31,2023-01-01,10,Copernicus GLO-30 (~30 м),90,327,180,371.6875,457.5,0.0,"{""type"":""Point"",""coordinates"":[127.79590117249481,-19.172368014361208]}"
310,327.0,-26.881017684936523,-18.603878021240234,8.277139663696289,135,-19.171792298689898,127.79529592248608,"Wolfe Creek, Австралия",2025-12-31,2023-01-01,10,Copernicus GLO-30 (~30 м),120,327,180,371.6875,457.5,3.0335759470923063,"{""type"":""Point"",""coordinates"":[127.79610292249772,-19.17255991958498]}"
311,328.0,-21.60075569152832,-13.696355819702148,7.9043989181518555,135,-19.171792298689898,127.79529592248608,"Wolfe Creek, Австралия",2025-12-31,2023-01-01,10,Copernicus GLO-30 (~30 м),150,327,180,371.6875,457.5,0.0,"{""type"":""Point"",""coordinates"":[127.79630467250064,-19.172751824808746]}"
312,330.0,-19.098669052124023,-12.963787078857422,6.134881973266602,135,-19.171792298689898,127.79529592248608,"Wolfe Creek, Австралия",2025-12-31,2023-01-01,10,Copernicus GLO-30 (~30 м),180,327,190,371.6875,457.5,6.758125229193534,"{""type"":""Point"",""coordinates"":[127.79650642250355,-19.17294373003252]}"
313,330.0,-20.686782836914062,-15.2908353805542,5.395946502685547,135,-19.171792298689898,127.79529592248608,"Wolfe Creek, Австралия",2025-12-31,2023-01-01,10,Copernicus GLO-30 (~30 м),210,327,180,371.6875,457.5,0.0,"{""type"":""Point"",""coordinates"":[127.79670817250647,-19.17313563525629]}"
314,329.0,-19.5100154876709,-14.721598625183105,4.788415908813477,135,-19.171792298689898,127.79529592248608,"Wolfe Creek, Австралия",2025-12-31,2023-01-01,10,Copernicus GLO-30 (~30 м),240,327,171,371.6875,457.5,3.0335899790028473,"{""type"":""Point"",""coordinates"":[127.79690992250936,-19.173327540480063]}"
315,330.0,-19.090702056884766,-14.106903076171875,4.983798503875732,135,-19.171792298689898,127.79529592248608,"Wolfe Creek, Австралия",2025-12-31,2023-01-01,10,Copernicus GLO-30 (~30 м),270,327,190,371.6875,457.5,4.286148612060814,"{""type"":""Point"",""coordinates"":[127.79711167251227,-19.173519445703832]}"
316,331.0,-18.33596420288086,-13.17276382446289,5.163199424743652,135,-19.171792298689898,127.79529592248608,"Wolfe Creek, Австралия",2025-12-31,2023-01-01,10,Copernicus GLO-30 (~30 м),300,327,190,371.6875,457.5,6.758156259078713,"{""type"":""Point"",""coordinates"":[127.79731342251516,-19.173711350927608]}"
317,334.0,-20.538108825683594,-14.855874061584473,5.682234764099121,135,-19.171792298689898,127.79529592248608,"Wolfe Creek, Австралия",2025-12-31,2023-01-01,10,Copernicus GLO-30 (~30 м),330,327,180,371.6875,457.5,0.0,"{""type"":""Point"",""coordinates"":[127.79751517251808,-19.17390325615137]}"
318,350.0,-22.104143142700195,-15.721879959106445,6.382262229919434,135,-19.171792298689898,127.79529592248608,"Wolfe Creek, Австралия",2025-12-31,2023-01-01,10,Copernicus GLO-30 (~30 м),360,327,248,371.6875,457.5,38.48254500213183,"{""type"":""Point"",""coordinates"":[127.79771692252099,-19.17409516137515]}"
319,350.0,-21.09804344177246,-15.715807914733887,5.382235527038574,135,-19.171792298689898,127.79529592248608,"Wolfe Creek, Австралия",2025-12-31,2023-01-01,10,Copernicus GLO-30 (~30 м),390,327,232,371.6875,457.5,39.67631878787304,"{""type"":""Point"",""coordinates"":[127.7979186725239,-19.174287066598918]}"
320,368.0,-21.331941604614258,-14.402259826660156,6.92968225479126,135,-19.171792298689898,127.79529592248608,"Wolfe Creek, Австралия",2025-12-31,2023-01-01,10,Copernicus GLO-30 (~30 м),420,327,218,371.6875,457.5,11.968613037025522,"{""type"":""Point"",""coordinates"":[127.79812042252682,-19.174478971822687]}"
321,372.0,-18.66670799255371,-9.375754356384277,9.290952682495117,135,-19.171792298689898,127.79529592248608,"Wolfe Creek, Австралия",2025-12-31,2023-01-01,10,Copernicus GLO-30 (~30 м),450,327,180,371.6875,457.5,0.0,"{""type"":""Point"",""coordinates"":[127.79832217252974,-19.174670877046456]}"
322,367.0,-20.129737854003906,-15.51827621459961,4.611461162567139,135,-19.171792298689898,127.79529592248608,"Wolfe Creek, Австралия",2025-12-31,2023-01-01,10,Copernicus GLO-30 (~30 м),480,327,171,371.6875,457.5,12.32589485320908,"{""type"":""Point"",""coordinates"":[127.79852392253264,-19.174862782270228]}"
323,367.0,-20.066909790039062,-14.132530212402344,5.934380054473877,135,-19.171792298689898,127.79529592248608,"Wolfe Creek, Австралия",2025-12-31,2023-01-01,10,Copernicus GLO-30 (~30 м),510,327,161,371.6875,457.5,6.050328453541669,"{""type"":""Point"",""coordinates"":[127.79872567253555,-19.175054687493994]}"
324,365.0,-19.18210220336914,-14.232640266418457,4.949460983276367,135,-19.171792298689898,127.79529592248608,"Wolfe Creek, Австралия",2025-12-31,2023-01-01,10,Copernicus GLO-30 (~30 м),540,327,180,371.6875,457.5,0.0,"{""type"":""Point"",""coordinates"":[127.79892742253847,-19.175246592717766]}"
325,364.0,-19.34547233581543,-14.470908164978027,4.8745646476745605,135,-19.171792298689898,127.79529592248608,"Wolfe Creek, Австралия",2025-12-31,2023-01-01,10,Copernicus GLO-30 (~30 м),570,327,180,371.6875,457.5,3.0336289603076243,"{""type"":""Point"",""coordinates"":[127.79912917254138,-19.175438497941542]}"
326,363.0,-20.422752380371094,-14.314785957336426,6.107966899871826,135,-19.171792298689898,127.79529592248608,"Wolfe Creek, Австралия",2025-12-31,2023-01-01,10,Copernicus GLO-30 (~30 м),600,327,171,371.6875,457.5,6.758235563407976,"{""type"":""Point"",""coordinates"":[127.7993309225443,-19.17563040316531]}"
327,361.0,-19.585899353027344,-13.49869441986084,6.08720588684082,135,-19.171792298689898,127.79529592248608,"Wolfe Creek, Австралия",2025-12-31,2023-01-01,10,Copernicus GLO-30 (~30 м),630,327,152,371.6875,457.5,9.033808246843641,"{""type"":""Point"",""coordinates"":[127.79953267254722,-19.17582230838908]}"
328,358.0,-19.897619247436523,-14.675773620605469,5.2218451499938965,135,-19.171792298689898,127.79529592248608,"Wolfe Creek, Австралия",2025-12-31,2023-01-01,10,Copernicus GLO-30 (~30 м),660,327,180,371.6875,457.5,0.0,"{""type"":""Point"",""coordinates"":[127.7997344225501,-19.17601421361285]}"
329,356.0,-18.928451538085938,-14.314762115478516,4.613688945770264,135,-19.171792298689898,127.79529592248608,"Wolfe Creek, Австралия",2025-12-31,2023-01-01,10,Copernicus GLO-30 (~30 м),690,327,161,371.6875,457.5,6.758259701573144,"{""type"":""Point"",""coordinates"":[127.79993617255302,-19.176206118836618]}"
330,357.0,-19.77159309387207,-13.76155948638916,6.010033130645752,135,-19.171792298689898,127.79529592248608,"Wolfe Creek, Австралия",2025-12-31,2023-01-01,10,Copernicus GLO-30 (~30 м),720,327,161,371.6875,457.5,6.050377937503069,"{""type"":""Point"",""coordinates"":[127.8001379225559,-19.176398024060394]}"
331,356.0,-20.56309700012207,-14.458166122436523,6.104929447174072,135,-19.171792298689898,127.79529592248608,"Wolfe Creek, Австралия",2025-12-31,2023-01-01,10,Copernicus GLO-30 (~30 м),750,327,180,371.6875,457.5,3.0336492326737345,"{""type"":""Point"",""coordinates"":[127.80033967255882,-19.176589929284166]}"
332,354.0,-19.931198120117188,-13.219220161437988,6.711977958679199,135,-19.171792298689898,127.79529592248608,"Wolfe Creek, Австралия",2025-12-31,2023-01-01,10,Copernicus GLO-30 (~30 м),780,327,180,371.6875,457.5,3.0336539109017444,"{""type"":""Point"",""coordinates"":[127.80054142256175,-19.176781834507935]}"
333,354.0,-19.98104476928711,-13.970752716064453,6.01029109954834,135,-19.171792298689898,127.79529592248608,"Wolfe Creek, Австралия",2025-12-31,2023-01-01,10,Copernicus GLO-30 (~30 м),810,327,180,371.6875,457.5,0.0,"{""type"":""Point"",""coordinates"":[127.80074317256467,-19.176973739731707]}"
334,352.0,-20.234479904174805,-14.484519004821777,5.749961853027344,135,-19.171792298689898,127.79529592248608,"Wolfe Creek, Австралия",2025-12-31,2023-01-01,10,Copernicus GLO-30 (~30 м),840,327,180,371.6875,457.5,6.0504057740932735,"{""type"":""Point"",""coordinates"":[127.80094492256758,-19.177165644955473]}"
335,352.0,-19.042394638061523,-14.463924407958984,4.578469753265381,135,-19.171792298689898,127.79529592248608,"Wolfe Creek, Австралия",2025-12-31,2023-01-01,10,Copernicus GLO-30 (~30 м),870,327,180,371.6875,457.5,3.0336632677813755,"{""type"":""Point"",""coordinates"":[127.8011466725705,-19.17735755017924]}"
336,351.0,-21.358461380004883,-13.776579856872559,7.581881999969482,135,-19.171792298689898,127.79529592248608,"Wolfe Creek, Австралия",2025-12-31,2023-01-01,10,Copernicus GLO-30 (~30 м),900,327,180,371.6875,457.5,0.0,"{""type"":""Point"",""coordinates"":[127.80134842257338,-19.177549455403014]}"
337,350.0,-19.72794532775879,-13.952970504760742,5.774974346160889,135,-19.171792298689898,127.79529592248608,"Wolfe Creek, Австралия",2025-12-31,2023-01-01,10,Copernicus GLO-30 (~30 м),930,327,171,371.6875,457.5,3.0336710648257204,"{""type"":""Point"",""coordinates"":[127.8015501725763,-19.177741360626786]}"
338,350.0,-20.41359519958496,-14.451953887939453,5.961641311645508,135,-19.171792298689898,127.79529592248608,"Wolfe Creek, Австралия",2025-12-31,2023-01-01,10,Copernicus GLO-30 (~30 м),960,327,171,371.6875,457.5,3.033674184649855,"{""type"":""Point"",""coordinates"":[127.80175192257921,-19.177933265850555]}"
339,349.0,-20.927431106567383,-14.08882999420166,6.8386006355285645,135,-19.171792298689898,127.79529592248608,"Wolfe Creek, Австралия",2025-12-31,2023-01-01,10,Copernicus GLO-30 (~30 м),990,327,180,371.6875,457.5,0.0,"{""type"":""Point"",""coordinates"":[127.80195367258213,-19.178125171074324]}"
340,347.0,-21.548702239990234,-15.625617027282715,5.923086166381836,135,-19.171792298689898,127.79529592248608,"Wolfe Creek, Австралия",2025-12-31,2023-01-01,10,Copernicus GLO-30 (~30 м),1020,327,180,371.6875,457.5,0.0,"{""type"":""Point"",""coordinates"":[127.80215542258505,-19.178317076298093]}"
341,347.0,-21.506420135498047,-15.277381896972656,6.229039192199707,135,-19.171792298689898,127.79529592248608,"Wolfe Creek, Австралия",2025-12-31,2023-01-01,10,Copernicus GLO-30 (~30 м),1050,327,180,371.6875,457.5,3.0336851015277846,"{""type"":""Point"",""coordinates"":[127.80235717258793,-19.178508981521862]}"
342,347.0,-20.552507400512695,-14.610174179077148,5.9423322677612305,135,-19.171792298689898,127.79529592248608,"Wolfe Creek, Австралия",2025-12-31,2023-01-01,10,Copernicus GLO-30 (~30 м),1080,327,199,371.6875,457.5,8.525119163325035,"{""type"":""Point"",""coordinates"":[127.80255892259085,-19.178700886745638]}"
343,349.0,-22.34503936767578,-15.15604305267334,7.1889967918396,135,-19.171792298689898,127.79529592248608,"Wolfe Creek, Австралия",2025-12-31,2023-01-01,10,Copernicus GLO-30 (~30 м),1110,327,180,371.6875,457.5,0.0,"{""type"":""Point"",""coordinates"":[127.80276067259376,-19.178892791969403]}"
344,349.0,-21.354183197021484,-14.956838607788086,6.397343635559082,135,-19.171792298689898,127.79529592248608,"Wolfe Creek, Австралия",2025-12-31,2023-01-01,10,Copernicus GLO-30 (~30 м),1140,327,180,371.6875,457.5,0.0,"{""type"":""Point"",""coordinates"":[127.80296242259666,-19.17908469719318]}"
345,349.0,-21.884212493896484,-14.959104537963867,6.925108432769775,135,-19.171792298689898,127.79529592248608,"Wolfe Creek, Австралия",2025-12-31,2023-01-01,10,Copernicus GLO-30 (~30 м),1170,327,190,371.6875,457.5,4.286298158270349,"{""type"":""Point"",""coordinates"":[127.80316417259958,-19.179276602416948]}"
346,348.0,-22.048677444458008,-15.482995986938477,6.565681457519531,135,-19.171792298689898,127.79529592248608,"Wolfe Creek, Австралия",2025-12-31,2023-01-01,10,Copernicus GLO-30 (~30 м),1200,327,180,371.6875,457.5,0.0,"{""type"":""Point"",""coordinates"":[127.8033659226025,-19.17946850764072]}"
347,348.0,-21.558002471923828,-15.275712966918945,6.282289505004883,135,-19.171792298689898,127.79529592248608,"Wolfe Creek, Австралия",2025-12-31,2023-01-01,10,Copernicus GLO-30 (~30 м),1230,327,180,371.6875,457.5,0.0,"{""type"":""Point"",""coordinates"":[127.80356767260541,-19.17966041286449]}"
348,349.0,-22.452041625976562,-16.264118194580078,6.18792200088501,135,-19.171792298689898,127.79529592248608,"Wolfe Creek, Австралия",2025-12-31,2023-01-01,10,Copernicus GLO-30 (~30 м),1260,327,180,371.6875,457.5,3.0337100562777612,"{""type"":""Point"",""coordinates"":[127.80376942260833,-19.179852318088262]}"
349,349.0,-23.03252410888672,-15.59696102142334,7.435562610626221,135,-19.171792298689898,127.79529592248608,"Wolfe Creek, Австралия",2025-12-31,2023-01-01,10,Copernicus GLO-30 (~30 м),1290,327,161,371.6875,457.5,6.050510944805846,"{""type"":""Point"",""coordinates"":[127.80397117261124,-19.18004422331203]}"
350,348.0,-22.764131546020508,-15.1700439453125,7.594088554382324,135,-19.171792298689898,127.79529592248608,"Wolfe Creek, Австралия",2025-12-31,2023-01-01,10,Copernicus GLO-30 (~30 м),1320,327,180,371.6875,457.5,3.0337162953304784,"{""type"":""Point"",""coordinates"":[127.80417292261413,-19.180236128535807]}"
351,348.0,-21.82879638671875,-15.521059036254883,6.307736396789551,135,-19.171792298689898,127.79529592248608,"Wolfe Creek, Австралия",2025-12-31,2023-01-01,10,Copernicus GLO-30 (~30 м),1350,327,180,371.6875,457.5,3.033719414581166,"{""type"":""Point"",""coordinates"":[127.80437467261704,-19.180428033759572]}"
352,348.0,-21.30742645263672,-14.364154815673828,6.943270206451416,135,-19.171792298689898,127.79529592248608,"Wolfe Creek, Австралия",2025-12-31,2023-01-01,10,Copernicus GLO-30 (~30 м),1380,327,171,371.6875,457.5,6.758439036096851,"{""type"":""Point"",""coordinates"":[127.80457642261996,-19.180619938983344]}"
353,346.0,-21.054485321044922,-15.162038803100586,5.892446994781494,135,-19.171792298689898,127.79529592248608,"Wolfe Creek, Австралия",2025-12-31,2023-01-01,10,Copernicus GLO-30 (~30 м),1410,327,180,371.6875,457.5,0.0,"{""type"":""Point"",""coordinates"":[127.80477817262285,-19.180811844207113]}"
354,347.0,-20.203153610229492,-14.402849197387695,5.800304412841797,135,-19.171792298689898,127.79529592248608,"Wolfe Creek, Австралия",2025-12-31,2023-01-01,10,Copernicus GLO-30 (~30 м),1440,327,180,371.6875,457.5,3.0337303333403813,"{""type"":""Point"",""coordinates"":[127.80497992262576,-19.181003749430882]}"
355,346.0,-21.692657470703125,-14.957158088684082,6.735499382019043,135,-19.171792298689898,127.79529592248608,"Wolfe Creek, Австралия",2025-12-31,2023-01-01,10,Copernicus GLO-30 (~30 м),1470,327,171,371.6875,457.5,4.28634875073383,"{""type"":""Point"",""coordinates"":[127.80518167262868,-19.18119565465466]}"
356,347.0,-21.794952392578125,-14.763096809387207,7.03185510635376,135,-19.171792298689898,127.79529592248608,"Wolfe Creek, Австралия",2025-12-31,2023-01-01,10,Copernicus GLO-30 (~30 м),1500,327,180,371.6875,457.5,0.0,"{""type"":""Point"",""coordinates"":[127.80538342263159,-19.181387559878424]}"
357,327.0,-27.43694496154785,-21.397397994995117,6.039547443389893,157.5,-19.171792298689898,127.79529592248608,"Wolfe Creek, Австралия",2025-12-31,2023-01-01,10,Copernicus GLO-30 (~30 м),0,327,180,371.6875,457.5,0.0,"{""type"":""Point"",""coordinates"":[127.79529592248608,-19.1717922986899]}"
358,327.0,-26.19252586364746,-20.442659378051758,5.749866962432861,157.5,-19.171792298689898,127.79529592248608,"Wolfe Creek, Австралия",2025-12-31,2023-01-01,10,Copernicus GLO-30 (~30 м),30,327,180,371.6875,457.5,3.033566592652533,"{""type"":""Point"",""coordinates"":[127.79540510880086,-19.172043034948047]}"
359,327.0,-26.248554229736328,-20.05974578857422,6.188808441162109,157.5,-19.171792298689898,127.79529592248608,"Wolfe Creek, Австралия",2025-12-31,2023-01-01,10,Copernicus GLO-30 (~30 м),60,327,180,371.6875,457.5,3.033571269738433,"{""type"":""Point"",""coordinates"":[127.79551429511564,-19.172293771206192]}"
360,328.0,-25.672264099121094,-20.447967529296875,5.224296569824219,157.5,-19.171792298689898,127.79529592248608,"Wolfe Creek, Австралия",2025-12-31,2023-01-01,10,Copernicus GLO-30 (~30 м),90,327,171,371.6875,457.5,6.758111439082845,"{""type"":""Point"",""coordinates"":[127.79562348143043,-19.172544507464334]}"
361,327.0,-24.596599578857422,-17.795625686645508,6.800974369049072,157.5,-19.171792298689898,127.79529592248608,"Wolfe Creek, Австралия",2025-12-31,2023-01-01,10,Copernicus GLO-30 (~30 м),120,327,190,371.6875,457.5,4.286131022153999,"{""type"":""Point"",""coordinates"":[127.7957326677452,-19.172795243722476]}"
362,328.0,-24.69160270690918,-18.096378326416016,6.595224857330322,157.5,-19.171792298689898,127.79529592248608,"Wolfe Creek, Австралия",2025-12-31,2023-01-01,10,Copernicus GLO-30 (~30 м),150,327,180,371.6875,457.5,0.0,"{""type"":""Point"",""coordinates"":[127.79584185405999,-19.17304597998062]}"
363,329.0,-18.808460235595703,-11.747002601623535,7.06145715713501,157.5,-19.171792298689898,127.79529592248608,"Wolfe Creek, Австралия",2025-12-31,2023-01-01,10,Copernicus GLO-30 (~30 м),180,327,180,371.6875,457.5,3.0335884200641563,"{""type"":""Point"",""coordinates"":[127.79595104037476,-19.173296716238767]}"
364,329.0,-19.61614227294922,-12.823684692382812,6.792458534240723,157.5,-19.171792298689898,127.79529592248608,"Wolfe Creek, Австралия",2025-12-31,2023-01-01,10,Copernicus GLO-30 (~30 м),210,327,180,371.6875,457.5,0.0,"{""type"":""Point"",""coordinates"":[127.79606022668953,-19.173547452496912]}"
365,330.0,-20.442598342895508,-14.229446411132812,6.213152885437012,157.5,-19.171792298689898,127.79529592248608,"Wolfe Creek, Австралия",2025-12-31,2023-01-01,10,Copernicus GLO-30 (~30 м),240,327,199,371.6875,457.5,6.758159706866529,"{""type"":""Point"",""coordinates"":[127.79616941300432,-19.17379818875506]}"
366,332.0,-19.54145622253418,-13.767817497253418,5.773638725280762,157.5,-19.171792298689898,127.79529592248608,"Wolfe Creek, Австралия",2025-12-31,2023-01-01,10,Copernicus GLO-30 (~30 м),270,327,199,371.6875,457.5,6.050291343044763,"{""type"":""Point"",""coordinates"":[127.7962785993191,-19.1740489250132]}"
367,332.0,-19.342195510864258,-13.872173309326172,5.470021724700928,157.5,-19.171792298689898,127.79529592248608,"Wolfe Creek, Австралия",2025-12-31,2023-01-01,10,Copernicus GLO-30 (~30 м),300,327,180,371.6875,457.5,3.033607130221207,"{""type"":""Point"",""coordinates"":[127.79638778563388,-19.174299661271352]}"
368,332.0,-18.928678512573242,-13.537487030029297,5.3911919593811035,157.5,-19.171792298689898,127.79529592248608,"Wolfe Creek, Австралия",2025-12-31,2023-01-01,10,Copernicus GLO-30 (~30 м),330,327,172,371.6875,457.5,25.63633042127692,"{""type"":""Point"",""coordinates"":[127.79649697194866,-19.17455039752949]}"
369,341.0,-20.59718894958496,-13.862462043762207,6.7347259521484375,157.5,-19.171792298689898,127.79529592248608,"Wolfe Creek, Австралия",2025-12-31,2023-01-01,10,Copernicus GLO-30 (~30 м),360,327,180,371.6875,457.5,34.564885687291536,"{""type"":""Point"",""coordinates"":[127.79660615826344,-19.174801133787636]}"
370,354.0,-22.91217803955078,-16.60970115661621,6.302475929260254,157.5,-19.171792298689898,127.79529592248608,"Wolfe Creek, Австралия",2025-12-31,2023-01-01,10,Copernicus GLO-30 (~30 м),390,327,180,371.6875,457.5,0.0,"{""type"":""Point"",""coordinates"":[127.79671534457822,-19.175051870045785]}"
371,364.0,-21.806058883666992,-13.63937759399414,8.166680335998535,157.5,-19.171792298689898,127.79529592248608,"Wolfe Creek, Австралия",2025-12-31,2023-01-01,10,Copernicus GLO-30 (~30 м),420,327,226,371.6875,457.5,14.84123422998227,"{""type"":""Point"",""coordinates"":[127.79682453089299,-19.17530260630393]}"
372,369.0,-19.773019790649414,-10.919238090515137,8.853781700134277,157.5,-19.171792298689898,127.79529592248608,"Wolfe Creek, Австралия",2025-12-31,2023-01-01,10,Copernicus GLO-30 (~30 м),450,327,190,371.6875,457.5,3.03363051963949,"{""type"":""Point"",""coordinates"":[127.79693371720778,-19.17555334256207]}"
373,366.0,-18.18157386779785,-12.032548904418945,6.14902400970459,157.5,-19.171792298689898,127.79529592248608,"Wolfe Creek, Австралия",2025-12-31,2023-01-01,10,Copernicus GLO-30 (~30 м),480,327,180,371.6875,457.5,0.0,"{""type"":""Point"",""coordinates"":[127.79704290352255,-19.17580407882022]}"
374,364.0,-20.02715301513672,-14.02022647857666,6.0069260597229,157.5,-19.171792298689898,127.79529592248608,"Wolfe Creek, Австралия",2025-12-31,2023-01-01,10,Copernicus GLO-30 (~30 м),510,327,190,371.6875,457.5,3.033639875885142,"{""type"":""Point"",""coordinates"":[127.79715208983734,-19.176054815078363]}"
375,363.0,-20.71123695373535,-14.539142608642578,6.17209529876709,157.5,-19.171792298689898,127.79529592248608,"Wolfe Creek, Австралия",2025-12-31,2023-01-01,10,Copernicus GLO-30 (~30 м),540,327,180,371.6875,457.5,3.0336445540797774,"{""type"":""Point"",""coordinates"":[127.79726127615211,-19.176305551336508]}"
376,362.0,-20.179006576538086,-13.727377891540527,6.451627731323242,157.5,-19.171792298689898,127.79529592248608,"Wolfe Creek, Австралия",2025-12-31,2023-01-01,10,Copernicus GLO-30 (~30 м),570,327,180,371.6875,457.5,3.0336492326737345,"{""type"":""Point"",""coordinates"":[127.7973704624669,-19.17655628759465]}"
377,360.0,-20.32392120361328,-14.142791748046875,6.181129455566406,157.5,-19.171792298689898,127.79529592248608,"Wolfe Creek, Австралия",2025-12-31,2023-01-01,10,Copernicus GLO-30 (~30 м),600,327,180,371.6875,457.5,6.050393402303763,"{""type"":""Point"",""coordinates"":[127.79747964878167,-19.176807023852795]}"
378,360.0,-19.71154022216797,-14.196742057800293,5.514798164367676,157.5,-19.171792298689898,127.79529592248608,"Wolfe Creek, Австралия",2025-12-31,2023-01-01,10,Copernicus GLO-30 (~30 м),630,327,171,371.6875,457.5,9.513832342006936,"{""type"":""Point"",""coordinates"":[127.79758883509646,-19.17705776011094]}"
379,357.0,-18.77630615234375,-13.958521842956543,4.817783355712891,157.5,-19.171792298689898,127.79529592248608,"Wolfe Creek, Австралия",2025-12-31,2023-01-01,10,Copernicus GLO-30 (~30 м),660,327,180,371.6875,457.5,3.0336632677813755,"{""type"":""Point"",""coordinates"":[127.79769802141124,-19.17730849636909]}"
380,356.0,-19.51537322998047,-14.962401390075684,4.552972316741943,157.5,-19.171792298689898,127.79529592248608,"Wolfe Creek, Австралия",2025-12-31,2023-01-01,10,Copernicus GLO-30 (~30 м),690,327,180,371.6875,457.5,3.0336679463062115,"{""type"":""Point"",""coordinates"":[127.79780720772601,-19.17755923262723]}"
381,355.0,-20.93349266052246,-14.603090286254883,6.330402374267578,157.5,-19.171792298689898,127.79529592248608,"Wolfe Creek, Австралия",2025-12-31,2023-01-01,10,Copernicus GLO-30 (~30 м),720,327,171,371.6875,457.5,3.0336726250933284,"{""type"":""Point"",""coordinates"":[127.7979163940408,-19.177809968885377]}"
382,354.0,-19.874879837036133,-14.780056953430176,5.094823360443115,157.5,-19.171792298689898,127.79529592248608,"Wolfe Creek, Австралия",2025-12-31,2023-01-01,10,Copernicus GLO-30 (~30 м),750,327,180,371.6875,457.5,0.0,"{""type"":""Point"",""coordinates"":[127.79802558035557,-19.178060705143515]}"
383,354.0,-20.451181411743164,-14.512685775756836,5.9384965896606445,157.5,-19.171792298689898,127.79529592248608,"Wolfe Creek, Австралия",2025-12-31,2023-01-01,10,Copernicus GLO-30 (~30 м),780,327,171,371.6875,457.5,3.0336819820650547,"{""type"":""Point"",""coordinates"":[127.79813476667036,-19.178311441401668]}"
384,353.0,-20.704532623291016,-15.400837898254395,5.3036932945251465,157.5,-19.171792298689898,127.79529592248608,"Wolfe Creek, Австралия",2025-12-31,2023-01-01,10,Copernicus GLO-30 (~30 м),810,327,171,371.6875,457.5,3.033686660890849,"{""type"":""Point"",""coordinates"":[127.79824395298513,-19.17856217765981]}"
385,352.0,-20.779062271118164,-15.273026466369629,5.506035804748535,157.5,-19.171792298689898,127.79529592248608,"Wolfe Creek, Австралия",2025-12-31,2023-01-01,10,Copernicus GLO-30 (~30 м),840,327,180,371.6875,457.5,3.033689780373485,"{""type"":""Point"",""coordinates"":[127.79835313929992,-19.17881291391796]}"
386,351.0,-20.271228790283203,-14.545727729797363,5.72550106048584,157.5,-19.171792298689898,127.79529592248608,"Wolfe Creek, Австралия",2025-12-31,2023-01-01,10,Copernicus GLO-30 (~30 м),870,327,180,371.6875,457.5,3.0336944592336033,"{""type"":""Point"",""coordinates"":[127.79846232561466,-19.1790636501761]}"
387,351.0,-20.965023040771484,-14.716923713684082,6.248098373413086,157.5,-19.171792298689898,127.79529592248608,"Wolfe Creek, Австралия",2025-12-31,2023-01-01,10,Copernicus GLO-30 (~30 м),900,327,180,371.6875,457.5,6.050483103509119,"{""type"":""Point"",""coordinates"":[127.79857151192948,-19.179314386434243]}"
388,349.0,-20.16090965270996,-13.888209342956543,6.272700786590576,157.5,-19.171792298689898,127.79529592248608,"Wolfe Creek, Австралия",2025-12-31,2023-01-01,10,Copernicus GLO-30 (~30 м),930,327,180,371.6875,457.5,6.050492383312183,"{""type"":""Point"",""coordinates"":[127.79868069824425,-19.17956512269239]}"
389,347.0,-20.839941024780273,-15.029952049255371,5.809988498687744,157.5,-19.171792298689898,127.79529592248608,"Wolfe Creek, Австралия",2025-12-31,2023-01-01,10,Copernicus GLO-30 (~30 м),960,327,180,371.6875,457.5,6.050501664023761,"{""type"":""Point"",""coordinates"":[127.79878988455903,-19.17981585895053]}"
390,345.0,-20.328508377075195,-14.596400260925293,5.732107639312744,157.5,-19.171792298689898,127.79529592248608,"Wolfe Creek, Австралия",2025-12-31,2023-01-01,10,Copernicus GLO-30 (~30 м),990,327,180,371.6875,457.5,0.0,"{""type"":""Point"",""coordinates"":[127.79889907087382,-19.18006659520868]}"
391,346.0,-20.989728927612305,-14.58482551574707,6.404903411865234,157.5,-19.171792298689898,127.79529592248608,"Wolfe Creek, Австралия",2025-12-31,2023-01-01,10,Copernicus GLO-30 (~30 м),1020,327,190,371.6875,457.5,3.0337178550132746,"{""type"":""Point"",""coordinates"":[127.79900825718856,-19.180317331466824]}"
392,346.0,-22.649356842041016,-16.201915740966797,6.447441101074219,157.5,-19.171792298689898,127.79529592248608,"Wolfe Creek, Австралия",2025-12-31,2023-01-01,10,Copernicus GLO-30 (~30 м),1050,327,180,371.6875,457.5,0.0,"{""type"":""Point"",""coordinates"":[127.79911744350338,-19.18056806772497]}"
393,346.0,-21.977218627929688,-15.345649719238281,6.631569862365723,157.5,-19.171792298689898,127.79529592248608,"Wolfe Creek, Австралия",2025-12-31,2023-01-01,10,Copernicus GLO-30 (~30 м),1080,327,190,371.6875,457.5,3.033727213518877,"{""type"":""Point"",""coordinates"":[127.79922662981812,-19.180818803983115]}"
394,348.0,-21.611936569213867,-16.103837966918945,5.508098602294922,157.5,-19.171792298689898,127.79529592248608,"Wolfe Creek, Австралия",2025-12-31,2023-01-01,10,Copernicus GLO-30 (~30 м),1110,327,190,371.6875,457.5,3.0337318929918604,"{""type"":""Point"",""coordinates"":[127.79933581613294,-19.181069540241257]}"
395,348.0,-23.2684383392334,-16.952817916870117,6.315621376037598,157.5,-19.171792298689898,127.79529592248608,"Wolfe Creek, Австралия",2025-12-31,2023-01-01,10,Copernicus GLO-30 (~30 м),1140,327,180,371.6875,457.5,0.0,"{""type"":""Point"",""coordinates"":[127.79944500244771,-19.18132027649941]}"
396,346.0,-21.660470962524414,-16.776926040649414,4.883544445037842,157.5,-19.171792298689898,127.79529592248608,"Wolfe Creek, Австралия",2025-12-31,2023-01-01,10,Copernicus GLO-30 (~30 м),1170,327,171,371.6875,457.5,4.286357550149966,"{""type"":""Point"",""coordinates"":[127.79955418876249,-19.181571012757544]}"
397,346.0,-20.27294158935547,-14.100829124450684,6.172112464904785,157.5,-19.171792298689898,127.79529592248608,"Wolfe Creek, Австралия",2025-12-31,2023-01-01,10,Copernicus GLO-30 (~30 м),1200,327,180,371.6875,457.5,0.0,"{""type"":""Point"",""coordinates"":[127.79966337507727,-19.181821749015693]}"
398,346.0,-19.19456672668457,-14.269756317138672,4.924810409545898,157.5,-19.171792298689898,127.79529592248608,"Wolfe Creek, Австралия",2025-12-31,2023-01-01,10,Copernicus GLO-30 (~30 м),1230,327,180,371.6875,457.5,0.0,"{""type"":""Point"",""coordinates"":[127.79977256139203,-19.182072485273842]}"
399,346.0,-19.097726821899414,-13.593615531921387,5.504110813140869,157.5,-19.171792298689898,127.79529592248608,"Wolfe Creek, Австралия",2025-12-31,2023-01-01,10,Copernicus GLO-30 (~30 м),1260,327,180,371.6875,457.5,3.033755291559945,"{""type"":""Point"",""coordinates"":[127.79988174770683,-19.18232322153198]}"
400,346.0,-21.191097259521484,-14.917287826538086,6.273809909820557,157.5,-19.171792298689898,127.79529592248608,"Wolfe Creek, Австралия",2025-12-31,2023-01-01,10,Copernicus GLO-30 (~30 м),1290,327,190,371.6875,457.5,4.286383949039607,"{""type"":""Point"",""coordinates"":[127.79999093402158,-19.18257395779013]}"
401,345.0,-19.892770767211914,-14.02808666229248,5.864683628082275,157.5,-19.171792298689898,127.79529592248608,"Wolfe Creek, Австралия",2025-12-31,2023-01-01,10,Copernicus GLO-30 (~30 м),1320,327,180,371.6875,457.5,0.0,"{""type"":""Point"",""coordinates"":[127.8001001203364,-19.182824694048275]}"
402,345.0,-19.775402069091797,-14.54863166809082,5.226770877838135,157.5,-19.171792298689898,127.79529592248608,"Wolfe Creek, Австралия",2025-12-31,2023-01-01,10,Copernicus GLO-30 (~30 м),1350,327,180,371.6875,457.5,0.0,"{""type"":""Point"",""coordinates"":[127.80020930665114,-19.183075430306424]}"
403,346.0,-19.3876895904541,-13.921900749206543,5.465789794921875,157.5,-19.171792298689898,127.79529592248608,"Wolfe Creek, Австралия",2025-12-31,2023-01-01,10,Copernicus GLO-30 (~30 м),1380,327,180,371.6875,457.5,0.0,"{""type"":""Point"",""coordinates"":[127.80031849296596,-19.183326166564562]}"
404,345.0,-20.09903907775879,-14.649653434753418,5.4493865966796875,157.5,-19.171792298689898,127.79529592248608,"Wolfe Creek, Австралия",2025-12-31,2023-01-01,10,Copernicus GLO-30 (~30 м),1410,327,190,371.6875,457.5,3.0337786914040117,"{""type"":""Point"",""coordinates"":[127.80042767928073,-19.183576902822704]}"
405,345.0,-21.033998489379883,-14.906164169311523,6.127833366394043,157.5,-19.171792298689898,127.79529592248608,"Wolfe Creek, Австралия",2025-12-31,2023-01-01,10,Copernicus GLO-30 (~30 м),1440,327,180,371.6875,457.5,0.0,"{""type"":""Point"",""coordinates"":[127.80053686559549,-19.183827639080853]}"
406,344.0,-20.61431884765625,-14.470091819763184,6.14422607421875,157.5,-19.171792298689898,127.79529592248608,"Wolfe Creek, Австралия",2025-12-31,2023-01-01,10,Copernicus GLO-30 (~30 м),1470,327,190,371.6875,457.5,3.0337880523688963,"{""type"":""Point"",""coordinates"":[127.80064605191029,-19.184078375339]}"
407,345.0,-20.023998260498047,-14.328518867492676,5.695478916168213,157.5,-19.171792298689898,127.79529592248608,"Wolfe Creek, Австралия",2025-12-31,2023-01-01,10,Copernicus GLO-30 (~30 м),1500,327,190,371.6875,457.5,3.03379117259036,"{""type"":""Point"",""coordinates"":[127.80075523822505,-19.184329111597144]}"
408,327.0,-27.43694496154785,-21.397397994995117,6.039547443389893,180,-19.171792298689898,127.79529592248608,"Wolfe Creek, Австралия",2025-12-31,2023-01-01,10,Copernicus GLO-30 (~30 м),0,327,180,371.6875,457.5,0.0,"{""type"":""Point"",""coordinates"":[127.79529592248608,-19.1717922986899]}"
409,327.0,-26.590564727783203,-20.291793823242188,6.298771381378174,180,-19.171792298689898,127.79529592248608,"Wolfe Creek, Австралия",2025-12-31,2023-01-01,10,Copernicus GLO-30 (~30 м),30,327,180,371.6875,457.5,3.033566592652533,"{""type"":""Point"",""coordinates"":[127.79529592248608,-19.172063693660046]}"
410,328.0,-26.89435386657715,-19.58732795715332,7.307025909423828,180,-19.171792298689898,127.79529592248608,"Wolfe Creek, Австралия",2025-12-31,2023-01-01,10,Copernicus GLO-30 (~30 м),60,327,180,371.6875,457.5,0.0,"{""type"":""Point"",""coordinates"":[127.79529592248608,-19.17233508863019]}"
411,328.0,-24.84903907775879,-18.07942008972168,6.769619941711426,180,-19.171792298689898,127.79529592248608,"Wolfe Creek, Австралия",2025-12-31,2023-01-01,10,Copernicus GLO-30 (~30 м),90,327,180,371.6875,457.5,3.0335759470923063,"{""type"":""Point"",""coordinates"":[127.79529592248608,-19.172606483600337]}"
412,327.0,-25.62445831298828,-18.347087860107422,7.277371883392334,180,-19.171792298689898,127.79529592248608,"Wolfe Creek, Австралия",2025-12-31,2023-01-01,10,Copernicus GLO-30 (~30 м),120,327,180,371.6875,457.5,0.0,"{""type"":""Point"",""coordinates"":[127.79529592248608,-19.172877878570485]}"
413,327.0,-22.90121841430664,-16.256399154663086,6.6448187828063965,180,-19.171792298689898,127.79529592248608,"Wolfe Creek, Австралия",2025-12-31,2023-01-01,10,Copernicus GLO-30 (~30 м),150,327,180,371.6875,457.5,6.0502604193738545,"{""type"":""Point"",""coordinates"":[127.79529592248608,-19.173149273540634]}"
414,329.0,-17.477428436279297,-11.730627059936523,5.746801376342773,180,-19.171792298689898,127.79529592248608,"Wolfe Creek, Австралия",2025-12-31,2023-01-01,10,Copernicus GLO-30 (~30 м),180,327,180,371.6875,457.5,3.033591538164651,"{""type"":""Point"",""coordinates"":[127.79529592248608,-19.173420668510776]}"
415,330.0,-17.591909408569336,-11.41445255279541,6.177455902099609,180,-19.171792298689898,127.79529592248608,"Wolfe Creek, Австралия",2025-12-31,2023-01-01,10,Copernicus GLO-30 (~30 м),210,327,180,371.6875,457.5,0.0,"{""type"":""Point"",""coordinates"":[127.79529592248608,-19.173692063480924]}"
416,330.0,-18.653318405151367,-12.149274826049805,6.504043102264404,180,-19.171792298689898,127.79529592248608,"Wolfe Creek, Австралия",2025-12-31,2023-01-01,10,Copernicus GLO-30 (~30 м),240,327,180,371.6875,457.5,0.0,"{""type"":""Point"",""coordinates"":[127.79529592248608,-19.17396345845107]}"
417,330.0,-18.150672912597656,-12.903912544250488,5.246760845184326,180,-19.171792298689898,127.79529592248608,"Wolfe Creek, Австралия",2025-12-31,2023-01-01,10,Copernicus GLO-30 (~30 м),270,327,180,371.6875,457.5,0.0,"{""type"":""Point"",""coordinates"":[127.79529592248608,-19.17423485342122]}"
418,330.0,-18.494686126708984,-13.02934741973877,5.465338706970215,180,-19.171792298689898,127.79529592248608,"Wolfe Creek, Австралия",2025-12-31,2023-01-01,10,Copernicus GLO-30 (~30 м),300,327,180,371.6875,457.5,3.0336118079391308,"{""type"":""Point"",""coordinates"":[127.79529592248608,-19.174506248391367]}"
419,331.0,-17.833890914916992,-13.161760330200195,4.672130107879639,180,-19.171792298689898,127.79529592248608,"Wolfe Creek, Австралия",2025-12-31,2023-01-01,10,Copernicus GLO-30 (~30 м),330,327,180,371.6875,457.5,11.968636980034864,"{""type"":""Point"",""coordinates"":[127.79529592248608,-19.17477764336151]}"
420,335.0,-19.594484329223633,-12.598172187805176,6.996313095092773,180,-19.171792298689898,127.79529592248608,"Wolfe Creek, Австралия",2025-12-31,2023-01-01,10,Copernicus GLO-30 (~30 м),360,327,180,371.6875,457.5,0.0,"{""type"":""Point"",""coordinates"":[127.79529592248608,-19.175049038331657]}"
421,349.0,-19.28542709350586,-12.09316635131836,7.192261219024658,180,-19.171792298689898,127.79529592248608,"Wolfe Creek, Австралия",2025-12-31,2023-01-01,10,Copernicus GLO-30 (~30 м),390,327,180,371.6875,457.5,0.0,"{""type"":""Point"",""coordinates"":[127.79529592248608,-19.175320433301803]}"
422,364.0,-19.73021697998047,-9.674131393432617,10.056084632873535,180,-19.171792298689898,127.79529592248608,"Wolfe Creek, Австралия",2025-12-31,2023-01-01,10,Copernicus GLO-30 (~30 м),420,327,180,371.6875,457.5,0.0,"{""type"":""Point"",""coordinates"":[127.79529592248608,-19.175591828271944]}"
423,370.0,-20.281835556030273,-10.650571823120117,9.631263732910156,180,-19.171792298689898,127.79529592248608,"Wolfe Creek, Австралия",2025-12-31,2023-01-01,10,Copernicus GLO-30 (~30 м),450,327,180,371.6875,457.5,6.050359380708305,"{""type"":""Point"",""coordinates"":[127.79529592248608,-19.175863223242093]}"
424,368.0,-18.96670913696289,-10.388514518737793,8.578194618225098,180,-19.171792298689898,127.79529592248608,"Wolfe Creek, Австралия",2025-12-31,2023-01-01,10,Copernicus GLO-30 (~30 м),480,327,180,371.6875,457.5,0.0,"{""type"":""Point"",""coordinates"":[127.79529592248608,-19.17613461821224]}"
425,363.0,-19.105257034301758,-10.798338890075684,8.306918144226074,180,-19.171792298689898,127.79529592248608,"Wolfe Creek, Австралия",2025-12-31,2023-01-01,10,Copernicus GLO-30 (~30 м),510,327,180,371.6875,457.5,0.0,"{""type"":""Point"",""coordinates"":[127.79529592248608,-19.17640601318239]}"
426,361.0,-20.874818801879883,-12.270445823669434,8.604372024536133,180,-19.171792298689898,127.79529592248608,"Wolfe Creek, Австралия",2025-12-31,2023-01-01,10,Copernicus GLO-30 (~30 м),540,327,180,371.6875,457.5,0.0,"{""type"":""Point"",""coordinates"":[127.79529592248608,-19.176677408152536]}"
427,360.0,-20.893587112426758,-14.52050495147705,6.373082637786865,180,-19.171792298689898,127.79529592248608,"Wolfe Creek, Австралия",2025-12-31,2023-01-01,10,Copernicus GLO-30 (~30 м),570,327,180,371.6875,457.5,0.0,"{""type"":""Point"",""coordinates"":[127.79529592248608,-19.176948803122684]}"
428,359.0,-22.01871109008789,-15.019158363342285,6.999552249908447,180,-19.171792298689898,127.79529592248608,"Wolfe Creek, Австралия",2025-12-31,2023-01-01,10,Copernicus GLO-30 (~30 м),600,327,180,371.6875,457.5,0.0,"{""type"":""Point"",""coordinates"":[127.79529592248608,-19.17722019809283]}"
429,359.0,-21.2074031829834,-16.228174209594727,4.97922945022583,180,-19.171792298689898,127.79529592248608,"Wolfe Creek, Австралия",2025-12-31,2023-01-01,10,Copernicus GLO-30 (~30 м),630,327,180,371.6875,457.5,0.0,"{""type"":""Point"",""coordinates"":[127.79529592248608,-19.177491593062978]}"
430,358.0,-20.928911209106445,-15.2346773147583,5.694233417510986,180,-19.171792298689898,127.79529592248608,"Wolfe Creek, Австралия",2025-12-31,2023-01-01,10,Copernicus GLO-30 (~30 м),660,327,180,371.6875,457.5,0.0,"{""type"":""Point"",""coordinates"":[127.79529592248608,-19.177762988033123]}"
431,357.0,-21.440458297729492,-14.718460083007812,6.721998691558838,180,-19.171792298689898,127.79529592248608,"Wolfe Creek, Австралия",2025-12-31,2023-01-01,10,Copernicus GLO-30 (~30 м),690,327,180,371.6875,457.5,0.0,"{""type"":""Point"",""coordinates"":[127.79529592248608,-19.178034383003272]}"
432,357.0,-19.678485870361328,-14.429112434387207,5.249373912811279,180,-19.171792298689898,127.79529592248608,"Wolfe Creek, Австралия",2025-12-31,2023-01-01,10,Copernicus GLO-30 (~30 м),720,327,180,371.6875,457.5,0.0,"{""type"":""Point"",""coordinates"":[127.79529592248608,-19.178305777973414]}"
433,357.0,-20.218297958374023,-14.99935531616211,5.218942642211914,180,-19.171792298689898,127.79529592248608,"Wolfe Creek, Австралия",2025-12-31,2023-01-01,10,Copernicus GLO-30 (~30 м),750,327,180,371.6875,457.5,0.0,"{""type"":""Point"",""coordinates"":[127.79529592248608,-19.178577172943566]}"
434,355.0,-20.527542114257812,-13.642350196838379,6.885191440582275,180,-19.171792298689898,127.79529592248608,"Wolfe Creek, Австралия",2025-12-31,2023-01-01,10,Copernicus GLO-30 (~30 м),780,327,180,371.6875,457.5,0.0,"{""type"":""Point"",""coordinates"":[127.79529592248608,-19.178848567913708]}"
435,354.0,-20.21261978149414,-13.84895133972168,6.363668918609619,180,-19.171792298689898,127.79529592248608,"Wolfe Creek, Австралия",2025-12-31,2023-01-01,10,Copernicus GLO-30 (~30 м),810,327,180,371.6875,457.5,0.0,"{""type"":""Point"",""coordinates"":[127.79529592248608,-19.179119962883856]}"
436,354.0,-20.344383239746094,-14.666796684265137,5.677587509155273,180,-19.171792298689898,127.79529592248608,"Wolfe Creek, Австралия",2025-12-31,2023-01-01,10,Copernicus GLO-30 (~30 м),840,327,180,371.6875,457.5,0.0,"{""type"":""Point"",""coordinates"":[127.79529592248608,-19.179391357854]}"
437,354.0,-20.073875427246094,-14.794633865356445,5.279242038726807,180,-19.171792298689898,127.79529592248608,"Wolfe Creek, Австралия",2025-12-31,2023-01-01,10,Copernicus GLO-30 (~30 м),870,327,180,371.6875,457.5,0.0,"{""type"":""Point"",""coordinates"":[127.79529592248608,-19.179662752824147]}"
438,353.0,-20.41257095336914,-14.456321716308594,5.956250190734863,180,-19.171792298689898,127.79529592248608,"Wolfe Creek, Австралия",2025-12-31,2023-01-01,10,Copernicus GLO-30 (~30 м),900,327,180,371.6875,457.5,0.0,"{""type"":""Point"",""coordinates"":[127.79529592248608,-19.1799341477943]}"
439,351.0,-20.719263076782227,-14.536038398742676,6.183224678039551,180,-19.171792298689898,127.79529592248608,"Wolfe Creek, Австралия",2025-12-31,2023-01-01,10,Copernicus GLO-30 (~30 м),930,327,180,371.6875,457.5,6.0505171315203015,"{""type"":""Point"",""coordinates"":[127.79529592248608,-19.18020554276444]}"
440,350.0,-20.92569351196289,-16.177698135375977,4.747995853424072,180,-19.171792298689898,127.79529592248608,"Wolfe Creek, Австралия",2025-12-31,2023-01-01,10,Copernicus GLO-30 (~30 м),960,327,180,371.6875,457.5,3.0337209744625,"{""type"":""Point"",""coordinates"":[127.79529592248608,-19.180476937734586]}"
441,350.0,-21.706945419311523,-15.718663215637207,5.988281726837158,180,-19.171792298689898,127.79529592248608,"Wolfe Creek, Австралия",2025-12-31,2023-01-01,10,Copernicus GLO-30 (~30 м),990,327,180,371.6875,457.5,0.0,"{""type"":""Point"",""coordinates"":[127.79529592248608,-19.18074833270473]}"
442,349.0,-21.430387496948242,-15.252067565917969,6.17832088470459,180,-19.171792298689898,127.79529592248608,"Wolfe Creek, Австралия",2025-12-31,2023-01-01,10,Copernicus GLO-30 (~30 м),1020,327,180,371.6875,457.5,3.0337303333403813,"{""type"":""Point"",""coordinates"":[127.79529592248608,-19.181019727674883]}"
443,346.0,-21.344057083129883,-15.08811092376709,6.255946159362793,180,-19.171792298689898,127.79529592248608,"Wolfe Creek, Австралия",2025-12-31,2023-01-01,10,Copernicus GLO-30 (~30 м),1050,327,180,371.6875,457.5,9.034105706533733,"{""type"":""Point"",""coordinates"":[127.79529592248608,-19.181291122645032]}"
444,346.0,-22.13115692138672,-16.02463722229004,6.106520175933838,180,-19.171792298689898,127.79529592248608,"Wolfe Creek, Австралия",2025-12-31,2023-01-01,10,Copernicus GLO-30 (~30 м),1080,327,180,371.6875,457.5,0.0,"{""type"":""Point"",""coordinates"":[127.79529592248608,-19.181562517615177]}"
445,347.0,-21.829315185546875,-15.76346206665039,6.06585168838501,180,-19.171792298689898,127.79529592248608,"Wolfe Creek, Австралия",2025-12-31,2023-01-01,10,Copernicus GLO-30 (~30 м),1110,327,180,371.6875,457.5,3.033745932084432,"{""type"":""Point"",""coordinates"":[127.79529592248608,-19.181833912585322]}"
446,347.0,-21.31053352355957,-15.219155311584473,6.091379642486572,180,-19.171792298689898,127.79529592248608,"Wolfe Creek, Австралия",2025-12-31,2023-01-01,10,Copernicus GLO-30 (~30 м),1140,327,180,371.6875,457.5,0.0,"{""type"":""Point"",""coordinates"":[127.79529592248608,-19.182105307555467]}"
447,347.0,-20.674360275268555,-14.908607482910156,5.765753269195557,180,-19.171792298689898,127.79529592248608,"Wolfe Creek, Австралия",2025-12-31,2023-01-01,10,Copernicus GLO-30 (~30 м),1170,327,180,371.6875,457.5,0.0,"{""type"":""Point"",""coordinates"":[127.79529592248608,-19.182376702525612]}"
448,348.0,-23.687725067138672,-16.482593536376953,7.205132961273193,180,-19.171792298689898,127.79529592248608,"Wolfe Creek, Австралия",2025-12-31,2023-01-01,10,Copernicus GLO-30 (~30 м),1200,327,180,371.6875,457.5,3.033761531432535,"{""type"":""Point"",""coordinates"":[127.79529592248608,-19.18264809749576]}"
449,347.0,-21.91754913330078,-15.291644096374512,6.625904560089111,180,-19.171792298689898,127.79529592248608,"Wolfe Creek, Австралия",2025-12-31,2023-01-01,10,Copernicus GLO-30 (~30 м),1230,327,180,371.6875,457.5,3.0337662114013573,"{""type"":""Point"",""coordinates"":[127.79529592248608,-19.182919492465906]}"
450,347.0,-21.660926818847656,-15.600310325622559,6.060616970062256,180,-19.171792298689898,127.79529592248608,"Wolfe Creek, Австралия",2025-12-31,2023-01-01,10,Copernicus GLO-30 (~30 м),1260,327,180,371.6875,457.5,3.033770891448003,"{""type"":""Point"",""coordinates"":[127.79529592248608,-19.183190887436055]}"
451,346.0,-22.12429428100586,-15.107946395874023,7.016347885131836,180,-19.171792298689898,127.79529592248608,"Wolfe Creek, Австралия",2025-12-31,2023-01-01,10,Copernicus GLO-30 (~30 м),1290,327,180,371.6875,457.5,3.033775571699273,"{""type"":""Point"",""coordinates"":[127.79529592248608,-19.183462282406204]}"
452,345.0,-21.859895706176758,-15.970274925231934,5.889621257781982,180,-19.171792298689898,127.79529592248608,"Wolfe Creek, Австралия",2025-12-31,2023-01-01,10,Copernicus GLO-30 (~30 м),1320,327,180,371.6875,457.5,0.0,"{""type"":""Point"",""coordinates"":[127.79529592248608,-19.183733677376345]}"
453,344.0,-22.0566463470459,-15.478679656982422,6.57796573638916,180,-19.171792298689898,127.79529592248608,"Wolfe Creek, Австралия",2025-12-31,2023-01-01,10,Copernicus GLO-30 (~30 м),1350,327,180,371.6875,457.5,3.0337864921937423,"{""type"":""Point"",""coordinates"":[127.79529592248608,-19.184005072346494]}"
454,344.0,-21.090557098388672,-15.351532936096191,5.739023208618164,180,-19.171792298689898,127.79529592248608,"Wolfe Creek, Австралия",2025-12-31,2023-01-01,10,Copernicus GLO-30 (~30 м),1380,327,180,371.6875,457.5,0.0,"{""type"":""Point"",""coordinates"":[127.79529592248608,-19.18427646731664]}"
455,344.0,-21.652223587036133,-15.92829418182373,5.723930835723877,180,-19.171792298689898,127.79529592248608,"Wolfe Creek, Австралия",2025-12-31,2023-01-01,10,Copernicus GLO-30 (~30 м),1410,327,180,371.6875,457.5,0.0,"{""type"":""Point"",""coordinates"":[127.79529592248608,-19.184547862286784]}"
456,344.0,-21.953535079956055,-15.018346786499023,6.9351887702941895,180,-19.171792298689898,127.79529592248608,"Wolfe Creek, Австралия",2025-12-31,2023-01-01,10,Copernicus GLO-30 (~30 м),1440,327,180,371.6875,457.5,0.0,"{""type"":""Point"",""coordinates"":[127.79529592248608,-19.184819257256937]}"
457,344.0,-21.58033561706543,-15.300921440124512,6.279414653778076,180,-19.171792298689898,127.79529592248608,"Wolfe Creek, Австралия",2025-12-31,2023-01-01,10,Copernicus GLO-30 (~30 м),1470,327,180,371.6875,457.5,0.0,"{""type"":""Point"",""coordinates"":[127.79529592248608,-19.18509065222708]}"
458,344.0,-21.174983978271484,-15.286971092224121,5.888012409210205,180,-19.171792298689898,127.79529592248608,"Wolfe Creek, Австралия",2025-12-31,2023-01-01,10,Copernicus GLO-30 (~30 м),1500,327,180,371.6875,457.5,3.0338114545065187,"{""type"":""Point"",""coordinates"":[127.79529592248608,-19.185362047197227]}"
459,327.0,-27.43694496154785,-21.397397994995117,6.039547443389893,202.5,-19.171792298689898,127.79529592248608,"Wolfe Creek, Австралия",2025-12-31,2023-01-01,10,Copernicus GLO-30 (~30 м),0,327,180,371.6875,457.5,0.0,"{""type"":""Point"",""coordinates"":[127.79529592248608,-19.1717922986899]}"
460,327.0,-26.610946655273438,-19.632192611694336,6.978753089904785,202.5,-19.171792298689898,127.79529592248608,"Wolfe Creek, Австралия",2025-12-31,2023-01-01,10,Copernicus GLO-30 (~30 м),30,327,180,371.6875,457.5,3.033566592652533,"{""type"":""Point"",""coordinates"":[127.7951867361713,-19.172043034948047]}"
461,328.0,-27.400405883789062,-21.186613082885742,6.213792324066162,202.5,-19.171792298689898,127.79529592248608,"Wolfe Creek, Австралия",2025-12-31,2023-01-01,10,Copernicus GLO-30 (~30 м),60,327,180,371.6875,457.5,0.0,"{""type"":""Point"",""coordinates"":[127.79507754985652,-19.17229377120619]}"
462,328.0,-25.817800521850586,-19.033395767211914,6.784405708312988,202.5,-19.171792298689898,127.79529592248608,"Wolfe Creek, Австралия",2025-12-31,2023-01-01,10,Copernicus GLO-30 (~30 м),90,327,180,371.6875,457.5,0.0,"{""type"":""Point"",""coordinates"":[127.79496836354174,-19.17254450746433]}"
463,330.0,-23.79323387145996,-15.84759521484375,7.945639610290527,202.5,-19.171792298689898,127.79529592248608,"Wolfe Creek, Австралия",2025-12-31,2023-01-01,10,Copernicus GLO-30 (~30 м),120,327,161,371.6875,457.5,6.758121781149886,"{""type"":""Point"",""coordinates"":[127.79485917722697,-19.172795243722476]}"
464,329.0,-19.4686336517334,-11.515212059020996,7.9534220695495605,202.5,-19.171792298689898,127.79529592248608,"Wolfe Creek, Австралия",2025-12-31,2023-01-01,10,Copernicus GLO-30 (~30 м),150,327,180,371.6875,457.5,0.0,"{""type"":""Point"",""coordinates"":[127.79474999091218,-19.173045979980618]}"
465,328.0,-17.935266494750977,-11.799494743347168,6.135771751403809,202.5,-19.171792298689898,127.79529592248608,"Wolfe Creek, Австралия",2025-12-31,2023-01-01,10,Copernicus GLO-30 (~30 м),180,327,171,371.6875,457.5,4.286142016143197,"{""type"":""Point"",""coordinates"":[127.7946408045974,-19.173296716238767]}"
466,329.0,-20.893938064575195,-12.790548324584961,8.103389739990234,202.5,-19.171792298689898,127.79529592248608,"Wolfe Creek, Австралия",2025-12-31,2023-01-01,10,Copernicus GLO-30 (~30 м),210,327,171,371.6875,457.5,3.0335930975743306,"{""type"":""Point"",""coordinates"":[127.79453161828262,-19.173547452496912]}"
467,329.0,-19.598548889160156,-13.587294578552246,6.011255264282227,202.5,-19.171792298689898,127.79529592248608,"Wolfe Creek, Австралия",2025-12-31,2023-01-01,10,Copernicus GLO-30 (~30 м),240,327,180,371.6875,457.5,0.0,"{""type"":""Point"",""coordinates"":[127.79442243196785,-19.173798188755057]}"
468,330.0,-19.461036682128906,-14.288545608520508,5.17249059677124,202.5,-19.171792298689898,127.79529592248608,"Wolfe Creek, Австралия",2025-12-31,2023-01-01,10,Copernicus GLO-30 (~30 м),270,327,171,371.6875,457.5,6.7581700506147,"{""type"":""Point"",""coordinates"":[127.79431324565306,-19.1740489250132]}"
469,332.0,-19.263750076293945,-14.10373592376709,5.1600141525268555,202.5,-19.171792298689898,127.79529592248608,"Wolfe Creek, Австралия",2025-12-31,2023-01-01,10,Copernicus GLO-30 (~30 м),300,327,180,371.6875,457.5,0.0,"{""type"":""Point"",""coordinates"":[127.79420405933828,-19.174299661271352]}"
470,332.0,-20.160947799682617,-14.021615028381348,6.139333724975586,202.5,-19.171792298689898,127.79529592248608,"Wolfe Creek, Австралия",2025-12-31,2023-01-01,10,Copernicus GLO-30 (~30 м),330,327,171,371.6875,457.5,3.033611807951573,"{""type"":""Point"",""coordinates"":[127.7940948730235,-19.17455039752949]}"
471,336.0,-17.90165138244629,-11.31775188446045,6.583899021148682,202.5,-19.171792298689898,127.79529592248608,"Wolfe Creek, Австралия",2025-12-31,2023-01-01,10,Copernicus GLO-30 (~30 м),360,327,145,371.6875,457.5,23.13548942387123,"{""type"":""Point"",""coordinates"":[127.79398568670872,-19.174801133787636]}"
472,343.0,-17.750112533569336,-6.88552188873291,10.864590644836426,202.5,-19.171792298689898,127.79529592248608,"Wolfe Creek, Австралия",2025-12-31,2023-01-01,10,Copernicus GLO-30 (~30 м),390,327,90,371.6875,457.5,30.24040220375146,"{""type"":""Point"",""coordinates"":[127.79387650039395,-19.17505187004578]}"
473,364.0,-14.529634475708008,-6.088461399078369,8.441173553466797,202.5,-19.171792298689898,127.79529592248608,"Wolfe Creek, Австралия",2025-12-31,2023-01-01,10,Copernicus GLO-30 (~30 м),420,327,126,371.6875,457.5,17.63950604354519,"{""type"":""Point"",""coordinates"":[127.79376731407916,-19.175302606303926]}"
474,371.0,-18.275911331176758,-8.318964958190918,9.956945419311523,202.5,-19.171792298689898,127.79529592248608,"Wolfe Creek, Австралия",2025-12-31,2023-01-01,10,Copernicus GLO-30 (~30 м),450,327,180,371.6875,457.5,0.0,"{""type"":""Point"",""coordinates"":[127.79365812776439,-19.175553342562072]}"
475,371.0,-19.59316062927246,-10.780232429504395,8.81292724609375,202.5,-19.171792298689898,127.79529592248608,"Wolfe Creek, Австралия",2025-12-31,2023-01-01,10,Copernicus GLO-30 (~30 м),480,327,180,371.6875,457.5,0.0,"{""type"":""Point"",""coordinates"":[127.7935489414496,-19.17580407882022]}"
476,366.0,-18.656936645507812,-11.973787307739258,6.683149814605713,202.5,-19.171792298689898,127.79529592248608,"Wolfe Creek, Австралия",2025-12-31,2023-01-01,10,Copernicus GLO-30 (~30 м),510,327,209,371.6875,457.5,9.033821974448983,"{""type"":""Point"",""coordinates"":[127.79343975513483,-19.176054815078363]}"
477,361.0,-21.482818603515625,-11.591952323913574,9.890865325927734,202.5,-19.171792298689898,127.79529592248608,"Wolfe Creek, Австралия",2025-12-31,2023-01-01,10,Copernicus GLO-30 (~30 м),540,327,180,371.6875,457.5,6.050374844588279,"{""type"":""Point"",""coordinates"":[127.79333056882004,-19.176305551336505]}"
478,359.0,-18.955425262451172,-10.228991508483887,8.726434707641602,202.5,-19.171792298689898,127.79529592248608,"Wolfe Creek, Австралия",2025-12-31,2023-01-01,10,Copernicus GLO-30 (~30 м),570,327,180,371.6875,457.5,6.050384123809038,"{""type"":""Point"",""coordinates"":[127.79322138250527,-19.17655628759465]}"
479,357.0,-20.82862663269043,-14.72956371307373,6.099062919616699,202.5,-19.171792298689898,127.79529592248608,"Wolfe Creek, Австралия",2025-12-31,2023-01-01,10,Copernicus GLO-30 (~30 м),600,327,180,371.6875,457.5,6.050393402303763,"{""type"":""Point"",""coordinates"":[127.79311219619049,-19.176807023852795]}"
480,357.0,-24.694257736206055,-15.405232429504395,9.289024353027344,202.5,-19.171792298689898,127.79529592248608,"Wolfe Creek, Австралия",2025-12-31,2023-01-01,10,Copernicus GLO-30 (~30 м),630,327,180,371.6875,457.5,3.0336585892075627,"{""type"":""Point"",""coordinates"":[127.7930030098757,-19.17705776011094]}"
481,356.0,-23.747108459472656,-15.214030265808105,8.533079147338867,202.5,-19.171792298689898,127.79529592248608,"Wolfe Creek, Австралия",2025-12-31,2023-01-01,10,Copernicus GLO-30 (~30 м),660,327,180,371.6875,457.5,3.0336632677813755,"{""type"":""Point"",""coordinates"":[127.79289382356093,-19.17730849636909]}"
482,355.0,-22.024085998535156,-15.359665870666504,6.6644206047058105,202.5,-19.171792298689898,127.79529592248608,"Wolfe Creek, Австралия",2025-12-31,2023-01-01,10,Copernicus GLO-30 (~30 м),690,327,180,371.6875,457.5,3.0336679463062115,"{""type"":""Point"",""coordinates"":[127.79278463724614,-19.17755923262723]}"
483,356.0,-20.121191024780273,-15.709372520446777,4.411818504333496,202.5,-19.171792298689898,127.79529592248608,"Wolfe Creek, Австралия",2025-12-31,2023-01-01,10,Copernicus GLO-30 (~30 м),720,327,190,371.6875,457.5,3.0336726250933284,"{""type"":""Point"",""coordinates"":[127.79267545093137,-19.177809968885377]}"
484,355.0,-21.164278030395508,-15.041635513305664,6.122642993927002,202.5,-19.171792298689898,127.79529592248608,"Wolfe Creek, Австралия",2025-12-31,2023-01-01,10,Copernicus GLO-30 (~30 м),750,327,190,371.6875,457.5,3.033677303066702,"{""type"":""Point"",""coordinates"":[127.79256626461658,-19.178060705143515]}"
485,354.0,-20.174619674682617,-14.208285331726074,5.966335296630859,202.5,-19.171792298689898,127.79529592248608,"Wolfe Creek, Австралия",2025-12-31,2023-01-01,10,Copernicus GLO-30 (~30 м),780,327,180,371.6875,457.5,0.0,"{""type"":""Point"",""coordinates"":[127.79245707830181,-19.178311441401668]}"
486,354.0,-19.826313018798828,-14.34468936920166,5.48162317276001,202.5,-19.171792298689898,127.79529592248608,"Wolfe Creek, Австралия",2025-12-31,2023-01-01,10,Copernicus GLO-30 (~30 м),810,327,171,371.6875,457.5,3.0336866611303575,"{""type"":""Point"",""coordinates"":[127.79234789198702,-19.17856217765981]}"
487,353.0,-21.081310272216797,-14.712800979614258,6.3685078620910645,202.5,-19.171792298689898,127.79529592248608,"Wolfe Creek, Австралия",2025-12-31,2023-01-01,10,Copernicus GLO-30 (~30 м),840,327,180,371.6875,457.5,3.033689780373485,"{""type"":""Point"",""coordinates"":[127.79223870567225,-19.17881291391796]}"
488,352.0,-21.1817569732666,-15.282571792602539,5.899185657501221,202.5,-19.171792298689898,127.79529592248608,"Wolfe Creek, Австралия",2025-12-31,2023-01-01,10,Copernicus GLO-30 (~30 м),870,327,180,371.6875,457.5,3.0336944592336033,"{""type"":""Point"",""coordinates"":[127.79212951935747,-19.1790636501761]}"
489,352.0,-19.797449111938477,-14.286946296691895,5.510502338409424,202.5,-19.171792298689898,127.79529592248608,"Wolfe Creek, Австралия",2025-12-31,2023-01-01,10,Copernicus GLO-30 (~30 м),900,327,180,371.6875,457.5,3.033699138361725,"{""type"":""Point"",""coordinates"":[127.79202033304269,-19.179314386434243]}"
490,351.0,-19.812559127807617,-14.279694557189941,5.532865047454834,202.5,-19.171792298689898,127.79529592248608,"Wolfe Creek, Австралия",2025-12-31,2023-01-01,10,Copernicus GLO-30 (~30 м),930,327,180,371.6875,457.5,0.0,"{""type"":""Point"",""coordinates"":[127.79191114672791,-19.17956512269239]}"
491,350.0,-19.906261444091797,-14.274262428283691,5.631999492645264,202.5,-19.171792298689898,127.79529592248608,"Wolfe Creek, Австралия",2025-12-31,2023-01-01,10,Copernicus GLO-30 (~30 м),960,327,190,371.6875,457.5,3.0337084965359638,"{""type"":""Point"",""coordinates"":[127.79180196041312,-19.17981585895053]}"
492,350.0,-19.389942169189453,-13.707284927368164,5.682657718658447,202.5,-19.171792298689898,127.79529592248608,"Wolfe Creek, Австралия",2025-12-31,2023-01-01,10,Copernicus GLO-30 (~30 м),990,327,180,371.6875,457.5,0.0,"{""type"":""Point"",""coordinates"":[127.79169277409835,-19.18006659520868]}"
493,351.0,-18.831268310546875,-14.104545593261719,4.7267231941223145,202.5,-19.171792298689898,127.79529592248608,"Wolfe Creek, Австралия",2025-12-31,2023-01-01,10,Copernicus GLO-30 (~30 м),1020,327,180,371.6875,457.5,0.0,"{""type"":""Point"",""coordinates"":[127.79158358778356,-19.180317331466824]}"
494,351.0,-19.685205459594727,-13.942977905273438,5.742227554321289,202.5,-19.171792298689898,127.79529592248608,"Wolfe Creek, Австралия",2025-12-31,2023-01-01,10,Copernicus GLO-30 (~30 м),1050,327,190,371.6875,457.5,3.033722534352356,"{""type"":""Point"",""coordinates"":[127.79147440146879,-19.18056806772497]}"
495,351.0,-20.302936553955078,-13.892759323120117,6.410177230834961,202.5,-19.171792298689898,127.79529592248608,"Wolfe Creek, Австралия",2025-12-31,2023-01-01,10,Copernicus GLO-30 (~30 м),1080,327,199,371.6875,457.5,6.050538785940359,"{""type"":""Point"",""coordinates"":[127.791365215154,-19.180818803983115]}"
496,349.0,-20.249881744384766,-14.167221069335938,6.082661151885986,202.5,-19.171792298689898,127.79529592248608,"Wolfe Creek, Австралия",2025-12-31,2023-01-01,10,Copernicus GLO-30 (~30 м),1110,327,190,371.6875,457.5,3.033731893231372,"{""type"":""Point"",""coordinates"":[127.79125602883923,-19.181069540241257]}"
497,350.0,-19.406288146972656,-13.782483100891113,5.623804092407227,202.5,-19.171792298689898,127.79529592248608,"Wolfe Creek, Австралия",2025-12-31,2023-01-01,10,Copernicus GLO-30 (~30 м),1140,327,180,371.6875,457.5,3.0337365726666157,"{""type"":""Point"",""coordinates"":[127.79114684252445,-19.18132027649941]}"
498,350.0,-19.45750617980957,-14.15771484375,5.299790859222412,202.5,-19.171792298689898,127.79529592248608,"Wolfe Creek, Австралия",2025-12-31,2023-01-01,10,Copernicus GLO-30 (~30 м),1170,327,190,371.6875,457.5,3.033741252617704,"{""type"":""Point"",""coordinates"":[127.79103765620967,-19.181571012757544]}"
499,348.0,-20.704730987548828,-14.159167289733887,6.545564651489258,202.5,-19.171792298689898,127.79529592248608,"Wolfe Creek, Австралия",2025-12-31,2023-01-01,10,Copernicus GLO-30 (~30 м),1200,327,180,371.6875,457.5,3.033745932084432,"{""type"":""Point"",""coordinates"":[127.7909284698949,-19.18182174901569]}"
500,348.0,-20.31766700744629,-14.168170928955078,6.149495601654053,202.5,-19.171792298689898,127.79529592248608,"Wolfe Creek, Австралия",2025-12-31,2023-01-01,10,Copernicus GLO-30 (~30 м),1230,327,190,371.6875,457.5,4.2863707494230106,"{""type"":""Point"",""coordinates"":[127.79081928358013,-19.182072485273835]}"
501,347.0,-21.535120010375977,-14.900187492370605,6.634932994842529,202.5,-19.171792298689898,127.79529592248608,"Wolfe Creek, Австралия",2025-12-31,2023-01-01,10,Copernicus GLO-30 (~30 м),1260,327,180,371.6875,457.5,0.0,"{""type"":""Point"",""coordinates"":[127.79071009726533,-19.182323221531984]}"
502,347.0,-22.322011947631836,-15.628042221069336,6.693969249725342,202.5,-19.171792298689898,127.79529592248608,"Wolfe Creek, Австралия",2025-12-31,2023-01-01,10,Copernicus GLO-30 (~30 м),1290,327,180,371.6875,457.5,3.0337599715095322,"{""type"":""Point"",""coordinates"":[127.79060091095054,-19.18257395779013]}"
503,346.0,-20.647192001342773,-15.29980182647705,5.3473896980285645,202.5,-19.171792298689898,127.79529592248608,"Wolfe Creek, Австралия",2025-12-31,2023-01-01,10,Copernicus GLO-30 (~30 м),1320,327,180,371.6875,457.5,3.033764651473546,"{""type"":""Point"",""coordinates"":[127.79049172463577,-19.18282469404827]}"
504,347.0,-21.441301345825195,-14.826156616210938,6.615143775939941,202.5,-19.171792298689898,127.79529592248608,"Wolfe Creek, Австралия",2025-12-31,2023-01-01,10,Copernicus GLO-30 (~30 м),1350,327,180,371.6875,457.5,0.0,"{""type"":""Point"",""coordinates"":[127.79038253832098,-19.183075430306424]}"
505,347.0,-21.690994262695312,-15.480319023132324,6.210675239562988,202.5,-19.171792298689898,127.79529592248608,"Wolfe Creek, Австралия",2025-12-31,2023-01-01,10,Copernicus GLO-30 (~30 м),1380,327,180,371.6875,457.5,0.0,"{""type"":""Point"",""coordinates"":[127.79027335200621,-19.183326166564562]}"
506,347.0,-22.206295013427734,-15.774189949035645,6.432104587554932,202.5,-19.171792298689898,127.79529592248608,"Wolfe Creek, Австралия",2025-12-31,2023-01-01,10,Copernicus GLO-30 (~30 м),1410,327,180,371.6875,457.5,0.0,"{""type"":""Point"",""coordinates"":[127.79016416569144,-19.183576902822704]}"
507,347.0,-22.548988342285156,-15.976056098937988,6.572930812835693,202.5,-19.171792298689898,127.79529592248608,"Wolfe Creek, Австралия",2025-12-31,2023-01-01,10,Copernicus GLO-30 (~30 м),1440,327,180,371.6875,457.5,0.0,"{""type"":""Point"",""coordinates"":[127.79005497937668,-19.183827639080853]}"
508,347.0,-21.072938919067383,-14.660053253173828,6.412885665893555,202.5,-19.171792298689898,127.79529592248608,"Wolfe Creek, Австралия",2025-12-31,2023-01-01,10,Copernicus GLO-30 (~30 м),1470,327,180,371.6875,457.5,0.0,"{""type"":""Point"",""coordinates"":[127.78994579306188,-19.184078375339]}"
509,347.0,-22.929292678833008,-16.562768936157227,6.366522789001465,202.5,-19.171792298689898,127.79529592248608,"Wolfe Creek, Австралия",2025-12-31,2023-01-01,10,Copernicus GLO-30 (~30 м),1500,327,180,371.6875,457.5,3.0337911724931024,"{""type"":""Point"",""coordinates"":[127.78983660674709,-19.184329111597144]}"
510,327.0,-27.43694496154785,-21.397397994995117,6.039547443389893,225,-19.171792298689898,127.79529592248608,"Wolfe Creek, Австралия",2025-12-31,2023-01-01,10,Copernicus GLO-30 (~30 м),0,327,180,371.6875,457.5,0.0,"{""type"":""Point"",""coordinates"":[127.79529592248608,-19.1717922986899]}"
511,327.0,-26.58018684387207,-19.9354248046875,6.64476203918457,225,-19.171792298689898,127.79529592248608,"Wolfe Creek, Австралия",2025-12-31,2023-01-01,10,Copernicus GLO-30 (~30 м),30,327,180,371.6875,457.5,0.0,"{""type"":""Point"",""coordinates"":[127.79509417248316,-19.171984203913667]}"
512,328.0,-27.388118743896484,-21.441408157348633,5.946712017059326,225,-19.171792298689898,127.79529592248608,"Wolfe Creek, Австралия",2025-12-31,2023-01-01,10,Copernicus GLO-30 (~30 м),60,327,171,371.6875,457.5,4.2861134322275705,"{""type"":""Point"",""coordinates"":[127.79489242248027,-19.172176109137443]}"
513,330.0,-23.384647369384766,-16.351364135742188,7.0332841873168945,225,-19.171792298689898,127.79529592248608,"Wolfe Creek, Австралия",2025-12-31,2023-01-01,10,Copernicus GLO-30 (~30 м),90,327,180,371.6875,457.5,3.033572828580096,"{""type"":""Point"",""coordinates"":[127.79469067247736,-19.172368014361208]}"
514,330.0,-20.846817016601562,-13.445058822631836,7.401758193969727,225,-19.171792298689898,127.79529592248608,"Wolfe Creek, Австралия",2025-12-31,2023-01-01,10,Copernicus GLO-30 (~30 м),120,327,180,371.6875,457.5,0.0,"{""type"":""Point"",""coordinates"":[127.79448892247444,-19.17255991958498]}"
515,328.0,-21.4184513092041,-12.646404266357422,8.77204704284668,225,-19.171792298689898,127.79529592248608,"Wolfe Creek, Австралия",2025-12-31,2023-01-01,10,Copernicus GLO-30 (~30 м),150,327,199,371.6875,457.5,6.050244958380848,"{""type"":""Point"",""coordinates"":[127.79428717247153,-19.17275182480875]}"
516,328.0,-19.940757751464844,-12.57683277130127,7.363925457000732,225,-19.171792298689898,127.79529592248608,"Wolfe Creek, Австралия",2025-12-31,2023-01-01,10,Copernicus GLO-30 (~30 м),180,327,180,371.6875,457.5,0.0,"{""type"":""Point"",""coordinates"":[127.79408542246861,-19.17294373003252]}"
517,328.0,-19.07318687438965,-13.656672477722168,5.416514873504639,225,-19.171792298689898,127.79529592248608,"Wolfe Creek, Австралия",2025-12-31,2023-01-01,10,Copernicus GLO-30 (~30 м),210,327,180,371.6875,457.5,0.0,"{""type"":""Point"",""coordinates"":[127.7938836724657,-19.17313563525629]}"
518,329.0,-19.77605628967285,-13.831279754638672,5.944777488708496,225,-19.171792298689898,127.79529592248608,"Wolfe Creek, Австралия",2025-12-31,2023-01-01,10,Copernicus GLO-30 (~30 м),240,327,180,371.6875,457.5,0.0,"{""type"":""Point"",""coordinates"":[127.79368192246281,-19.173327540480063]}"
519,329.0,-20.666479110717773,-14.982894897460938,5.683584213256836,225,-19.171792298689898,127.79529592248608,"Wolfe Creek, Австралия",2025-12-31,2023-01-01,10,Copernicus GLO-30 (~30 м),270,327,171,371.6875,457.5,3.0335930975743306,"{""type"":""Point"",""coordinates"":[127.7934801724599,-19.173519445703832]}"
520,330.0,-20.174463272094727,-14.788625717163086,5.385837554931641,225,-19.171792298689898,127.79529592248608,"Wolfe Creek, Австралия",2025-12-31,2023-01-01,10,Copernicus GLO-30 (~30 м),300,327,180,371.6875,457.5,3.033596215771144,"{""type"":""Point"",""coordinates"":[127.79327842245698,-19.173711350927608]}"
521,333.0,-20.854869842529297,-13.9779052734375,6.876964569091797,225,-19.171792298689898,127.79529592248608,"Wolfe Creek, Австралия",2025-12-31,2023-01-01,10,Copernicus GLO-30 (~30 м),330,327,161,371.6875,457.5,6.0502882510740905,"{""type"":""Point"",""coordinates"":[127.79307667245405,-19.17390325615137]}"
522,344.0,-18.593307495117188,-11.105183601379395,7.488124847412109,225,-19.171792298689898,127.79529592248608,"Wolfe Creek, Австралия",2025-12-31,2023-01-01,10,Copernicus GLO-30 (~30 м),360,327,120,371.6875,457.5,26.040048569091876,"{""type"":""Point"",""coordinates"":[127.79287492245113,-19.17409516137515]}"
523,344.0,-16.046918869018555,-8.21656608581543,7.830352783203125,225,-19.171792298689898,127.79529592248608,"Wolfe Creek, Австралия",2025-12-31,2023-01-01,10,Copernicus GLO-30 (~30 м),390,327,85,371.6875,457.5,39.960979823604234,"{""type"":""Point"",""coordinates"":[127.79267317244825,-19.174287066598918]}"
524,364.0,-14.846846580505371,-5.797496318817139,9.049349784851074,225,-19.171792298689898,127.79529592248608,"Wolfe Creek, Австралия",2025-12-31,2023-01-01,10,Copernicus GLO-30 (~30 м),420,327,180,371.6875,457.5,0.0,"{""type"":""Point"",""coordinates"":[127.79247142244533,-19.174478971822687]}"
525,377.0,-15.647375106811523,-7.979199409484863,7.66817569732666,225,-19.171792298689898,127.79529592248608,"Wolfe Creek, Австралия",2025-12-31,2023-01-01,10,Copernicus GLO-30 (~30 м),450,327,126,371.6875,457.5,17.639446398132353,"{""type"":""Point"",""coordinates"":[127.79226967244242,-19.174670877046456]}"
526,375.0,-17.547748565673828,-11.963164329528809,5.584585189819336,225,-19.171792298689898,127.79529592248608,"Wolfe Creek, Австралия",2025-12-31,2023-01-01,10,Copernicus GLO-30 (~30 м),480,327,208,371.6875,457.5,12.67185620952842,"{""type"":""Point"",""coordinates"":[127.79206792243953,-19.174862782270225]}"
527,375.0,-18.83571434020996,-11.170801162719727,7.664912700653076,225,-19.171792298689898,127.79529592248608,"Wolfe Creek, Австралия",2025-12-31,2023-01-01,10,Copernicus GLO-30 (~30 м),510,327,209,371.6875,457.5,9.033767067309023,"{""type"":""Point"",""coordinates"":[127.79186617243661,-19.175054687493994]}"
528,368.0,-19.522655487060547,-10.920393943786621,8.602261543273926,225,-19.171792298689898,127.79529592248608,"Wolfe Creek, Австралия",2025-12-31,2023-01-01,10,Copernicus GLO-30 (~30 м),540,327,180,371.6875,457.5,11.968666909132041,"{""type"":""Point"",""coordinates"":[127.7916644224337,-19.175246592717766]}"
529,360.0,-18.72645378112793,-13.354558944702148,5.3718953132629395,225,-19.171792298689898,127.79529592248608,"Wolfe Creek, Австралия",2025-12-31,2023-01-01,10,Copernicus GLO-30 (~30 м),570,327,208,371.6875,457.5,12.671900413380987,"{""type"":""Point"",""coordinates"":[127.79146267243078,-19.17543849794154]}"
530,359.0,-18.767311096191406,-10.208456039428711,8.558855056762695,225,-19.171792298689898,127.79529592248608,"Wolfe Creek, Австралия",2025-12-31,2023-01-01,10,Copernicus GLO-30 (~30 м),600,327,190,371.6875,457.5,6.758235563513899,"{""type"":""Point"",""coordinates"":[127.79126092242787,-19.175630403165307]}"
531,357.0,-18.164106369018555,-10.116039276123047,8.048067092895508,225,-19.171792298689898,127.79529592248608,"Wolfe Creek, Австралия",2025-12-31,2023-01-01,10,Copernicus GLO-30 (~30 м),630,327,190,371.6875,457.5,3.033635197968345,"{""type"":""Point"",""coordinates"":[127.79105917242495,-19.17582230838908]}"
532,355.0,-20.60199737548828,-12.65890121459961,7.94309663772583,225,-19.171792298689898,127.79529592248608,"Wolfe Creek, Австралия",2025-12-31,2023-01-01,10,Copernicus GLO-30 (~30 м),660,327,180,371.6875,457.5,3.0336383162727656,"{""type"":""Point"",""coordinates"":[127.79085742242205,-19.17601421361285]}"
533,353.0,-22.30545425415039,-13.714360237121582,8.591094970703125,225,-19.171792298689898,127.79529592248608,"Wolfe Creek, Австралия",2025-12-31,2023-01-01,10,Copernicus GLO-30 (~30 м),690,327,199,371.6875,457.5,6.758259701149451,"{""type"":""Point"",""coordinates"":[127.79065567241913,-19.17620611883662]}"
534,354.0,-21.892866134643555,-13.902308464050293,7.990558624267578,225,-19.171792298689898,127.79529592248608,"Wolfe Creek, Австралия",2025-12-31,2023-01-01,10,Copernicus GLO-30 (~30 м),720,327,199,371.6875,457.5,6.050377937503069,"{""type"":""Point"",""coordinates"":[127.79045392241622,-19.17639802406039]}"
535,352.0,-22.184288024902344,-15.176750183105469,7.007537841796875,225,-19.171792298689898,127.79529592248608,"Wolfe Creek, Австралия",2025-12-31,2023-01-01,10,Copernicus GLO-30 (~30 м),750,327,180,371.6875,457.5,0.0,"{""type"":""Point"",""coordinates"":[127.7902521724133,-19.176589929284166]}"
536,352.0,-22.58465003967285,-15.526129722595215,7.05851936340332,225,-19.171792298689898,127.79529592248608,"Wolfe Creek, Австралия",2025-12-31,2023-01-01,10,Copernicus GLO-30 (~30 м),780,327,171,371.6875,457.5,4.286234375380688,"{""type"":""Point"",""coordinates"":[127.79005042241039,-19.176781834507935]}"
537,352.0,-21.882505416870117,-15.774473190307617,6.108031749725342,225,-19.171792298689898,127.79529592248608,"Wolfe Creek, Австралия",2025-12-31,2023-01-01,10,Copernicus GLO-30 (~30 м),810,327,180,371.6875,457.5,0.0,"{""type"":""Point"",""coordinates"":[127.7898486724075,-19.176973739731707]}"
538,352.0,-21.424909591674805,-15.17016315460205,6.254746437072754,225,-19.171792298689898,127.79529592248608,"Wolfe Creek, Австралия",2025-12-31,2023-01-01,10,Copernicus GLO-30 (~30 м),840,327,190,371.6875,457.5,3.03366014866941,"{""type"":""Point"",""coordinates"":[127.78964692240459,-19.177165644955473]}"
539,351.0,-20.925081253051758,-15.080146789550781,5.844934940338135,225,-19.171792298689898,127.79529592248608,"Wolfe Creek, Австралия",2025-12-31,2023-01-01,10,Copernicus GLO-30 (~30 м),870,327,180,371.6875,457.5,3.0336632677813755,"{""type"":""Point"",""coordinates"":[127.78944517240167,-19.177357550179245]}"
540,350.0,-21.717815399169922,-14.768640518188477,6.949175834655762,225,-19.171792298689898,127.79529592248608,"Wolfe Creek, Австралия",2025-12-31,2023-01-01,10,Copernicus GLO-30 (~30 м),900,327,180,371.6875,457.5,3.0336679463062115,"{""type"":""Point"",""coordinates"":[127.78924342239878,-19.177549455403014]}"
541,351.0,-22.087417602539062,-15.018678665161133,7.068739891052246,225,-19.171792298689898,127.79529592248608,"Wolfe Creek, Австралия",2025-12-31,2023-01-01,10,Copernicus GLO-30 (~30 м),930,327,171,371.6875,457.5,3.0336710650652274,"{""type"":""Point"",""coordinates"":[127.78904167239587,-19.177741360626786]}"
542,351.0,-22.251861572265625,-15.271899223327637,6.979963302612305,225,-19.171792298689898,127.79529592248608,"Wolfe Creek, Австралия",2025-12-31,2023-01-01,10,Copernicus GLO-30 (~30 м),960,327,180,371.6875,457.5,3.033674184488542,"{""type"":""Point"",""coordinates"":[127.78883992239295,-19.177933265850555]}"
543,351.0,-22.07219886779785,-15.423073768615723,6.649125576019287,225,-19.171792298689898,127.79529592248608,"Wolfe Creek, Австралия",2025-12-31,2023-01-01,10,Copernicus GLO-30 (~30 м),990,327,180,371.6875,457.5,0.0,"{""type"":""Point"",""coordinates"":[127.78863817239004,-19.178125171074324]}"
544,350.0,-21.203617095947266,-15.145133018493652,6.058484077453613,225,-19.171792298689898,127.79529592248608,"Wolfe Creek, Австралия",2025-12-31,2023-01-01,10,Copernicus GLO-30 (~30 м),1020,327,190,371.6875,457.5,3.0336819825440697,"{""type"":""Point"",""coordinates"":[127.78843642238712,-19.178317076298093]}"
545,351.0,-22.374004364013672,-16.65471649169922,5.719288349151611,225,-19.171792298689898,127.79529592248608,"Wolfe Creek, Австралия",2025-12-31,2023-01-01,10,Copernicus GLO-30 (~30 м),1050,327,180,371.6875,457.5,3.0336851015277846,"{""type"":""Point"",""coordinates"":[127.7882346723842,-19.178508981521862]}"
546,351.0,-21.65959930419922,-15.650508880615234,6.009090423583984,225,-19.171792298689898,127.79529592248608,"Wolfe Creek, Австралия",2025-12-31,2023-01-01,10,Copernicus GLO-30 (~30 м),1080,327,180,371.6875,457.5,3.033688220967968,"{""type"":""Point"",""coordinates"":[127.7880329223813,-19.178700886745638]}"
547,352.0,-20.659473419189453,-15.293811798095703,5.36566162109375,225,-19.171792298689898,127.79529592248608,"Wolfe Creek, Австралия",2025-12-31,2023-01-01,10,Copernicus GLO-30 (~30 м),1110,327,180,371.6875,457.5,0.0,"{""type"":""Point"",""coordinates"":[127.78783117237839,-19.178892791969403]}"
548,350.0,-20.463329315185547,-14.685404777526855,5.777924537658691,225,-19.171792298689898,127.79529592248608,"Wolfe Creek, Австралия",2025-12-31,2023-01-01,10,Copernicus GLO-30 (~30 м),1140,327,190,371.6875,457.5,3.0336960189827975,"{""type"":""Point"",""coordinates"":[127.7876294223755,-19.17908469719318]}"
549,349.0,-19.41729164123535,-14.042268753051758,5.37502384185791,225,-19.171792298689898,127.79529592248608,"Wolfe Creek, Австралия",2025-12-31,2023-01-01,10,Copernicus GLO-30 (~30 м),1170,327,180,371.6875,457.5,0.0,"{""type"":""Point"",""coordinates"":[127.78742767237259,-19.179276602416948]}"
550,350.0,-20.184070587158203,-14.583046913146973,5.601022720336914,225,-19.171792298689898,127.79529592248608,"Wolfe Creek, Австралия",2025-12-31,2023-01-01,10,Copernicus GLO-30 (~30 м),1200,327,180,371.6875,457.5,0.0,"{""type"":""Point"",""coordinates"":[127.78722592236967,-19.17946850764072]}"
551,351.0,-19.855228424072266,-14.271478652954102,5.583750247955322,225,-19.171792298689898,127.79529592248608,"Wolfe Creek, Австралия",2025-12-31,2023-01-01,10,Copernicus GLO-30 (~30 м),1230,327,180,371.6875,457.5,3.033705377179388,"{""type"":""Point"",""coordinates"":[127.78702417236676,-19.17966041286449]}"
552,350.0,-20.667404174804688,-14.773947715759277,5.893455982208252,225,-19.171792298689898,127.79529592248608,"Wolfe Creek, Австралия",2025-12-31,2023-01-01,10,Copernicus GLO-30 (~30 м),1260,327,199,371.6875,457.5,6.758407993123378,"{""type"":""Point"",""coordinates"":[127.78682242236384,-19.179852318088262]}"
553,348.0,-19.88982582092285,-14.46451187133789,5.425314426422119,225,-19.171792298689898,127.79529592248608,"Wolfe Creek, Австралия",2025-12-31,2023-01-01,10,Copernicus GLO-30 (~30 м),1290,327,180,371.6875,457.5,0.0,"{""type"":""Point"",""coordinates"":[127.78662067236093,-19.18004422331203]}"
554,349.0,-18.787429809570312,-13.251392364501953,5.536036491394043,225,-19.171792298689898,127.79529592248608,"Wolfe Creek, Австралия",2025-12-31,2023-01-01,10,Copernicus GLO-30 (~30 м),1320,327,180,371.6875,457.5,3.0337162953304784,"{""type"":""Point"",""coordinates"":[127.78641892235804,-19.180236128535807]}"
555,349.0,-19.463411331176758,-13.34921932220459,6.11419153213501,225,-19.171792298689898,127.79529592248608,"Wolfe Creek, Австралия",2025-12-31,2023-01-01,10,Copernicus GLO-30 (~30 м),1350,327,180,371.6875,457.5,0.0,"{""type"":""Point"",""coordinates"":[127.78621717235512,-19.180428033759572]}"
556,349.0,-18.967552185058594,-12.90587329864502,6.061677932739258,225,-19.171792298689898,127.79529592248608,"Wolfe Creek, Австралия",2025-12-31,2023-01-01,10,Copernicus GLO-30 (~30 м),1380,327,190,371.6875,457.5,3.033724094146928,"{""type"":""Point"",""coordinates"":[127.78601542235221,-19.180619938983344]}"
557,348.0,-19.917415618896484,-14.036230087280273,5.881186008453369,225,-19.171792298689898,127.79529592248608,"Wolfe Creek, Австралия",2025-12-31,2023-01-01,10,Copernicus GLO-30 (~30 м),1410,327,180,371.6875,457.5,0.0,"{""type"":""Point"",""coordinates"":[127.78581367234928,-19.180811844207113]}"
558,348.0,-20.939306259155273,-14.652715682983398,6.286590099334717,225,-19.171792298689898,127.79529592248608,"Wolfe Creek, Австралия",2025-12-31,2023-01-01,10,Copernicus GLO-30 (~30 м),1440,327,180,371.6875,457.5,3.0337303333403813,"{""type"":""Point"",""coordinates"":[127.78561192234636,-19.181003749430882]}"
559,346.0,-20.70555877685547,-14.917940139770508,5.7876176834106445,225,-19.171792298689898,127.79529592248608,"Wolfe Creek, Австралия",2025-12-31,2023-01-01,10,Copernicus GLO-30 (~30 м),1470,327,199,371.6875,457.5,6.758463180465727,"{""type"":""Point"",""coordinates"":[127.78541017234345,-19.18119565465466]}"
560,347.0,-21.160327911376953,-15.500487327575684,5.659842014312744,225,-19.171792298689898,127.79529592248608,"Wolfe Creek, Австралия",2025-12-31,2023-01-01,10,Copernicus GLO-30 (~30 м),1500,327,171,371.6875,457.5,3.0337381328723407,"{""type"":""Point"",""coordinates"":[127.78520842234056,-19.181387559878424]}"
561,327.0,-27.43694496154785,-21.397397994995117,6.039547443389893,247.5,-19.171792298689898,127.79529592248608,"Wolfe Creek, Австралия",2025-12-31,2023-01-01,10,Copernicus GLO-30 (~30 м),0,327,180,371.6875,457.5,0.0,"{""type"":""Point"",""coordinates"":[127.79529592248608,-19.1717922986899]}"
562,327.0,-28.433456420898438,-20.421926498413086,8.011529922485352,247.5,-19.171792298689898,127.79529592248608,"Wolfe Creek, Австралия",2025-12-31,2023-01-01,10,Copernicus GLO-30 (~30 м),30,327,180,371.6875,457.5,0.0,"{""type"":""Point"",""coordinates"":[127.7950323234041,-19.171896157048597]}"
563,329.0,-26.59153938293457,-19.89937400817871,6.692164421081543,247.5,-19.171792298689898,127.79529592248608,"Wolfe Creek, Австралия",2025-12-31,2023-01-01,10,Copernicus GLO-30 (~30 м),60,327,180,371.6875,457.5,0.0,"{""type"":""Point"",""coordinates"":[127.79476872432214,-19.172000015407303]}"
564,330.0,-24.06940269470215,-15.91074275970459,8.158659934997559,247.5,-19.171792298689898,127.79529592248608,"Wolfe Creek, Австралия",2025-12-31,2023-01-01,10,Copernicus GLO-30 (~30 м),90,327,180,371.6875,457.5,3.033566592652533,"{""type"":""Point"",""coordinates"":[127.79450512524018,-19.17210387376601]}"
565,330.0,-21.06058692932129,-13.295279502868652,7.765307426452637,247.5,-19.171792298689898,127.79529592248608,"Wolfe Creek, Австралия",2025-12-31,2023-01-01,10,Copernicus GLO-30 (~30 м),120,327,180,371.6875,457.5,0.0,"{""type"":""Point"",""coordinates"":[127.79424152615822,-19.17220773212471]}"
566,329.0,-19.8998966217041,-12.344432830810547,7.5554633140563965,247.5,-19.171792298689898,127.79529592248608,"Wolfe Creek, Австралия",2025-12-31,2023-01-01,10,Copernicus GLO-30 (~30 м),150,327,190,371.6875,457.5,4.2861178295691404,"{""type"":""Point"",""coordinates"":[127.79397792707624,-19.172311590483407]}"
567,330.0,-18.239185333251953,-13.849098205566406,4.390086650848389,247.5,-19.171792298689898,127.79529592248608,"Wolfe Creek, Австралия",2025-12-31,2023-01-01,10,Copernicus GLO-30 (~30 м),180,327,161,371.6875,457.5,6.050232589570086,"{""type"":""Point"",""coordinates"":[127.7937143279943,-19.172415448842113]}"
568,330.0,-19.64171028137207,-13.623696327209473,6.018013954162598,247.5,-19.171792298689898,127.79529592248608,"Wolfe Creek, Австралия",2025-12-31,2023-01-01,10,Copernicus GLO-30 (~30 м),210,327,171,371.6875,457.5,3.0335743880287547,"{""type"":""Point"",""coordinates"":[127.79345072891232,-19.172519307200815]}"
569,331.0,-20.172311782836914,-13.848860740661621,6.323451995849609,247.5,-19.171792298689898,127.79529592248608,"Wolfe Creek, Австралия",2025-12-31,2023-01-01,10,Copernicus GLO-30 (~30 м),240,327,161,371.6875,457.5,6.050241866156067,"{""type"":""Point"",""coordinates"":[127.79318712983034,-19.17262316555952]}"
570,333.0,-20.30418586730957,-14.651772499084473,5.652413845062256,247.5,-19.171792298689898,127.79529592248608,"Wolfe Creek, Австралия",2025-12-31,2023-01-01,10,Copernicus GLO-30 (~30 м),270,327,180,371.6875,457.5,0.0,"{""type"":""Point"",""coordinates"":[127.7929235307484,-19.172727023918217]}"
571,333.0,-20.127994537353516,-14.34485912322998,5.783134937286377,247.5,-19.171792298689898,127.79529592248608,"Wolfe Creek, Австралия",2025-12-31,2023-01-01,10,Copernicus GLO-30 (~30 м),300,327,190,371.6875,457.5,4.286131022153999,"{""type"":""Point"",""coordinates"":[127.79265993166642,-19.17283088227692]}"
572,333.0,-20.168169021606445,-14.20695686340332,5.961212158203125,247.5,-19.171792298689898,127.79529592248608,"Wolfe Creek, Австралия",2025-12-31,2023-01-01,10,Copernicus GLO-30 (~30 м),330,327,152,371.6875,457.5,9.51359666658554,"{""type"":""Point"",""coordinates"":[127.79239633258445,-19.172934740635622]}"
573,336.0,-17.5854549407959,-10.274333953857422,7.311121463775635,247.5,-19.171792298689898,127.79529592248608,"Wolfe Creek, Австралия",2025-12-31,2023-01-01,10,Copernicus GLO-30 (~30 м),360,327,96,371.6875,457.5,27.92160102756408,"{""type"":""Point"",""coordinates"":[127.7921327335025,-19.173038598994328]}"
574,346.0,-13.348652839660645,-4.723904609680176,8.624748229980469,247.5,-19.171792298689898,127.79529592248608,"Wolfe Creek, Австралия",2025-12-31,2023-01-01,10,Copernicus GLO-30 (~30 м),390,327,74,371.6875,457.5,37.65477300344141,"{""type"":""Point"",""coordinates"":[127.79186913442052,-19.173142457353027]}"
575,364.0,-14.153067588806152,-6.793071746826172,7.359996318817139,247.5,-19.171792298689898,127.79529592248608,"Wolfe Creek, Австралия",2025-12-31,2023-01-01,10,Copernicus GLO-30 (~30 м),420,327,135,371.6875,457.5,18.744008487959274,"{""type"":""Point"",""coordinates"":[127.79160553533855,-19.173246315711726]}"
576,369.0,-20.14665985107422,-13.40943431854248,6.73722505569458,247.5,-19.171792298689898,127.79529592248608,"Wolfe Creek, Австралия",2025-12-31,2023-01-01,10,Copernicus GLO-30 (~30 м),450,327,209,371.6875,457.5,9.03367556282934,"{""type"":""Point"",""coordinates"":[127.7913419362566,-19.173350174070432]}"
577,366.0,-20.661317825317383,-14.761890411376953,5.899427890777588,247.5,-19.171792298689898,127.79529592248608,"Wolfe Creek, Австралия",2025-12-31,2023-01-01,10,Copernicus GLO-30 (~30 м),480,327,226,371.6875,457.5,15.928244486172549,"{""type"":""Point"",""coordinates"":[127.79107833717462,-19.173454032429138]}"
578,364.0,-20.786651611328125,-14.194483757019043,6.59216833114624,247.5,-19.171792298689898,127.79529592248608,"Wolfe Creek, Австралия",2025-12-31,2023-01-01,10,Copernicus GLO-30 (~30 м),510,327,218,371.6875,457.5,11.968553183725884,"{""type"":""Point"",""coordinates"":[127.79081473809265,-19.173557890787837]}"
579,360.0,-21.134553909301758,-14.855916976928711,6.278636932373047,247.5,-19.171792298689898,127.79529592248608,"Wolfe Creek, Австралия",2025-12-31,2023-01-01,10,Copernicus GLO-30 (~30 м),540,327,180,371.6875,457.5,3.033596215771144,"{""type"":""Point"",""coordinates"":[127.7905511390107,-19.17366174914654]}"
580,358.0,-21.564472198486328,-14.045239448547363,7.519232273101807,247.5,-19.171792298689898,127.79529592248608,"Wolfe Creek, Австралия",2025-12-31,2023-01-01,10,Copernicus GLO-30 (~30 м),570,327,180,371.6875,457.5,3.0335977750821628,"{""type"":""Point"",""coordinates"":[127.7902875399287,-19.173765607505246]}"
581,357.0,-23.23479652404785,-14.477323532104492,8.75747299194336,247.5,-19.171792298689898,127.79529592248608,"Wolfe Creek, Австралия",2025-12-31,2023-01-01,10,Copernicus GLO-30 (~30 м),600,327,190,371.6875,457.5,3.0335993340880587,"{""type"":""Point"",""coordinates"":[127.79002394084675,-19.173869465863945]}"
582,356.0,-21.972055435180664,-14.155447959899902,7.816607475280762,247.5,-19.171792298689898,127.79529592248608,"Wolfe Creek, Австралия",2025-12-31,2023-01-01,10,Copernicus GLO-30 (~30 м),630,327,190,371.6875,457.5,3.0336008932949623,"{""type"":""Point"",""coordinates"":[127.78976034176478,-19.173973324222647]}"
583,355.0,-22.806055068969727,-14.839259147644043,7.966795921325684,247.5,-19.171792298689898,127.79529592248608,"Wolfe Creek, Австралия",2025-12-31,2023-01-01,10,Copernicus GLO-30 (~30 м),660,327,180,371.6875,457.5,0.0,"{""type"":""Point"",""coordinates"":[127.7894967426828,-19.17407718258135]}"
584,354.0,-22.690126419067383,-14.18710708618164,8.503019332885742,247.5,-19.171792298689898,127.79529592248608,"Wolfe Creek, Австралия",2025-12-31,2023-01-01,10,Copernicus GLO-30 (~30 м),690,327,190,371.6875,457.5,3.0336055709603063,"{""type"":""Point"",""coordinates"":[127.78923314360085,-19.174181040940052]}"
585,354.0,-22.846485137939453,-14.648285865783691,8.198200225830078,247.5,-19.171792298689898,127.79529592248608,"Wolfe Creek, Австралия",2025-12-31,2023-01-01,10,Copernicus GLO-30 (~30 м),720,327,180,371.6875,457.5,0.0,"{""type"":""Point"",""coordinates"":[127.78896954451888,-19.17428489929875]}"
586,353.0,-23.162776947021484,-15.268712043762207,7.8940653800964355,247.5,-19.171792298689898,127.79529592248608,"Wolfe Creek, Австралия",2025-12-31,2023-01-01,10,Copernicus GLO-30 (~30 м),750,327,190,371.6875,457.5,3.033608689441062,"{""type"":""Point"",""coordinates"":[127.78870594543692,-19.174388757657454]}"
587,353.0,-22.778152465820312,-15.90839958190918,6.869753360748291,247.5,-19.171792298689898,127.79529592248608,"Wolfe Creek, Австралия",2025-12-31,2023-01-01,10,Copernicus GLO-30 (~30 м),780,327,180,371.6875,457.5,6.050309898003453,"{""type"":""Point"",""coordinates"":[127.78844234635496,-19.174492616016156]}"
588,351.0,-22.918302536010742,-15.85304069519043,7.0652618408203125,247.5,-19.171792298689898,127.79529592248608,"Wolfe Creek, Австралия",2025-12-31,2023-01-01,10,Copernicus GLO-30 (~30 м),810,327,180,371.6875,457.5,3.033613367266165,"{""type"":""Point"",""coordinates"":[127.788178747273,-19.174596474374862]}"
589,350.0,-22.201229095458984,-15.850564956665039,6.350664138793945,247.5,-19.171792298689898,127.79529592248608,"Wolfe Creek, Австралия",2025-12-31,2023-01-01,10,Copernicus GLO-30 (~30 м),840,327,190,371.6875,457.5,3.0336149260128336,"{""type"":""Point"",""coordinates"":[127.78791514819102,-19.17470033273356]}"
590,350.0,-22.177417755126953,-16.339933395385742,5.837484836578369,247.5,-19.171792298689898,127.79529592248608,"Wolfe Creek, Австралия",2025-12-31,2023-01-01,10,Copernicus GLO-30 (~30 м),870,327,190,371.6875,457.5,4.286181596109546,"{""type"":""Point"",""coordinates"":[127.78765154910907,-19.174804191092264]}"
591,349.0,-21.84090232849121,-15.923081398010254,5.917819976806641,247.5,-19.171792298689898,127.79529592248608,"Wolfe Creek, Австралия",2025-12-31,2023-01-01,10,Copernicus GLO-30 (~30 м),900,327,171,371.6875,457.5,3.033618045301362,"{""type"":""Point"",""coordinates"":[127.7873879500271,-19.174908049450966]}"
592,350.0,-23.357648849487305,-15.887354850769043,7.470293998718262,247.5,-19.171792298689898,127.79529592248608,"Wolfe Creek, Австралия",2025-12-31,2023-01-01,10,Copernicus GLO-30 (~30 м),930,327,180,371.6875,457.5,0.0,"{""type"":""Point"",""coordinates"":[127.78712435094512,-19.17501190780967]}"
593,350.0,-22.023841857910156,-15.850452423095703,6.1733903884887695,247.5,-19.171792298689898,127.79529592248608,"Wolfe Creek, Австралия",2025-12-31,2023-01-01,10,Copernicus GLO-30 (~30 м),960,327,180,371.6875,457.5,0.0,"{""type"":""Point"",""coordinates"":[127.78686075186314,-19.17511576616837]}"
594,350.0,-23.79167938232422,-16.4473934173584,7.344284534454346,247.5,-19.171792298689898,127.79529592248608,"Wolfe Creek, Австралия",2025-12-31,2023-01-01,10,Copernicus GLO-30 (~30 м),990,327,180,371.6875,457.5,0.0,"{""type"":""Point"",""coordinates"":[127.7865971527812,-19.175219624527074]}"
595,350.0,-22.166221618652344,-15.355446815490723,6.810775279998779,247.5,-19.171792298689898,127.79529592248608,"Wolfe Creek, Австралия",2025-12-31,2023-01-01,10,Copernicus GLO-30 (~30 м),1020,327,190,371.6875,457.5,3.0336258418565913,"{""type"":""Point"",""coordinates"":[127.78633355369922,-19.175323482885776]}"
596,349.0,-21.637964248657227,-15.902753829956055,5.735210418701172,247.5,-19.171792298689898,127.79529592248608,"Wolfe Creek, Австралия",2025-12-31,2023-01-01,10,Copernicus GLO-30 (~30 м),1050,327,180,371.6875,457.5,0.0,"{""type"":""Point"",""coordinates"":[127.78606995461725,-19.17542734124448]}"
597,349.0,-22.320920944213867,-15.911858558654785,6.409063339233398,247.5,-19.171792298689898,127.79529592248608,"Wolfe Creek, Австралия",2025-12-31,2023-01-01,10,Copernicus GLO-30 (~30 м),1080,327,180,371.6875,457.5,0.0,"{""type"":""Point"",""coordinates"":[127.7858063555353,-19.175531199603185]}"
598,349.0,-22.697689056396484,-16.20314598083496,6.494542598724365,247.5,-19.171792298689898,127.79529592248608,"Wolfe Creek, Австралия",2025-12-31,2023-01-01,10,Copernicus GLO-30 (~30 м),1110,327,180,371.6875,457.5,0.0,"{""type"":""Point"",""coordinates"":[127.78554275645332,-19.175635057961884]}"
599,349.0,-22.924795150756836,-16.08189582824707,6.842898845672607,247.5,-19.171792298689898,127.79529592248608,"Wolfe Creek, Австралия",2025-12-31,2023-01-01,10,Copernicus GLO-30 (~30 м),1140,327,180,371.6875,457.5,0.0,"{""type"":""Point"",""coordinates"":[127.78527915737135,-19.175738916320586]}"
600,349.0,-21.800495147705078,-15.76968765258789,6.030808448791504,247.5,-19.171792298689898,127.79529592248608,"Wolfe Creek, Австралия",2025-12-31,2023-01-01,10,Copernicus GLO-30 (~30 м),1170,327,180,371.6875,457.5,0.0,"{""type"":""Point"",""coordinates"":[127.78501555828937,-19.17584277467929]}"
601,349.0,-21.564294815063477,-14.991294860839844,6.572999477386475,247.5,-19.171792298689898,127.79529592248608,"Wolfe Creek, Австралия",2025-12-31,2023-01-01,10,Copernicus GLO-30 (~30 м),1200,327,180,371.6875,457.5,3.0336383162727656,"{""type"":""Point"",""coordinates"":[127.78475195920743,-19.17594663303799]}"
602,348.0,-21.518613815307617,-15.289883613586426,6.22873067855835,247.5,-19.171792298689898,127.79529592248608,"Wolfe Creek, Австралия",2025-12-31,2023-01-01,10,Copernicus GLO-30 (~30 м),1230,327,190,371.6875,457.5,3.0336398756456378,"{""type"":""Point"",""coordinates"":[127.78448836012545,-19.176050491396694]}"
603,349.0,-20.872285842895508,-14.717693328857422,6.154592990875244,247.5,-19.171792298689898,127.79529592248608,"Wolfe Creek, Австралия",2025-12-31,2023-01-01,10,Copernicus GLO-30 (~30 м),1260,327,171,371.6875,457.5,3.0336414352854524,"{""type"":""Point"",""coordinates"":[127.78422476104348,-19.176154349755393]}"
604,350.0,-21.761959075927734,-14.3626127243042,7.399346351623535,247.5,-19.171792298689898,127.79529592248608,"Wolfe Creek, Австралия",2025-12-31,2023-01-01,10,Copernicus GLO-30 (~30 м),1290,327,171,371.6875,457.5,4.286218980814868,"{""type"":""Point"",""coordinates"":[127.78396116196151,-19.176258208114096]}"
605,350.0,-22.8792724609375,-14.964240074157715,7.915032863616943,247.5,-19.171792298689898,127.79529592248608,"Wolfe Creek, Австралия",2025-12-31,2023-01-01,10,Copernicus GLO-30 (~30 м),1320,327,190,371.6875,457.5,3.0336461137705233,"{""type"":""Point"",""coordinates"":[127.78369756287955,-19.176362066472798]}"
606,349.0,-22.807281494140625,-15.948562622070312,6.8587188720703125,247.5,-19.171792298689898,127.79529592248608,"Wolfe Creek, Австралия",2025-12-31,2023-01-01,10,Copernicus GLO-30 (~30 м),1350,327,190,371.6875,457.5,4.286225578240525,"{""type"":""Point"",""coordinates"":[127.78343396379759,-19.1764659248315]}"
607,347.0,-23.03866958618164,-15.351778984069824,7.686890125274658,247.5,-19.171792298689898,127.79529592248608,"Wolfe Creek, Австралия",2025-12-31,2023-01-01,10,Copernicus GLO-30 (~30 м),1380,327,190,371.6875,457.5,3.033649232398589,"{""type"":""Point"",""coordinates"":[127.78317036471562,-19.176569783190203]}"
608,347.0,-22.38551139831543,-15.642648696899414,6.742863178253174,247.5,-19.171792298689898,127.79529592248608,"Wolfe Creek, Австралия",2025-12-31,2023-01-01,10,Copernicus GLO-30 (~30 м),1410,327,180,371.6875,457.5,0.0,"{""type"":""Point"",""coordinates"":[127.78290676563367,-19.176673641548906]}"
609,348.0,-22.286020278930664,-16.153339385986328,6.1326823234558105,247.5,-19.171792298689898,127.79529592248608,"Wolfe Creek, Австралия",2025-12-31,2023-01-01,10,Copernicus GLO-30 (~30 м),1440,327,171,371.6875,457.5,4.286232176185444,"{""type"":""Point"",""coordinates"":[127.7826431665517,-19.176777499907608]}"
610,348.0,-21.394939422607422,-15.154446601867676,6.240492343902588,247.5,-19.171792298689898,127.79529592248608,"Wolfe Creek, Австралия",2025-12-31,2023-01-01,10,Copernicus GLO-30 (~30 м),1470,327,171,371.6875,457.5,3.033655469983491,"{""type"":""Point"",""coordinates"":[127.78237956746972,-19.17688135826631]}"
611,348.0,-22.565998077392578,-15.467899322509766,7.098097801208496,247.5,-19.171792298689898,127.79529592248608,"Wolfe Creek, Австралия",2025-12-31,2023-01-01,10,Copernicus GLO-30 (~30 м),1500,327,190,371.6875,457.5,3.0336570296976966,"{""type"":""Point"",""coordinates"":[127.78211596838777,-19.176985216625013]}"
612,327.0,-27.43694496154785,-21.397397994995117,6.039547443389893,270,-19.171792298689898,127.79529592248608,"Wolfe Creek, Австралия",2025-12-31,2023-01-01,10,Copernicus GLO-30 (~30 м),0,327,180,371.6875,457.5,0.0,"{""type"":""Point"",""coordinates"":[127.79529592248608,-19.1717922986899]}"
613,327.0,-28.558082580566406,-21.20987892150879,7.348204612731934,270,-19.171792298689898,127.79529592248608,"Wolfe Creek, Австралия",2025-12-31,2023-01-01,10,Copernicus GLO-30 (~30 м),30,327,180,371.6875,457.5,0.0,"{""type"":""Point"",""coordinates"":[127.79501060489575,-19.1717922986899]}"
614,329.0,-26.784414291381836,-19.397462844848633,7.3869524002075195,270,-19.171792298689898,127.79529592248608,"Wolfe Creek, Австралия",2025-12-31,2023-01-01,10,Copernicus GLO-30 (~30 м),60,327,180,371.6875,457.5,3.033561915327479,"{""type"":""Point"",""coordinates"":[127.79472528730543,-19.171792298689898]}"
615,330.0,-26.371522903442383,-18.394729614257812,7.97679328918457,270,-19.171792298689898,127.79529592248608,"Wolfe Creek, Австралия",2025-12-31,2023-01-01,10,Copernicus GLO-30 (~30 м),90,327,180,371.6875,457.5,3.033561915327479,"{""type"":""Point"",""coordinates"":[127.7944399697151,-19.1717922986899]}"
616,330.0,-22.0828857421875,-12.919657707214355,9.163228034973145,270,-19.171792298689898,127.79529592248608,"Wolfe Creek, Австралия",2025-12-31,2023-01-01,10,Copernicus GLO-30 (~30 м),120,327,180,371.6875,457.5,3.033561915327479,"{""type"":""Point"",""coordinates"":[127.79415465212477,-19.1717922986899]}"
617,330.0,-19.277973175048828,-13.331664085388184,5.9463090896606445,270,-19.171792298689898,127.79529592248608,"Wolfe Creek, Австралия",2025-12-31,2023-01-01,10,Copernicus GLO-30 (~30 м),150,327,180,371.6875,457.5,3.033561915327479,"{""type"":""Point"",""coordinates"":[127.79386933453445,-19.1717922986899]}"
618,330.0,-18.51824188232422,-12.568293571472168,5.949949741363525,270,-19.171792298689898,127.79529592248608,"Wolfe Creek, Австралия",2025-12-31,2023-01-01,10,Copernicus GLO-30 (~30 м),180,327,180,371.6875,457.5,0.0,"{""type"":""Point"",""coordinates"":[127.79358401694412,-19.1717922986899]}"
619,330.0,-19.393535614013672,-14.030780792236328,5.362753868103027,270,-19.171792298689898,127.79529592248608,"Wolfe Creek, Австралия",2025-12-31,2023-01-01,10,Copernicus GLO-30 (~30 м),210,327,180,371.6875,457.5,0.0,"{""type"":""Point"",""coordinates"":[127.7932986993538,-19.1717922986899]}"
620,331.0,-20.673921585083008,-14.343502044677734,6.330419063568115,270,-19.171792298689898,127.79529592248608,"Wolfe Creek, Австралия",2025-12-31,2023-01-01,10,Copernicus GLO-30 (~30 м),240,327,180,371.6875,457.5,3.033561915327479,"{""type"":""Point"",""coordinates"":[127.79301338176347,-19.1717922986899]}"
621,334.0,-21.4614200592041,-15.644368171691895,5.817052364349365,270,-19.171792298689898,127.79529592248608,"Wolfe Creek, Австралия",2025-12-31,2023-01-01,10,Copernicus GLO-30 (~30 м),270,327,180,371.6875,457.5,3.033561915327479,"{""type"":""Point"",""coordinates"":[127.79272806417315,-19.1717922986899]}"
622,336.0,-19.9473934173584,-14.707182884216309,5.240211009979248,270,-19.171792298689898,127.79529592248608,"Wolfe Creek, Австралия",2025-12-31,2023-01-01,10,Copernicus GLO-30 (~30 м),300,327,143,371.6875,457.5,12.325673350322663,"{""type"":""Point"",""coordinates"":[127.79244274658285,-19.1717922986899]}"
623,340.0,-19.51122283935547,-13.391555786132812,6.119667053222656,270,-19.171792298689898,127.79529592248608,"Wolfe Creek, Австралия",2025-12-31,2023-01-01,10,Copernicus GLO-30 (~30 м),330,327,118,371.6875,457.5,21.097146913322675,"{""type"":""Point"",""coordinates"":[127.79215742899252,-19.1717922986899]}"
624,347.0,-16.414024353027344,-8.767152786254883,7.646871089935303,270,-19.171792298689898,127.79529592248608,"Wolfe Creek, Австралия",2025-12-31,2023-01-01,10,Copernicus GLO-30 (~30 м),360,327,78,371.6875,457.5,34.56440326102978,"{""type"":""Point"",""coordinates"":[127.7918721114022,-19.1717922986899]}"
625,360.0,-12.022687911987305,-3.892085552215576,8.13060188293457,270,-19.171792298689898,127.79529592248608,"Wolfe Creek, Австралия",2025-12-31,2023-01-01,10,Copernicus GLO-30 (~30 м),390,327,126,371.6875,457.5,18.52965276196313,"{""type"":""Point"",""coordinates"":[127.79158679381187,-19.1717922986899]}"
626,366.0,-17.71892547607422,-9.509395599365234,8.2095308303833,270,-19.171792298689898,127.79529592248608,"Wolfe Creek, Австралия",2025-12-31,2023-01-01,10,Copernicus GLO-30 (~30 м),420,327,190,371.6875,457.5,3.0335619151144644,"{""type"":""Point"",""coordinates"":[127.79130147622155,-19.1717922986899]}"
627,365.0,-23.45725440979004,-15.78409194946289,7.673161506652832,270,-19.171792298689898,127.79529592248608,"Wolfe Creek, Австралия",2025-12-31,2023-01-01,10,Copernicus GLO-30 (~30 м),450,327,226,371.6875,457.5,15.928096562353073,"{""type"":""Point"",""coordinates"":[127.79101615863122,-19.1717922986899]}"
628,357.0,-22.599321365356445,-14.647598266601562,7.951723575592041,270,-19.171792298689898,127.79529592248608,"Wolfe Creek, Австралия",2025-12-31,2023-01-01,10,Copernicus GLO-30 (~30 м),480,327,208,371.6875,457.5,10.817502363216729,"{""type"":""Point"",""coordinates"":[127.7907308410409,-19.1717922986899]}"
629,357.0,-21.173757553100586,-11.112470626831055,10.061287879943848,270,-19.171792298689898,127.79529592248608,"Wolfe Creek, Австралия",2025-12-31,2023-01-01,10,Copernicus GLO-30 (~30 м),510,327,208,371.6875,457.5,10.817502363216729,"{""type"":""Point"",""coordinates"":[127.79044552345057,-19.1717922986899]}"
630,354.0,-20.97881507873535,-13.726387977600098,7.25242805480957,270,-19.171792298689898,127.79529592248608,"Wolfe Creek, Австралия",2025-12-31,2023-01-01,10,Copernicus GLO-30 (~30 м),540,327,199,371.6875,457.5,8.524768785899017,"{""type"":""Point"",""coordinates"":[127.79016020586025,-19.1717922986899]}"
631,352.0,-22.2835636138916,-16.122995376586914,6.160567760467529,270,-19.171792298689898,127.79529592248608,"Wolfe Creek, Австралия",2025-12-31,2023-01-01,10,Copernicus GLO-30 (~30 м),570,327,190,371.6875,457.5,4.28610463764068,"{""type"":""Point"",""coordinates"":[127.78987488826992,-19.1717922986899]}"
632,351.0,-23.715097427368164,-16.797222137451172,6.917873859405518,270,-19.171792298689898,127.79529592248608,"Wolfe Creek, Австралия",2025-12-31,2023-01-01,10,Copernicus GLO-30 (~30 м),600,327,171,371.6875,457.5,4.2861046374718015,"{""type"":""Point"",""coordinates"":[127.7895895706796,-19.1717922986899]}"
633,352.0,-23.325519561767578,-16.49332046508789,6.8321990966796875,270,-19.171792298689898,127.79529592248608,"Wolfe Creek, Австралия",2025-12-31,2023-01-01,10,Copernicus GLO-30 (~30 м),630,327,180,371.6875,457.5,3.033561915327479,"{""type"":""Point"",""coordinates"":[127.78930425308927,-19.1717922986899]}"
634,351.0,-21.419649124145508,-15.150289535522461,6.269359588623047,270,-19.171792298689898,127.79529592248608,"Wolfe Creek, Австралия",2025-12-31,2023-01-01,10,Copernicus GLO-30 (~30 м),660,327,190,371.6875,457.5,4.2861046374718015,"{""type"":""Point"",""coordinates"":[127.78901893549894,-19.1717922986899]}"
635,350.0,-23.345945358276367,-15.831664085388184,7.514281749725342,270,-19.171792298689898,127.79529592248608,"Wolfe Creek, Австралия",2025-12-31,2023-01-01,10,Copernicus GLO-30 (~30 м),690,327,190,371.6875,457.5,4.2861046374718015,"{""type"":""Point"",""coordinates"":[127.78873361790862,-19.1717922986899]}"
636,350.0,-22.91925621032715,-16.786767959594727,6.132488250732422,270,-19.171792298689898,127.79529592248608,"Wolfe Creek, Австралия",2025-12-31,2023-01-01,10,Copernicus GLO-30 (~30 м),720,327,180,371.6875,457.5,6.0502109441907095,"{""type"":""Point"",""coordinates"":[127.7884483003183,-19.1717922986899]}"
637,351.0,-21.818294525146484,-15.874157905578613,5.944136619567871,270,-19.171792298689898,127.79529592248608,"Wolfe Creek, Австралия",2025-12-31,2023-01-01,10,Copernicus GLO-30 (~30 м),750,327,171,371.6875,457.5,4.2861046374718015,"{""type"":""Point"",""coordinates"":[127.78816298272797,-19.1717922986899]}"
638,352.0,-21.833768844604492,-14.716878890991211,7.116889953613281,270,-19.171792298689898,127.79529592248608,"Wolfe Creek, Австралия",2025-12-31,2023-01-01,10,Copernicus GLO-30 (~30 м),780,327,171,371.6875,457.5,3.033561914874966,"{""type"":""Point"",""coordinates"":[127.78787766513764,-19.1717922986899]}"
639,352.0,-22.40083885192871,-15.571501731872559,6.8293375968933105,270,-19.171792298689898,127.79529592248608,"Wolfe Creek, Австралия",2025-12-31,2023-01-01,10,Copernicus GLO-30 (~30 м),810,327,180,371.6875,457.5,3.033561915327479,"{""type"":""Point"",""coordinates"":[127.78759234754732,-19.1717922986899]}"
640,352.0,-22.451929092407227,-15.288485527038574,7.163443565368652,270,-19.171792298689898,127.79529592248608,"Wolfe Creek, Австралия",2025-12-31,2023-01-01,10,Copernicus GLO-30 (~30 м),840,327,180,371.6875,457.5,0.0,"{""type"":""Point"",""coordinates"":[127.78730702995699,-19.1717922986899]}"
641,352.0,-22.68636131286621,-15.234301567077637,7.452059268951416,270,-19.171792298689898,127.79529592248608,"Wolfe Creek, Австралия",2025-12-31,2023-01-01,10,Copernicus GLO-30 (~30 м),870,327,180,371.6875,457.5,0.0,"{""type"":""Point"",""coordinates"":[127.78702171236667,-19.1717922986899]}"
642,351.0,-23.062593460083008,-16.272327423095703,6.7902655601501465,270,-19.171792298689898,127.79529592248608,"Wolfe Creek, Австралия",2025-12-31,2023-01-01,10,Copernicus GLO-30 (~30 м),900,327,190,371.6875,457.5,3.0335619151144644,"{""type"":""Point"",""coordinates"":[127.78673639477634,-19.1717922986899]}"
643,351.0,-22.847911834716797,-16.213951110839844,6.633960247039795,270,-19.171792298689898,127.79529592248608,"Wolfe Creek, Австралия",2025-12-31,2023-01-01,10,Copernicus GLO-30 (~30 м),930,327,180,371.6875,457.5,0.0,"{""type"":""Point"",""coordinates"":[127.78645107718602,-19.1717922986899]}"
644,350.0,-22.33547592163086,-15.649567604064941,6.685908794403076,270,-19.171792298689898,127.79529592248608,"Wolfe Creek, Австралия",2025-12-31,2023-01-01,10,Copernicus GLO-30 (~30 м),960,327,190,371.6875,457.5,3.0335619155934612,"{""type"":""Point"",""coordinates"":[127.78616575959569,-19.1717922986899]}"
645,350.0,-21.260835647583008,-13.773893356323242,7.486941814422607,270,-19.171792298689898,127.79529592248608,"Wolfe Creek, Австралия",2025-12-31,2023-01-01,10,Copernicus GLO-30 (~30 м),990,327,180,371.6875,457.5,0.0,"{""type"":""Point"",""coordinates"":[127.78588044200536,-19.1717922986899]}"
646,350.0,-21.28770637512207,-16.15700912475586,5.130695819854736,270,-19.171792298689898,127.79529592248608,"Wolfe Creek, Австралия",2025-12-31,2023-01-01,10,Copernicus GLO-30 (~30 м),1020,327,180,371.6875,457.5,0.0,"{""type"":""Point"",""coordinates"":[127.78559512441502,-19.1717922986899]}"
647,350.0,-23.431228637695312,-15.750723838806152,7.68050479888916,270,-19.171792298689898,127.79529592248608,"Wolfe Creek, Австралия",2025-12-31,2023-01-01,10,Copernicus GLO-30 (~30 м),1050,327,180,371.6875,457.5,0.0,"{""type"":""Point"",""coordinates"":[127.7853098068247,-19.1717922986899]}"
648,351.0,-23.565738677978516,-15.528706550598145,8.037032127380371,270,-19.171792298689898,127.79529592248608,"Wolfe Creek, Австралия",2025-12-31,2023-01-01,10,Copernicus GLO-30 (~30 м),1080,327,180,371.6875,457.5,0.0,"{""type"":""Point"",""coordinates"":[127.78502448923437,-19.1717922986899]}"
649,351.0,-22.907434463500977,-16.395597457885742,6.511838436126709,270,-19.171792298689898,127.79529592248608,"Wolfe Creek, Австралия",2025-12-31,2023-01-01,10,Copernicus GLO-30 (~30 м),1110,327,180,371.6875,457.5,3.033561915327479,"{""type"":""Point"",""coordinates"":[127.78473917164405,-19.1717922986899]}"
650,350.0,-23.4054012298584,-15.4174222946167,7.987978458404541,270,-19.171792298689898,127.79529592248608,"Wolfe Creek, Австралия",2025-12-31,2023-01-01,10,Copernicus GLO-30 (~30 м),1140,327,190,371.6875,457.5,4.286104637302923,"{""type"":""Point"",""coordinates"":[127.78445385405372,-19.1717922986899]}"
651,351.0,-22.000205993652344,-15.406723976135254,6.593481063842773,270,-19.171792298689898,127.79529592248608,"Wolfe Creek, Австралия",2025-12-31,2023-01-01,10,Copernicus GLO-30 (~30 м),1170,327,180,371.6875,457.5,3.033561915327479,"{""type"":""Point"",""coordinates"":[127.7841685364634,-19.1717922986899]}"
652,351.0,-21.537246704101562,-15.699784278869629,5.837462902069092,270,-19.171792298689898,127.79529592248608,"Wolfe Creek, Австралия",2025-12-31,2023-01-01,10,Copernicus GLO-30 (~30 м),1200,327,180,371.6875,457.5,6.0502109441907095,"{""type"":""Point"",""coordinates"":[127.78388321887307,-19.1717922986899]}"
653,350.0,-20.525146484375,-13.9691801071167,6.555965900421143,270,-19.171792298689898,127.79529592248608,"Wolfe Creek, Австралия",2025-12-31,2023-01-01,10,Copernicus GLO-30 (~30 м),1230,327,180,371.6875,457.5,0.0,"{""type"":""Point"",""coordinates"":[127.78359790128275,-19.1717922986899]}"
654,349.0,-21.177122116088867,-15.148140907287598,6.028981685638428,270,-19.171792298689898,127.79529592248608,"Wolfe Creek, Австралия",2025-12-31,2023-01-01,10,Copernicus GLO-30 (~30 м),1260,327,180,371.6875,457.5,3.033561915327479,"{""type"":""Point"",""coordinates"":[127.78331258369242,-19.1717922986899]}"
655,349.0,-21.680025100708008,-14.657585144042969,7.022439479827881,270,-19.171792298689898,127.79529592248608,"Wolfe Creek, Австралия",2025-12-31,2023-01-01,10,Copernicus GLO-30 (~30 м),1290,327,180,371.6875,457.5,3.033561915327479,"{""type"":""Point"",""coordinates"":[127.7830272661021,-19.1717922986899]}"
656,349.0,-20.80376434326172,-14.89676570892334,5.906999588012695,270,-19.171792298689898,127.79529592248608,"Wolfe Creek, Австралия",2025-12-31,2023-01-01,10,Copernicus GLO-30 (~30 м),1320,327,171,371.6875,457.5,4.28610463764068,"{""type"":""Point"",""coordinates"":[127.78274194851177,-19.1717922986899]}"
657,350.0,-19.583364486694336,-14.558308601379395,5.025055408477783,270,-19.171792298689898,127.79529592248608,"Wolfe Creek, Австралия",2025-12-31,2023-01-01,10,Copernicus GLO-30 (~30 м),1350,327,190,371.6875,457.5,3.0335619153539626,"{""type"":""Point"",""coordinates"":[127.78245663092144,-19.1717922986899]}"
658,349.0,-19.79984474182129,-14.083632469177246,5.716212749481201,270,-19.171792298689898,127.79529592248608,"Wolfe Creek, Австралия",2025-12-31,2023-01-01,10,Copernicus GLO-30 (~30 м),1380,327,190,371.6875,457.5,4.2861046374718015,"{""type"":""Point"",""coordinates"":[127.78217131333115,-19.1717922986899]}"
659,348.0,-20.489585876464844,-15.164266586303711,5.325318813323975,270,-19.171792298689898,127.79529592248608,"Wolfe Creek, Австралия",2025-12-31,2023-01-01,10,Copernicus GLO-30 (~30 м),1410,327,180,371.6875,457.5,0.0,"{""type"":""Point"",""coordinates"":[127.78188599574082,-19.1717922986899]}"
660,348.0,-21.165910720825195,-15.146562576293945,6.019348621368408,270,-19.171792298689898,127.79529592248608,"Wolfe Creek, Австралия",2025-12-31,2023-01-01,10,Copernicus GLO-30 (~30 м),1440,327,180,371.6875,457.5,3.033561915327479,"{""type"":""Point"",""coordinates"":[127.7816006781505,-19.1717922986899]}"
661,348.0,-21.43364906311035,-14.284708976745605,7.148940563201904,270,-19.171792298689898,127.79529592248608,"Wolfe Creek, Австралия",2025-12-31,2023-01-01,10,Copernicus GLO-30 (~30 м),1470,327,180,371.6875,457.5,3.033561915327479,"{""type"":""Point"",""coordinates"":[127.78131536056017,-19.1717922986899]}"
662,346.0,-22.947250366210938,-15.864463806152344,7.08278751373291,270,-19.171792298689898,127.79529592248608,"Wolfe Creek, Австралия",2025-12-31,2023-01-01,10,Copernicus GLO-30 (~30 м),1500,327,190,371.6875,457.5,6.758080410700589,"{""type"":""Point"",""coordinates"":[127.78103004296985,-19.1717922986899]}"
663,327.0,-27.43694496154785,-21.397397994995117,6.039547443389893,292.5,-19.171792298689898,127.79529592248608,"Wolfe Creek, Австралия",2025-12-31,2023-01-01,10,Copernicus GLO-30 (~30 м),0,327,180,371.6875,457.5,0.0,"{""type"":""Point"",""coordinates"":[127.79529592248608,-19.1717922986899]}"
664,327.0,-27.862751007080078,-22.676807403564453,5.185943603515625,292.5,-19.171792298689898,127.79529592248608,"Wolfe Creek, Австралия",2025-12-31,2023-01-01,10,Copernicus GLO-30 (~30 м),30,327,180,371.6875,457.5,0.0,"{""type"":""Point"",""coordinates"":[127.7950323234041,-19.17168844033119]}"
665,328.0,-28.624670028686523,-21.930946350097656,6.693723678588867,292.5,-19.171792298689898,127.79529592248608,"Wolfe Creek, Австралия",2025-12-31,2023-01-01,10,Copernicus GLO-30 (~30 м),60,327,180,371.6875,457.5,6.050201668390813,"{""type"":""Point"",""coordinates"":[127.79476872432214,-19.171584581972496]}"
666,328.0,-25.193008422851562,-18.595680236816406,6.597326278686523,292.5,-19.171792298689898,127.79529592248608,"Wolfe Creek, Австралия",2025-12-31,2023-01-01,10,Copernicus GLO-30 (~30 м),90,327,180,371.6875,457.5,3.03355567938135,"{""type"":""Point"",""coordinates"":[127.79450512524018,-19.17148072361379]}"
667,329.0,-19.437606811523438,-11.519819259643555,7.917787551879883,292.5,-19.171792298689898,127.79529592248608,"Wolfe Creek, Австралия",2025-12-31,2023-01-01,10,Copernicus GLO-30 (~30 м),120,327,180,371.6875,457.5,0.0,"{""type"":""Point"",""coordinates"":[127.79424152615822,-19.171376865255088]}"
668,329.0,-18.69384002685547,-11.137978553771973,7.555861949920654,292.5,-19.171792298689898,127.79529592248608,"Wolfe Creek, Австралия",2025-12-31,2023-01-01,10,Copernicus GLO-30 (~30 м),150,327,180,371.6875,457.5,0.0,"{""type"":""Point"",""coordinates"":[127.79397792707624,-19.17127300689638]}"
669,329.0,-19.413869857788086,-13.164398193359375,6.249472618103027,292.5,-19.171792298689898,127.79529592248608,"Wolfe Creek, Австралия",2025-12-31,2023-01-01,10,Copernicus GLO-30 (~30 м),180,327,180,371.6875,457.5,0.0,"{""type"":""Point"",""coordinates"":[127.7937143279943,-19.17116914853768]}"
670,329.0,-18.428743362426758,-13.291048049926758,5.137695789337158,292.5,-19.171792298689898,127.79529592248608,"Wolfe Creek, Австралия",2025-12-31,2023-01-01,10,Copernicus GLO-30 (~30 м),210,327,161,371.6875,457.5,6.7580493848003425,"{""type"":""Point"",""coordinates"":[127.79345072891232,-19.17106529017898]}"
671,331.0,-19.404956817626953,-12.959078788757324,6.445878505706787,292.5,-19.171792298689898,127.79529592248608,"Wolfe Creek, Австралия",2025-12-31,2023-01-01,10,Copernicus GLO-30 (~30 м),240,327,171,371.6875,457.5,3.033546325718817,"{""type"":""Point"",""coordinates"":[127.79318712983034,-19.170961431820277]}"
672,332.0,-20.29275131225586,-14.953451156616211,5.339301109313965,292.5,-19.171792298689898,127.79529592248608,"Wolfe Creek, Австралия",2025-12-31,2023-01-01,10,Copernicus GLO-30 (~30 м),270,327,199,371.6875,457.5,6.050176932362573,"{""type"":""Point"",""coordinates"":[127.7929235307484,-19.170857573461582]}"
673,330.0,-20.710538864135742,-15.032771110534668,5.677767276763916,292.5,-19.171792298689898,127.79529592248608,"Wolfe Creek, Австралия",2025-12-31,2023-01-01,10,Copernicus GLO-30 (~30 м),300,327,161,371.6875,457.5,6.050170749050721,"{""type"":""Point"",""coordinates"":[127.79265993166642,-19.170753715102876]}"
674,333.0,-20.56667709350586,-14.768848419189453,5.797828197479248,292.5,-19.171792298689898,127.79529592248608,"Wolfe Creek, Австралия",2025-12-31,2023-01-01,10,Copernicus GLO-30 (~30 м),330,327,103,371.6875,457.5,25.635801071777344,"{""type"":""Point"",""coordinates"":[127.79239633258445,-19.17064985674417]}"
675,342.0,-16.334514617919922,-7.674563407897949,8.659950256347656,292.5,-19.171792298689898,127.79529592248608,"Wolfe Creek, Австралия",2025-12-31,2023-01-01,10,Copernicus GLO-30 (~30 м),360,327,73,371.6875,457.5,36.5727056518557,"{""type"":""Point"",""coordinates"":[127.7921327335025,-19.170545998385474]}"
676,356.0,-13.08730411529541,-1.4165992736816406,11.67070484161377,292.5,-19.171792298689898,127.79529592248608,"Wolfe Creek, Австралия",2025-12-31,2023-01-01,10,Copernicus GLO-30 (~30 м),390,327,103,371.6875,457.5,26.039548205216853,"{""type"":""Point"",""coordinates"":[127.79186913442052,-19.17044214002677]}"
677,365.0,-16.52675437927246,-7.474737644195557,9.052017211914062,292.5,-19.171792298689898,127.79529592248608,"Wolfe Creek, Австралия",2025-12-31,2023-01-01,10,Copernicus GLO-30 (~30 м),420,327,161,371.6875,457.5,6.05015838165373,"{""type"":""Point"",""coordinates"":[127.79160553533855,-19.170338281668066]}"
678,367.0,-21.657564163208008,-13.233043670654297,8.424519538879395,292.5,-19.171792298689898,127.79529592248608,"Wolfe Creek, Австралия",2025-12-31,2023-01-01,10,Copernicus GLO-30 (~30 м),450,327,209,371.6875,457.5,9.513442783985305,"{""type"":""Point"",""coordinates"":[127.7913419362566,-19.170234423309363]}"
679,362.0,-21.774656295776367,-15.151992797851562,6.622662544250488,292.5,-19.171792298689898,127.79529592248608,"Wolfe Creek, Австралия",2025-12-31,2023-01-01,10,Copernicus GLO-30 (~30 м),480,327,208,371.6875,457.5,10.817393601726247,"{""type"":""Point"",""coordinates"":[127.79107833717462,-19.17013056495066]}"
680,359.0,-21.676504135131836,-14.452614784240723,7.223888874053955,292.5,-19.171792298689898,127.79529592248608,"Wolfe Creek, Австралия",2025-12-31,2023-01-01,10,Copernicus GLO-30 (~30 м),510,327,199,371.6875,457.5,6.050146014017366,"{""type"":""Point"",""coordinates"":[127.79081473809265,-19.170026706591962]}"
681,357.0,-21.800764083862305,-13.638324737548828,8.16243839263916,292.5,-19.171792298689898,127.79529592248608,"Wolfe Creek, Австралия",2025-12-31,2023-01-01,10,Copernicus GLO-30 (~30 м),540,327,180,371.6875,457.5,0.0,"{""type"":""Point"",""coordinates"":[127.7905511390107,-19.169922848233256]}"
682,355.0,-22.28147315979004,-15.56374454498291,6.717728614807129,292.5,-19.171792298689898,127.79529592248608,"Wolfe Creek, Австралия",2025-12-31,2023-01-01,10,Copernicus GLO-30 (~30 м),570,327,180,371.6875,457.5,3.033524500922354,"{""type"":""Point"",""coordinates"":[127.7902875399287,-19.169818989874557]}"
683,354.0,-21.987201690673828,-14.615825653076172,7.371376991271973,292.5,-19.171792298689898,127.79529592248608,"Wolfe Creek, Австралия",2025-12-31,2023-01-01,10,Copernicus GLO-30 (~30 м),600,327,190,371.6875,457.5,3.033522942062085,"{""type"":""Point"",""coordinates"":[127.79002394084675,-19.169715131515854]}"
684,354.0,-22.799039840698242,-16.04855728149414,6.750482082366943,292.5,-19.171792298689898,127.79529592248608,"Wolfe Creek, Австралия",2025-12-31,2023-01-01,10,Copernicus GLO-30 (~30 м),630,327,180,371.6875,457.5,3.0335213832130927,"{""type"":""Point"",""coordinates"":[127.78976034176478,-19.169611273157148]}"
685,353.0,-22.305002212524414,-14.904616355895996,7.400386810302734,292.5,-19.171792298689898,127.79529592248608,"Wolfe Creek, Австралия",2025-12-31,2023-01-01,10,Copernicus GLO-30 (~30 м),660,327,180,371.6875,457.5,0.0,"{""type"":""Point"",""coordinates"":[127.7894967426828,-19.16950741479845]}"
686,352.0,-22.68109893798828,-16.225191116333008,6.455907344818115,292.5,-19.171792298689898,127.79529592248608,"Wolfe Creek, Австралия",2025-12-31,2023-01-01,10,Copernicus GLO-30 (~30 м),690,327,190,371.6875,457.5,3.0335182655794766,"{""type"":""Point"",""coordinates"":[127.78923314360085,-19.169403556439743]}"
687,352.0,-22.68882942199707,-15.92174243927002,6.767086029052734,292.5,-19.171792298689898,127.79529592248608,"Wolfe Creek, Австралия",2025-12-31,2023-01-01,10,Copernicus GLO-30 (~30 м),720,327,171,371.6875,457.5,4.286038683239635,"{""type"":""Point"",""coordinates"":[127.78896954451888,-19.16929969808104]}"
688,352.0,-23.477209091186523,-15.82599925994873,7.651209831237793,292.5,-19.171792298689898,127.79529592248608,"Wolfe Creek, Австралия",2025-12-31,2023-01-01,10,Copernicus GLO-30 (~30 м),750,327,180,371.6875,457.5,0.0,"{""type"":""Point"",""coordinates"":[127.78870594543692,-19.16919583972234]}"
689,353.0,-24.827333450317383,-16.507108688354492,8.320223808288574,292.5,-19.171792298689898,127.79529592248608,"Wolfe Creek, Австралия",2025-12-31,2023-01-01,10,Copernicus GLO-30 (~30 м),780,327,171,371.6875,457.5,4.286034286535327,"{""type"":""Point"",""coordinates"":[127.78844234635496,-19.16909198136364]}"
690,352.0,-23.332813262939453,-16.69520378112793,6.637609481811523,292.5,-19.171792298689898,127.79529592248608,"Wolfe Creek, Австралия",2025-12-31,2023-01-01,10,Copernicus GLO-30 (~30 м),810,327,180,371.6875,457.5,0.0,"{""type"":""Point"",""coordinates"":[127.788178747273,-19.16898812300494]}"
691,353.0,-25.33980941772461,-16.72312355041504,8.61668586730957,292.5,-19.171792298689898,127.79529592248608,"Wolfe Creek, Австралия",2025-12-31,2023-01-01,10,Copernicus GLO-30 (~30 м),840,327,171,371.6875,457.5,3.0335073535680857,"{""type"":""Point"",""coordinates"":[127.78791514819102,-19.16888426464623]}"
692,353.0,-24.43655776977539,-16.589738845825195,7.846819877624512,292.5,-19.171792298689898,127.79529592248608,"Wolfe Creek, Австралия",2025-12-31,2023-01-01,10,Copernicus GLO-30 (~30 м),870,327,180,371.6875,457.5,3.0335057952065383,"{""type"":""Point"",""coordinates"":[127.78765154910907,-19.16878040628753]}"
693,353.0,-22.639799118041992,-15.298404693603516,7.341394424438477,292.5,-19.171792298689898,127.79529592248608,"Wolfe Creek, Австралия",2025-12-31,2023-01-01,10,Copernicus GLO-30 (~30 м),900,327,190,371.6875,457.5,3.0335042367728264,"{""type"":""Point"",""coordinates"":[127.7873879500271,-19.16867654792883]}"
694,352.0,-22.694028854370117,-16.549495697021484,6.144533634185791,292.5,-19.171792298689898,127.79529592248608,"Wolfe Creek, Австралия",2025-12-31,2023-01-01,10,Copernicus GLO-30 (~30 м),930,327,190,371.6875,457.5,3.03350267778762,"{""type"":""Point"",""coordinates"":[127.78712435094512,-19.168572689570126]}"
695,351.0,-23.407087326049805,-16.003313064575195,7.403772354125977,292.5,-19.171792298689898,127.79529592248608,"Wolfe Creek, Австралия",2025-12-31,2023-01-01,10,Copernicus GLO-30 (~30 м),960,327,190,371.6875,457.5,4.28601889837996,"{""type"":""Point"",""coordinates"":[127.78686075186314,-19.168468831211424]}"
696,351.0,-23.493621826171875,-16.570890426635742,6.922732830047607,292.5,-19.171792298689898,127.79529592248608,"Wolfe Creek, Австралия",2025-12-31,2023-01-01,10,Copernicus GLO-30 (~30 м),990,327,190,371.6875,457.5,3.0334980015951136,"{""type"":""Point"",""coordinates"":[127.7865971527812,-19.16836497285272]}"
697,350.0,-22.7923583984375,-15.712581634521484,7.079777717590332,292.5,-19.171792298689898,127.79529592248608,"Wolfe Creek, Австралия",2025-12-31,2023-01-01,10,Copernicus GLO-30 (~30 м),1020,327,180,371.6875,457.5,3.0334964429104643,"{""type"":""Point"",""coordinates"":[127.78633355369922,-19.16826111449402]}"
698,351.0,-21.347156524658203,-14.749344825744629,6.597812175750732,292.5,-19.171792298689898,127.79529592248608,"Wolfe Creek, Австралия",2025-12-31,2023-01-01,10,Copernicus GLO-30 (~30 м),1050,327,180,371.6875,457.5,3.0334948841472307,"{""type"":""Point"",""coordinates"":[127.78606995461725,-19.168157256135316]}"
699,351.0,-20.83377456665039,-14.918097496032715,5.915677547454834,292.5,-19.171792298689898,127.79529592248608,"Wolfe Creek, Австралия",2025-12-31,2023-01-01,10,Copernicus GLO-30 (~30 м),1080,327,180,371.6875,457.5,0.0,"{""type"":""Point"",""coordinates"":[127.7858063555353,-19.16805339777661]}"
700,351.0,-21.55613899230957,-14.26830005645752,7.287838459014893,292.5,-19.171792298689898,127.79529592248608,"Wolfe Creek, Австралия",2025-12-31,2023-01-01,10,Copernicus GLO-30 (~30 м),1110,327,180,371.6875,457.5,0.0,"{""type"":""Point"",""coordinates"":[127.78554275645332,-19.167949539417908]}"
701,350.0,-20.715557098388672,-14.161454200744629,6.554103851318359,292.5,-19.171792298689898,127.79529592248608,"Wolfe Creek, Австралия",2025-12-31,2023-01-01,10,Copernicus GLO-30 (~30 м),1140,327,180,371.6875,457.5,0.0,"{""type"":""Point"",""coordinates"":[127.78527915737135,-19.16784568105921]}"
702,349.0,-20.057010650634766,-13.485249519348145,6.571760177612305,292.5,-19.171792298689898,127.79529592248608,"Wolfe Creek, Австралия",2025-12-31,2023-01-01,10,Copernicus GLO-30 (~30 м),1170,327,180,371.6875,457.5,0.0,"{""type"":""Point"",""coordinates"":[127.78501555828937,-19.16774182270051]}"
703,349.0,-19.432825088500977,-13.835491180419922,5.597333908081055,292.5,-19.171792298689898,127.79529592248608,"Wolfe Creek, Австралия",2025-12-31,2023-01-01,10,Copernicus GLO-30 (~30 м),1200,327,180,371.6875,457.5,3.0334855319817593,"{""type"":""Point"",""coordinates"":[127.78475195920743,-19.1676379643418]}"
704,350.0,-20.16160774230957,-14.361536026000977,5.800072193145752,292.5,-19.171792298689898,127.79529592248608,"Wolfe Creek, Австралия",2025-12-31,2023-01-01,10,Copernicus GLO-30 (~30 м),1230,327,180,371.6875,457.5,3.033483973483276,"{""type"":""Point"",""coordinates"":[127.78448836012545,-19.16753410598311]}"
705,350.0,-19.63945770263672,-14.074873924255371,5.564582824707031,292.5,-19.171792298689898,127.79529592248608,"Wolfe Creek, Австралия",2025-12-31,2023-01-01,10,Copernicus GLO-30 (~30 м),1260,327,180,371.6875,457.5,0.0,"{""type"":""Point"",""coordinates"":[127.78422476104348,-19.167430247624402]}"
706,349.0,-20.111927032470703,-13.838706016540527,6.273221015930176,292.5,-19.171792298689898,127.79529592248608,"Wolfe Creek, Австралия",2025-12-31,2023-01-01,10,Copernicus GLO-30 (~30 м),1290,327,190,371.6875,457.5,4.285988124356206,"{""type"":""Point"",""coordinates"":[127.78396116196151,-19.1673263892657]}"
707,349.0,-19.420394897460938,-13.27613639831543,6.144258499145508,292.5,-19.171792298689898,127.79529592248608,"Wolfe Creek, Австралия",2025-12-31,2023-01-01,10,Copernicus GLO-30 (~30 м),1320,327,180,371.6875,457.5,0.0,"{""type"":""Point"",""coordinates"":[127.78369756287955,-19.167222530906997]}"
708,350.0,-18.321897506713867,-13.190086364746094,5.131811141967773,292.5,-19.171792298689898,127.79529592248608,"Wolfe Creek, Австралия",2025-12-31,2023-01-01,10,Copernicus GLO-30 (~30 м),1350,327,171,371.6875,457.5,4.2859837282327975,"{""type"":""Point"",""coordinates"":[127.78343396379759,-19.167118672548295]}"
709,350.0,-19.415203094482422,-14.518064498901367,4.897139072418213,292.5,-19.171792298689898,127.79529592248608,"Wolfe Creek, Австралия",2025-12-31,2023-01-01,10,Copernicus GLO-30 (~30 м),1380,327,171,371.6875,457.5,3.0334730630323827,"{""type"":""Point"",""coordinates"":[127.78317036471562,-19.167014814189592]}"
710,349.0,-21.208925247192383,-14.536378860473633,6.672545433044434,292.5,-19.171792298689898,127.79529592248608,"Wolfe Creek, Австралия",2025-12-31,2023-01-01,10,Copernicus GLO-30 (~30 м),1410,327,190,371.6875,457.5,3.0334715044354383,"{""type"":""Point"",""coordinates"":[127.78290676563367,-19.16691095583089]}"
711,347.0,-20.2633113861084,-14.36365032196045,5.899662017822266,292.5,-19.171792298689898,127.79529592248608,"Wolfe Creek, Австралия",2025-12-31,2023-01-01,10,Copernicus GLO-30 (~30 м),1440,327,199,371.6875,457.5,6.050028538211191,"{""type"":""Point"",""coordinates"":[127.7826431665517,-19.166807097472187]}"
712,346.0,-21.171358108520508,-14.85976505279541,6.3115925788879395,292.5,-19.171792298689898,127.79529592248608,"Wolfe Creek, Австралия",2025-12-31,2023-01-01,10,Copernicus GLO-30 (~30 м),1470,327,190,371.6875,457.5,4.285972738010918,"{""type"":""Point"",""coordinates"":[127.78237956746972,-19.166703239113485]}"
713,346.0,-22.388715744018555,-15.72599983215332,6.662716865539551,292.5,-19.171792298689898,127.79529592248608,"Wolfe Creek, Австралия",2025-12-31,2023-01-01,10,Copernicus GLO-30 (~30 м),1500,327,180,371.6875,457.5,0.0,"{""type"":""Point"",""coordinates"":[127.78211596838777,-19.16659938075478]}"
714,327.0,-27.43694496154785,-21.397397994995117,6.039547443389893,315,-19.171792298689898,127.79529592248608,"Wolfe Creek, Австралия",2025-12-31,2023-01-01,10,Copernicus GLO-30 (~30 м),0,327,180,371.6875,457.5,0.0,"{""type"":""Point"",""coordinates"":[127.79529592248608,-19.1717922986899]}"
715,327.0,-27.687543869018555,-22.533245086669922,5.154298305511475,315,-19.171792298689898,127.79529592248608,"Wolfe Creek, Австралия",2025-12-31,2023-01-01,10,Copernicus GLO-30 (~30 м),30,327,180,371.6875,457.5,0.0,"{""type"":""Point"",""coordinates"":[127.79509417248316,-19.17160039346613]}"
716,327.0,-29.19656753540039,-22.160234451293945,7.036332130432129,315,-19.171792298689898,127.79529592248608,"Wolfe Creek, Австралия",2025-12-31,2023-01-01,10,Copernicus GLO-30 (~30 м),60,327,190,371.6875,457.5,3.0335541205631573,"{""type"":""Point"",""coordinates"":[127.79489242248027,-19.17140848824236]}"
717,326.0,-26.375682830810547,-20.350688934326172,6.024993896484375,315,-19.171792298689898,127.79529592248608,"Wolfe Creek, Австралия",2025-12-31,2023-01-01,10,Copernicus GLO-30 (~30 м),90,327,161,371.6875,457.5,6.050189300588008,"{""type"":""Point"",""coordinates"":[127.79469067247736,-19.171216583018587]}"
718,328.0,-23.397022247314453,-15.751005172729492,7.646017551422119,315,-19.171792298689898,127.79529592248608,"Wolfe Creek, Австралия",2025-12-31,2023-01-01,10,Copernicus GLO-30 (~30 м),120,327,180,371.6875,457.5,0.0,"{""type"":""Point"",""coordinates"":[127.79448892247444,-19.171024677794815]}"
719,330.0,-20.05466079711914,-11.903460502624512,8.151199340820312,315,-19.171792298689898,127.79529592248608,"Wolfe Creek, Австралия",2025-12-31,2023-01-01,10,Copernicus GLO-30 (~30 м),150,327,161,371.6875,457.5,6.050173840936785,"{""type"":""Point"",""coordinates"":[127.79428717247153,-19.170832772571046]}"
720,329.0,-19.464120864868164,-12.921785354614258,6.542336463928223,315,-19.171792298689898,127.79529592248608,"Wolfe Creek, Австралия",2025-12-31,2023-01-01,10,Copernicus GLO-30 (~30 м),180,327,180,371.6875,457.5,3.033540089881647,"{""type"":""Point"",""coordinates"":[127.79408542246861,-19.170640867347274]}"
721,329.0,-19.274578094482422,-12.655807495117188,6.618771076202393,315,-19.171792298689898,127.79529592248608,"Wolfe Creek, Австралия",2025-12-31,2023-01-01,10,Copernicus GLO-30 (~30 м),210,327,180,371.6875,457.5,3.0335369718234255,"{""type"":""Point"",""coordinates"":[127.7938836724657,-19.17044896212351]}"
722,329.0,-19.065818786621094,-13.666200637817383,5.399618148803711,315,-19.171792298689898,127.79529592248608,"Wolfe Creek, Австралия",2025-12-31,2023-01-01,10,Copernicus GLO-30 (~30 м),240,327,180,371.6875,457.5,0.0,"{""type"":""Point"",""coordinates"":[127.79368192246281,-19.170257056899732]}"
723,331.0,-19.50687026977539,-13.644021987915039,5.862847328186035,315,-19.171792298689898,127.79529592248608,"Wolfe Creek, Австралия",2025-12-31,2023-01-01,10,Copernicus GLO-30 (~30 м),270,327,180,371.6875,457.5,0.0,"{""type"":""Point"",""coordinates"":[127.7934801724599,-19.170065151675963]}"
724,331.0,-18.35014533996582,-13.460421562194824,4.889723300933838,315,-19.171792298689898,127.79529592248608,"Wolfe Creek, Австралия",2025-12-31,2023-01-01,10,Copernicus GLO-30 (~30 м),300,327,180,371.6875,457.5,6.05013983044898,"{""type"":""Point"",""coordinates"":[127.79327842245698,-19.16987324645219]}"
725,333.0,-20.260683059692383,-14.907328605651855,5.3533549308776855,315,-19.171792298689898,127.79529592248608,"Wolfe Creek, Австралия",2025-12-31,2023-01-01,10,Copernicus GLO-30 (~30 м),330,327,180,371.6875,457.5,0.0,"{""type"":""Point"",""coordinates"":[127.79307667245405,-19.169681341228422]}"
726,346.0,-18.09839630126953,-11.307280540466309,6.7911152839660645,315,-19.171792298689898,127.79529592248608,"Wolfe Creek, Австралия",2025-12-31,2023-01-01,10,Copernicus GLO-30 (~30 м),360,327,113,371.6875,457.5,27.92110059484818,"{""type"":""Point"",""coordinates"":[127.79287492245113,-19.16948943600465]}"
727,357.0,-13.395212173461914,-2.7713449001312256,10.62386703491211,315,-19.171792298689898,127.79529592248608,"Wolfe Creek, Австралия",2025-12-31,2023-01-01,10,Copernicus GLO-30 (~30 м),390,327,99,371.6875,457.5,39.50212470394346,"{""type"":""Point"",""coordinates"":[127.79267317244825,-19.16929753078088]}"
728,368.0,-11.415117263793945,-0.6449832320213318,10.770133972167969,315,-19.171792298689898,127.79529592248608,"Wolfe Creek, Австралия",2025-12-31,2023-01-01,10,Copernicus GLO-30 (~30 м),420,327,180,371.6875,457.5,11.96823600290841,"{""type"":""Point"",""coordinates"":[127.79247142244533,-19.16910562555711]}"
729,377.0,-15.345877647399902,-6.583656311035156,8.762221336364746,315,-19.171792298689898,127.79529592248608,"Wolfe Creek, Австралия",2025-12-31,2023-01-01,10,Copernicus GLO-30 (~30 м),450,327,134,371.6875,457.5,14.840686406812175,"{""type"":""Point"",""coordinates"":[127.79226967244242,-19.168913720333336]}"
730,375.0,-19.36128044128418,-14.179728507995605,5.1815505027771,315,-19.171792298689898,127.79529592248608,"Wolfe Creek, Австралия",2025-12-31,2023-01-01,10,Copernicus GLO-30 (~30 м),480,327,199,371.6875,457.5,6.757956313032168,"{""type"":""Point"",""coordinates"":[127.79206792243953,-19.168721815109567]}"
731,374.0,-21.309471130371094,-12.424473762512207,8.884997367858887,315,-19.171792298689898,127.79529592248608,"Wolfe Creek, Австралия",2025-12-31,2023-01-01,10,Copernicus GLO-30 (~30 м),510,327,224,371.6875,457.5,22.48452732329956,"{""type"":""Point"",""coordinates"":[127.79186617243661,-19.168529909885798]}"
732,366.0,-21.003896713256836,-11.646966934204102,9.356928825378418,315,-19.171792298689898,127.79529592248608,"Wolfe Creek, Австралия",2025-12-31,2023-01-01,10,Copernicus GLO-30 (~30 м),540,327,180,371.6875,457.5,0.0,"{""type"":""Point"",""coordinates"":[127.7916644224337,-19.168338004662026]}"
733,361.0,-20.15287208557129,-11.42735767364502,8.72551441192627,315,-19.171792298689898,127.79529592248608,"Wolfe Creek, Австралия",2025-12-31,2023-01-01,10,Copernicus GLO-30 (~30 м),570,327,180,371.6875,457.5,6.050077998795254,"{""type"":""Point"",""coordinates"":[127.79146267243078,-19.16814609943826]}"
734,356.0,-21.432767868041992,-14.396803855895996,7.035963535308838,315,-19.171792298689898,127.79529592248608,"Wolfe Creek, Австралия",2025-12-31,2023-01-01,10,Copernicus GLO-30 (~30 м),600,327,190,371.6875,457.5,4.286003511425657,"{""type"":""Point"",""coordinates"":[127.79126092242787,-19.167954194214488]}"
735,356.0,-22.2156982421875,-15.415265083312988,6.800434112548828,315,-19.171792298689898,127.79529592248608,"Wolfe Creek, Австралия",2025-12-31,2023-01-01,10,Copernicus GLO-30 (~30 м),630,327,190,371.6875,457.5,3.0334870909791016,"{""type"":""Point"",""coordinates"":[127.79105917242495,-19.167762288990712]}"
736,355.0,-21.700048446655273,-15.33790111541748,6.362148284912109,315,-19.171792298689898,127.79529592248608,"Wolfe Creek, Австралия",2025-12-31,2023-01-01,10,Copernicus GLO-30 (~30 м),660,327,180,371.6875,457.5,0.0,"{""type"":""Point"",""coordinates"":[127.79085742242205,-19.167570383766947]}"
737,356.0,-22.1754150390625,-15.608643531799316,6.566771507263184,315,-19.171792298689898,127.79529592248608,"Wolfe Creek, Австралия",2025-12-31,2023-01-01,10,Copernicus GLO-30 (~30 м),690,327,171,371.6875,457.5,4.2859903226558975,"{""type"":""Point"",""coordinates"":[127.79065567241913,-19.16737847854317]}"
738,355.0,-22.68195915222168,-16.12397575378418,6.557981967926025,315,-19.171792298689898,127.79529592248608,"Wolfe Creek, Австралия",2025-12-31,2023-01-01,10,Copernicus GLO-30 (~30 м),720,327,190,371.6875,457.5,4.2859837284016695,"{""type"":""Point"",""coordinates"":[127.79045392241622,-19.16718657331941]}"
739,354.0,-22.02281379699707,-16.049705505371094,5.973110198974609,315,-19.171792298689898,127.79529592248608,"Wolfe Creek, Австралия",2025-12-31,2023-01-01,10,Copernicus GLO-30 (~30 м),750,327,180,371.6875,457.5,0.0,"{""type"":""Point"",""coordinates"":[127.7902521724133,-19.166994668095633]}"
740,354.0,-21.80921173095703,-14.903528213500977,6.905684471130371,315,-19.171792298689898,127.79529592248608,"Wolfe Creek, Австралия",2025-12-31,2023-01-01,10,Copernicus GLO-30 (~30 м),780,327,180,371.6875,457.5,3.0334699459279677,"{""type"":""Point"",""coordinates"":[127.79005042241039,-19.166802762871864]}"
741,355.0,-20.908445358276367,-15.284198760986328,5.624247074127197,315,-19.171792298689898,127.79529592248608,"Wolfe Creek, Австралия",2025-12-31,2023-01-01,10,Copernicus GLO-30 (~30 м),810,327,180,371.6875,457.5,0.0,"{""type"":""Point"",""coordinates"":[127.7898486724075,-19.16661085764809]}"
742,357.0,-20.3424072265625,-14.75949478149414,5.582912921905518,315,-19.171792298689898,127.79529592248608,"Wolfe Creek, Австралия",2025-12-31,2023-01-01,10,Copernicus GLO-30 (~30 м),840,327,180,371.6875,457.5,0.0,"{""type"":""Point"",""coordinates"":[127.78964692240459,-19.166418952424323]}"
743,359.0,-18.91982078552246,-13.648221969604492,5.271598815917969,315,-19.171792298689898,127.79529592248608,"Wolfe Creek, Австралия",2025-12-31,2023-01-01,10,Copernicus GLO-30 (~30 м),870,327,180,371.6875,457.5,6.050006899984402,"{""type"":""Point"",""coordinates"":[127.78944517240167,-19.16622704720055]}"
744,358.0,-20.21071434020996,-14.865443229675293,5.345270156860352,315,-19.171792298689898,127.79529592248608,"Wolfe Creek, Австралия",2025-12-31,2023-01-01,10,Copernicus GLO-30 (~30 м),900,327,190,371.6875,457.5,3.033455918875106,"{""type"":""Point"",""coordinates"":[127.78924342239878,-19.16603514197678]}"
745,358.0,-20.422576904296875,-14.762862205505371,5.65971565246582,315,-19.171792298689898,127.79529592248608,"Wolfe Creek, Австралия",2025-12-31,2023-01-01,10,Copernicus GLO-30 (~30 м),930,327,190,371.6875,457.5,3.03345280161281,"{""type"":""Point"",""coordinates"":[127.78904167239587,-19.16584323675301]}"
746,355.0,-19.64755630493164,-14.038374900817871,5.609182357788086,315,-19.171792298689898,127.79529592248608,"Wolfe Creek, Австралия",2025-12-31,2023-01-01,10,Copernicus GLO-30 (~30 м),960,327,190,371.6875,457.5,6.7578287896271965,"{""type"":""Point"",""coordinates"":[127.78883992239295,-19.16565133152924]}"
747,354.0,-20.33440589904785,-13.764728546142578,6.569677352905273,315,-19.171792298689898,127.79529592248608,"Wolfe Creek, Австралия",2025-12-31,2023-01-01,10,Copernicus GLO-30 (~30 м),990,327,180,371.6875,457.5,3.033445009449444,"{""type"":""Point"",""coordinates"":[127.78863817239004,-19.16545942630547]}"
748,352.0,-20.019330978393555,-14.2223482131958,5.7969818115234375,315,-19.171792298689898,127.79529592248608,"Wolfe Creek, Австралия",2025-12-31,2023-01-01,10,Copernicus GLO-30 (~30 м),1020,327,190,371.6875,457.5,3.033441892746273,"{""type"":""Point"",""coordinates"":[127.78843642238712,-19.1652675210817]}"
749,352.0,-20.283334732055664,-14.735089302062988,5.548245429992676,315,-19.171792298689898,127.79529592248608,"Wolfe Creek, Австралия",2025-12-31,2023-01-01,10,Copernicus GLO-30 (~30 м),1050,327,190,371.6875,457.5,3.0334387756178676,"{""type"":""Point"",""coordinates"":[127.7882346723842,-19.16507561585793]}"
750,350.0,-21.94794273376465,-15.20401382446289,6.743929862976074,315,-19.171792298689898,127.79529592248608,"Wolfe Creek, Австралия",2025-12-31,2023-01-01,10,Copernicus GLO-30 (~30 м),1080,327,180,371.6875,457.5,3.033434100221467,"{""type"":""Point"",""coordinates"":[127.7880329223813,-19.164883710634157]}"
751,350.0,-22.435701370239258,-15.785592079162598,6.650108814239502,315,-19.171792298689898,127.79529592248608,"Wolfe Creek, Австралия",2025-12-31,2023-01-01,10,Copernicus GLO-30 (~30 м),1110,327,180,371.6875,457.5,0.0,"{""type"":""Point"",""coordinates"":[127.78783117237839,-19.16469180541039]}"
752,349.0,-23.275440216064453,-16.754697799682617,6.5207414627075195,315,-19.171792298689898,127.79529592248608,"Wolfe Creek, Австралия",2025-12-31,2023-01-01,10,Copernicus GLO-30 (~30 м),1140,327,180,371.6875,457.5,3.0334278667018637,"{""type"":""Point"",""coordinates"":[127.7876294223755,-19.164499900186616]}"
753,349.0,-24.31757164001465,-16.153072357177734,8.16450023651123,315,-19.171792298689898,127.79529592248608,"Wolfe Creek, Австралия",2025-12-31,2023-01-01,10,Copernicus GLO-30 (~30 м),1170,327,180,371.6875,457.5,3.033424750015045,"{""type"":""Point"",""coordinates"":[127.78742767237259,-19.164307994962847]}"
754,349.0,-22.72386360168457,-15.921741485595703,6.802122116088867,315,-19.171792298689898,127.79529592248608,"Wolfe Creek, Австралия",2025-12-31,2023-01-01,10,Copernicus GLO-30 (~30 м),1200,327,180,371.6875,457.5,6.0499296268203056,"{""type"":""Point"",""coordinates"":[127.78722592236967,-19.164116089739075]}"
755,350.0,-24.370637893676758,-16.270217895507812,8.100420951843262,315,-19.171792298689898,127.79529592248608,"Wolfe Creek, Австралия",2025-12-31,2023-01-01,10,Copernicus GLO-30 (~30 м),1230,327,190,371.6875,457.5,3.033416958468025,"{""type"":""Point"",""coordinates"":[127.78702417236676,-19.16392418451531]}"
756,350.0,-22.426733016967773,-15.264615058898926,7.162118911743164,315,-19.171792298689898,127.79529592248608,"Wolfe Creek, Австралия",2025-12-31,2023-01-01,10,Copernicus GLO-30 (~30 м),1260,327,190,371.6875,457.5,3.0334138410986733,"{""type"":""Point"",""coordinates"":[127.78682242236384,-19.163732279291537]}"
757,349.0,-23.653614044189453,-15.474448204040527,8.179165840148926,315,-19.171792298689898,127.79529592248608,"Wolfe Creek, Австралия",2025-12-31,2023-01-01,10,Copernicus GLO-30 (~30 м),1290,327,180,371.6875,457.5,0.0,"{""type"":""Point"",""coordinates"":[127.78662067236093,-19.163540374067765]}"
758,349.0,-23.318788528442383,-15.157119750976562,8.16166877746582,315,-19.171792298689898,127.79529592248608,"Wolfe Creek, Австралия",2025-12-31,2023-01-01,10,Copernicus GLO-30 (~30 м),1320,327,180,371.6875,457.5,0.0,"{""type"":""Point"",""coordinates"":[127.78641892235804,-19.163348468843992]}"
759,350.0,-23.070833206176758,-16.332509994506836,6.7383222579956055,315,-19.171792298689898,127.79529592248608,"Wolfe Creek, Австралия",2025-12-31,2023-01-01,10,Copernicus GLO-30 (~30 м),1350,327,171,371.6875,457.5,4.285880431327876,"{""type"":""Point"",""coordinates"":[127.78621717235512,-19.163156563620223]}"
760,350.0,-24.086809158325195,-16.117053985595703,7.969756126403809,315,-19.171792298689898,127.79529592248608,"Wolfe Creek, Австралия",2025-12-31,2023-01-01,10,Copernicus GLO-30 (~30 м),1380,327,180,371.6875,457.5,0.0,"{""type"":""Point"",""coordinates"":[127.78601542235221,-19.16296465839645]}"
761,350.0,-23.22018051147461,-15.705557823181152,7.514623165130615,315,-19.171792298689898,127.79529592248608,"Wolfe Creek, Австралия",2025-12-31,2023-01-01,10,Copernicus GLO-30 (~30 м),1410,327,180,371.6875,457.5,0.0,"{""type"":""Point"",""coordinates"":[127.78581367234928,-19.162772753172685]}"
762,350.0,-24.083452224731445,-16.71487045288086,7.368581295013428,315,-19.171792298689898,127.79529592248608,"Wolfe Creek, Австралия",2025-12-31,2023-01-01,10,Copernicus GLO-30 (~30 м),1440,327,180,371.6875,457.5,0.0,"{""type"":""Point"",""coordinates"":[127.78561192234636,-19.162580847948913]}"
763,351.0,-24.439559936523438,-16.792190551757812,7.64736795425415,315,-19.171792298689898,127.79529592248608,"Wolfe Creek, Австралия",2025-12-31,2023-01-01,10,Copernicus GLO-30 (~30 м),1470,327,171,371.6875,457.5,4.285860653489227,"{""type"":""Point"",""coordinates"":[127.78541017234345,-19.16238894272514]}"
764,350.0,-23.575963973999023,-15.964141845703125,7.611822128295898,315,-19.171792298689898,127.79529592248608,"Wolfe Creek, Австралия",2025-12-31,2023-01-01,10,Copernicus GLO-30 (~30 м),1500,327,171,371.6875,457.5,3.033385793297981,"{""type"":""Point"",""coordinates"":[127.78520842234056,-19.162197037501368]}"
765,327.0,-27.43694496154785,-21.397397994995117,6.039547443389893,337.5,-19.171792298689898,127.79529592248608,"Wolfe Creek, Австралия",2025-12-31,2023-01-01,10,Copernicus GLO-30 (~30 м),0,327,180,371.6875,457.5,0.0,"{""type"":""Point"",""coordinates"":[127.79529592248608,-19.1717922986899]}"
766,327.0,-27.720245361328125,-23.06709098815918,4.653153419494629,337.5,-19.171792298689898,127.79529592248608,"Wolfe Creek, Австралия",2025-12-31,2023-01-01,10,Copernicus GLO-30 (~30 м),30,327,180,371.6875,457.5,0.0,"{""type"":""Point"",""coordinates"":[127.7951867361713,-19.171541562431756]}"
767,327.0,-28.636940002441406,-23.100980758666992,5.535959243774414,337.5,-19.171792298689898,127.79529592248608,"Wolfe Creek, Австралия",2025-12-31,2023-01-01,10,Copernicus GLO-30 (~30 м),60,327,180,371.6875,457.5,0.0,"{""type"":""Point"",""coordinates"":[127.79507754985652,-19.171290826173607]}"
768,327.0,-28.331743240356445,-21.387052536010742,6.944690704345703,337.5,-19.171792298689898,127.79529592248608,"Wolfe Creek, Австралия",2025-12-31,2023-01-01,10,Copernicus GLO-30 (~30 м),90,327,180,371.6875,457.5,0.0,"{""type"":""Point"",""coordinates"":[127.79496836354174,-19.17104008991546]}"
769,326.0,-26.360227584838867,-19.104448318481445,7.255778789520264,337.5,-19.171792298689898,127.79529592248608,"Wolfe Creek, Австралия",2025-12-31,2023-01-01,10,Copernicus GLO-30 (~30 м),120,327,190,371.6875,457.5,3.0335432073541573,"{""type"":""Point"",""coordinates"":[127.79485917722697,-19.17078935365732]}"
770,326.0,-21.72378158569336,-13.315977096557617,8.407804489135742,337.5,-19.171792298689898,127.79529592248608,"Wolfe Creek, Австралия",2025-12-31,2023-01-01,10,Copernicus GLO-30 (~30 м),150,327,180,371.6875,457.5,0.0,"{""type"":""Point"",""coordinates"":[127.79474999091218,-19.17053861739917]}"
771,327.0,-18.592100143432617,-10.9876070022583,7.604492664337158,337.5,-19.171792298689898,127.79529592248608,"Wolfe Creek, Австралия",2025-12-31,2023-01-01,10,Copernicus GLO-30 (~30 м),180,327,180,371.6875,457.5,0.0,"{""type"":""Point"",""coordinates"":[127.7946408045974,-19.17028788114103]}"
772,329.0,-20.181926727294922,-13.217849731445312,6.964076995849609,337.5,-19.171792298689898,127.79529592248608,"Wolfe Creek, Австралия",2025-12-31,2023-01-01,10,Copernicus GLO-30 (~30 м),210,327,180,371.6875,457.5,0.0,"{""type"":""Point"",""coordinates"":[127.79453161828262,-19.170037144882887]}"
773,331.0,-19.224451065063477,-13.347830772399902,5.876620769500732,337.5,-19.171792298689898,127.79529592248608,"Wolfe Creek, Австралия",2025-12-31,2023-01-01,10,Copernicus GLO-30 (~30 м),240,327,180,371.6875,457.5,6.0501367388363905,"{""type"":""Point"",""coordinates"":[127.79442243196785,-19.169786408624738]}"
774,331.0,-19.02953338623047,-13.96191120147705,5.06762170791626,337.5,-19.171792298689898,127.79529592248608,"Wolfe Creek, Австралия",2025-12-31,2023-01-01,10,Copernicus GLO-30 (~30 м),270,327,171,371.6875,457.5,3.0335198246390687,"{""type"":""Point"",""coordinates"":[127.79431324565306,-19.16953567236659]}"
775,332.0,-18.83330726623535,-13.8396577835083,4.993649959564209,337.5,-19.171792298689898,127.79529592248608,"Wolfe Creek, Австралия",2025-12-31,2023-01-01,10,Copernicus GLO-30 (~30 м),300,327,180,371.6875,457.5,3.0335151481307188,"{""type"":""Point"",""coordinates"":[127.79420405933828,-19.169284936108447]}"
776,335.0,-19.537057876586914,-14.030862808227539,5.506194591522217,337.5,-19.171792298689898,127.79529592248608,"Wolfe Creek, Австралия",2025-12-31,2023-01-01,10,Copernicus GLO-30 (~30 м),330,327,162,371.6875,457.5,10.817322911125409,"{""type"":""Point"",""coordinates"":[127.7940948730235,-19.169034199850305]}"
777,337.0,-16.33454704284668,-11.323996543884277,5.010550498962402,337.5,-19.171792298689898,127.79529592248608,"Wolfe Creek, Австралия",2025-12-31,2023-01-01,10,Copernicus GLO-30 (~30 м),360,327,163,371.6875,457.5,23.605389704700535,"{""type"":""Point"",""coordinates"":[127.79398568670872,-19.16878346359216]}"
778,345.0,-14.720102310180664,-9.273738861083984,5.44636344909668,337.5,-19.171792298689898,127.79529592248608,"Wolfe Creek, Австралия",2025-12-31,2023-01-01,10,Copernicus GLO-30 (~30 м),390,327,117,371.6875,457.5,34.16300111959876,"{""type"":""Point"",""coordinates"":[127.79387650039395,-19.168532727334014]}"
779,361.0,-15.416478157043457,-7.1749467849731445,8.241531372070312,337.5,-19.171792298689898,127.79529592248608,"Wolfe Creek, Австралия",2025-12-31,2023-01-01,10,Copernicus GLO-30 (~30 м),420,327,132,371.6875,457.5,31.716531058783723,"{""type"":""Point"",""coordinates"":[127.79376731407916,-19.16828199107587]}"
780,371.0,-16.7955265045166,-9.303836822509766,7.491689682006836,337.5,-19.171792298689898,127.79529592248608,"Wolfe Creek, Австралия",2025-12-31,2023-01-01,10,Copernicus GLO-30 (~30 м),450,327,180,371.6875,457.5,14.840606075728813,"{""type"":""Point"",""coordinates"":[127.79365812776439,-19.168031254817723]}"
781,376.0,-19.894224166870117,-13.037260055541992,6.856963634490967,337.5,-19.171792298689898,127.79529592248608,"Wolfe Creek, Австралия",2025-12-31,2023-01-01,10,Copernicus GLO-30 (~30 м),480,327,180,371.6875,457.5,0.0,"{""type"":""Point"",""coordinates"":[127.7935489414496,-19.167780518559574]}"
782,373.0,-21.407373428344727,-13.65149211883545,7.755880832672119,337.5,-19.171792298689898,127.79529592248608,"Wolfe Creek, Австралия",2025-12-31,2023-01-01,10,Copernicus GLO-30 (~30 м),510,327,218,371.6875,457.5,11.968122317830684,"{""type"":""Point"",""coordinates"":[127.79343975513483,-19.167529782301433]}"
783,362.0,-20.524494171142578,-11.907330513000488,8.617164611816406,337.5,-19.171792298689898,127.79529592248608,"Wolfe Creek, Австралия",2025-12-31,2023-01-01,10,Copernicus GLO-30 (~30 м),540,327,180,371.6875,457.5,20.352641949956926,"{""type"":""Point"",""coordinates"":[127.79333056882004,-19.16727904604329]}"
784,360.0,-21.390764236450195,-15.105673789978027,6.285089015960693,337.5,-19.171792298689898,127.79529592248608,"Wolfe Creek, Австралия",2025-12-31,2023-01-01,10,Copernicus GLO-30 (~30 м),570,327,180,371.6875,457.5,6.050037811409874,"{""type"":""Point"",""coordinates"":[127.79322138250527,-19.167028309785145]}"
785,360.0,-21.25666046142578,-15.134818077087402,6.121842861175537,337.5,-19.171792298689898,127.79529592248608,"Wolfe Creek, Австралия",2025-12-31,2023-01-01,10,Copernicus GLO-30 (~30 м),600,327,180,371.6875,457.5,6.050028537898903,"{""type"":""Point"",""coordinates"":[127.79311219619049,-19.166777573527]}"
786,362.0,-21.54684829711914,-16.09165382385254,5.455194473266602,337.5,-19.171792298689898,127.79529592248608,"Wolfe Creek, Австралия",2025-12-31,2023-01-01,10,Copernicus GLO-30 (~30 м),630,327,180,371.6875,457.5,3.0334652699782283,"{""type"":""Point"",""coordinates"":[127.7930030098757,-19.166526837268854]}"
787,364.0,-20.502120971679688,-16.086496353149414,4.415625095367432,337.5,-19.171792298689898,127.79529592248608,"Wolfe Creek, Австралия",2025-12-31,2023-01-01,10,Copernicus GLO-30 (~30 м),660,327,171,371.6875,457.5,4.285961748385262,"{""type"":""Point"",""coordinates"":[127.79289382356093,-19.16627610101071]}"
788,363.0,-20.64261245727539,-15.602636337280273,5.039975166320801,337.5,-19.171792298689898,127.79529592248608,"Wolfe Creek, Австралия",2025-12-31,2023-01-01,10,Copernicus GLO-30 (~30 м),690,327,180,371.6875,457.5,3.0334559188825865,"{""type"":""Point"",""coordinates"":[127.79278463724614,-19.166025364752564]}"
789,362.0,-21.650548934936523,-15.344866752624512,6.3056817054748535,337.5,-19.171792298689898,127.79529592248608,"Wolfe Creek, Австралия",2025-12-31,2023-01-01,10,Copernicus GLO-30 (~30 м),720,327,161,371.6875,457.5,6.049991444856115,"{""type"":""Point"",""coordinates"":[127.79267545093137,-19.165774628494418]}"
790,362.0,-21.581449508666992,-15.15603256225586,6.425417900085449,337.5,-19.171792298689898,127.79529592248608,"Wolfe Creek, Австралия",2025-12-31,2023-01-01,10,Copernicus GLO-30 (~30 м),750,327,171,371.6875,457.5,3.033446567416968,"{""type"":""Point"",""coordinates"":[127.79256626461658,-19.165523892236276]}"
791,360.0,-20.969945907592773,-15.194316864013672,5.775628089904785,337.5,-19.171792298689898,127.79529592248608,"Wolfe Creek, Австралия",2025-12-31,2023-01-01,10,Copernicus GLO-30 (~30 м),780,327,180,371.6875,457.5,0.0,"{""type"":""Point"",""coordinates"":[127.79245707830181,-19.16527315597813]}"
792,359.0,-20.848037719726562,-15.655250549316406,5.1927876472473145,337.5,-19.171792298689898,127.79529592248608,"Wolfe Creek, Австралия",2025-12-31,2023-01-01,10,Copernicus GLO-30 (~30 м),810,327,180,371.6875,457.5,0.0,"{""type"":""Point"",""coordinates"":[127.79234789198702,-19.16502241971999]}"
793,359.0,-21.410282135009766,-15.452693939208984,5.957588195800781,337.5,-19.171792298689898,127.79529592248608,"Wolfe Creek, Австралия",2025-12-31,2023-01-01,10,Copernicus GLO-30 (~30 м),840,327,180,371.6875,457.5,0.0,"{""type"":""Point"",""coordinates"":[127.79223870567225,-19.164771683461844]}"
794,359.0,-21.725231170654297,-16.16246223449707,5.562769889831543,337.5,-19.171792298689898,127.79529592248608,"Wolfe Creek, Австралия",2025-12-31,2023-01-01,10,Copernicus GLO-30 (~30 м),870,327,190,371.6875,457.5,3.0334278669804533,"{""type"":""Point"",""coordinates"":[127.79212951935747,-19.16452094720369]}"
795,357.0,-21.600858688354492,-15.312246322631836,6.288612365722656,337.5,-19.171792298689898,127.79529592248608,"Wolfe Creek, Австралия",2025-12-31,2023-01-01,10,Copernicus GLO-30 (~30 м),900,327,180,371.6875,457.5,3.033423191832496,"{""type"":""Point"",""coordinates"":[127.79202033304269,-19.16427021094555]}"
796,356.0,-21.872024536132812,-15.182345390319824,6.689679145812988,337.5,-19.171792298689898,127.79529592248608,"Wolfe Creek, Австралия",2025-12-31,2023-01-01,10,Copernicus GLO-30 (~30 м),930,327,180,371.6875,457.5,3.03341851647045,"{""type"":""Point"",""coordinates"":[127.79191114672791,-19.164019474687407]}"
797,356.0,-22.902359008789062,-15.897660255432129,7.004698753356934,337.5,-19.171792298689898,127.79529592248608,"Wolfe Creek, Австралия",2025-12-31,2023-01-01,10,Copernicus GLO-30 (~30 м),960,327,180,371.6875,457.5,3.0334138414397227,"{""type"":""Point"",""coordinates"":[127.79180196041312,-19.163768738429265]}"
798,355.0,-24.705625534057617,-16.148719787597656,8.556905746459961,337.5,-19.171792298689898,127.79529592248608,"Wolfe Creek, Австралия",2025-12-31,2023-01-01,10,Copernicus GLO-30 (~30 м),990,327,180,371.6875,457.5,3.0334091665501597,"{""type"":""Point"",""coordinates"":[127.79169277409835,-19.163518002171116]}"
799,354.0,-22.540925979614258,-15.150115966796875,7.390810012817383,337.5,-19.171792298689898,127.79529592248608,"Wolfe Creek, Австралия",2025-12-31,2023-01-01,10,Copernicus GLO-30 (~30 м),1020,327,180,371.6875,457.5,0.0,"{""type"":""Point"",""coordinates"":[127.79158358778356,-19.16326726591297]}"
800,352.0,-25.012531280517578,-16.09278106689453,8.919751167297363,337.5,-19.171792298689898,127.79529592248608,"Wolfe Creek, Австралия",2025-12-31,2023-01-01,10,Copernicus GLO-30 (~30 м),1050,327,199,371.6875,457.5,8.52431911790621,"{""type"":""Point"",""coordinates"":[127.79147440146879,-19.163016529654826]}"
801,354.0,-25.622331619262695,-17.076141357421875,8.546189308166504,337.5,-19.171792298689898,127.79529592248608,"Wolfe Creek, Австралия",2025-12-31,2023-01-01,10,Copernicus GLO-30 (~30 м),1080,327,180,371.6875,457.5,0.0,"{""type"":""Point"",""coordinates"":[127.791365215154,-19.16276579339668]}"
802,355.0,-23.38472557067871,-15.964341163635254,7.420383453369141,337.5,-19.171792298689898,127.79529592248608,"Wolfe Creek, Австралия",2025-12-31,2023-01-01,10,Copernicus GLO-30 (~30 м),1110,327,199,371.6875,457.5,6.049870905622354,"{""type"":""Point"",""coordinates"":[127.79125602883923,-19.162515057138535]}"
803,355.0,-24.450990676879883,-15.484243392944336,8.966747283935547,337.5,-19.171792298689898,127.79529592248608,"Wolfe Creek, Австралия",2025-12-31,2023-01-01,10,Copernicus GLO-30 (~30 м),1140,327,180,371.6875,457.5,0.0,"{""type"":""Point"",""coordinates"":[127.79114684252445,-19.16226432088039]}"
804,355.0,-24.15970802307129,-16.452665328979492,7.7070417404174805,337.5,-19.171792298689898,127.79529592248608,"Wolfe Creek, Австралия",2025-12-31,2023-01-01,10,Copernicus GLO-30 (~30 м),1170,327,180,371.6875,457.5,0.0,"{""type"":""Point"",""coordinates"":[127.79103765620967,-19.162013584622247]}"
805,355.0,-23.206832885742188,-16.519542694091797,6.687289714813232,337.5,-19.171792298689898,127.79529592248608,"Wolfe Creek, Австралия",2025-12-31,2023-01-01,10,Copernicus GLO-30 (~30 м),1200,327,190,371.6875,457.5,3.0333780024703567,"{""type"":""Point"",""coordinates"":[127.7909284698949,-19.161762848364106]}"
806,355.0,-23.287458419799805,-15.646346092224121,7.641111850738525,337.5,-19.171792298689898,127.79529592248608,"Wolfe Creek, Австралия",2025-12-31,2023-01-01,10,Copernicus GLO-30 (~30 м),1230,327,180,371.6875,457.5,3.033373328046523,"{""type"":""Point"",""coordinates"":[127.79081928358013,-19.16151211210596]}"
807,356.0,-21.191587448120117,-13.825873374938965,7.365713119506836,337.5,-19.171792298689898,127.79529592248608,"Wolfe Creek, Австралия",2025-12-31,2023-01-01,10,Copernicus GLO-30 (~30 м),1260,327,180,371.6875,457.5,0.0,"{""type"":""Point"",""coordinates"":[127.79071009726533,-19.16126137584781]}"
808,356.0,-19.94257926940918,-13.473320007324219,6.469258785247803,337.5,-19.171792298689898,127.79529592248608,"Wolfe Creek, Австралия",2025-12-31,2023-01-01,10,Copernicus GLO-30 (~30 м),1290,327,180,371.6875,457.5,3.0333639793552702,"{""type"":""Point"",""coordinates"":[127.79060091095054,-19.16101063958967]}"
809,355.0,-19.252193450927734,-14.040964126586914,5.211228847503662,337.5,-19.171792298689898,127.79529592248608,"Wolfe Creek, Австралия",2025-12-31,2023-01-01,10,Copernicus GLO-30 (~30 м),1320,327,180,371.6875,457.5,0.0,"{""type"":""Point"",""coordinates"":[127.79049172463577,-19.160759903331524]}"
810,355.0,-19.329084396362305,-13.345999717712402,5.983083724975586,337.5,-19.171792298689898,127.79529592248608,"Wolfe Creek, Австралия",2025-12-31,2023-01-01,10,Copernicus GLO-30 (~30 м),1350,327,190,371.6875,457.5,3.0333546308637223,"{""type"":""Point"",""coordinates"":[127.79038253832098,-19.16050916707338]}"
811,354.0,-20.822404861450195,-14.340888023376465,6.481516361236572,337.5,-19.171792298689898,127.79529592248608,"Wolfe Creek, Австралия",2025-12-31,2023-01-01,10,Copernicus GLO-30 (~30 м),1380,327,180,371.6875,457.5,0.0,"{""type"":""Point"",""coordinates"":[127.79027335200621,-19.160258430815233]}"
812,355.0,-21.591590881347656,-14.592613220214844,6.998978137969971,337.5,-19.171792298689898,127.79529592248608,"Wolfe Creek, Австралия",2025-12-31,2023-01-01,10,Copernicus GLO-30 (~30 м),1410,327,180,371.6875,457.5,0.0,"{""type"":""Point"",""coordinates"":[127.79016416569144,-19.160007694557088]}"
813,355.0,-22.42754364013672,-15.08946704864502,7.338075637817383,337.5,-19.171792298689898,127.79529592248608,"Wolfe Creek, Австралия",2025-12-31,2023-01-01,10,Copernicus GLO-30 (~30 м),1440,327,180,371.6875,457.5,0.0,"{""type"":""Point"",""coordinates"":[127.79005497937668,-19.15975695829894]}"
814,356.0,-22.909893035888672,-15.148225784301758,7.761668682098389,337.5,-19.171792298689898,127.79529592248608,"Wolfe Creek, Австралия",2025-12-31,2023-01-01,10,Copernicus GLO-30 (~30 м),1470,327,180,371.6875,457.5,3.0333359348945486,"{""type"":""Point"",""coordinates"":[127.78994579306188,-19.1595062220408]}"
815,355.0,-24.4229679107666,-16.446603775024414,7.976363658905029,337.5,-19.171792298689898,127.79529592248608,"Wolfe Creek, Австралия",2025-12-31,2023-01-01,10,Copernicus GLO-30 (~30 м),1500,327,180,371.6875,457.5,3.033331261005455,"{""type"":""Point"",""coordinates"":[127.78983660674709,-19.15925548578265]}"
